time,symbol,price,Last digit,price_delta,step_volatility,next_digit,h3_signal,target_digit,correct_prediction
1786201288,R_100,604.89,9,-0.2300000000000182,0.14006347767272412,5,1,3,0
1786201294,R_100,604.79,9,-0.10000000000002274,0.1232702541392522,1,1,3,0
1786201406,R_100,606.93,3,-0.12000000000000455,0.10024414640709425,6,1,3,0
1786201414,R_100,606.83,3,-0.12999999999999545,0.06419588079551654,0,1,3,0
1786201418,R_100,606.74,4,-0.15999999999996817,0.07748835037889587,6,1,3,0
1786201426,R_100,606.74,4,-0.11000000000001364,0.09825703254446524,6,1,3,0
1786201428,R_100,606.46,6,-0.2799999999999727,0.12605113600791554,1,1,3,0
1786201430,R_100,606.31,1,-0.15000000000009095,0.12529520696694085,2,1,3,0
1786201542,R_100,606.96,6,-0.15999999999996817,0.13144073442681822,3,1,3,1
1786201588,R_100,608.0,0,-0.13999999999998636,0.08372574275572665,5,1,3,0
1786201592,R_100,608.04,4,-0.11000000000001364,0.09077444574327322,7,1,3,0
1786201610,R_100,608.73,3,-0.12999999999999545,0.14535779610635594,8,1,3,0
1786201626,R_100,608.93,3,-0.12999999999999545,0.11469767022723974,6,1,3,0
1786201636,R_100,609.3,0,-0.12000000000000455,0.11146000777557516,3,1,3,1
1786201706,R_100,610.21,1,-0.2899999999999636,0.1288797889507693,7,1,3,0
1786201714,R_100,610.01,1,-0.15999999999996817,0.11213087591439544,5,1,3,0
1786201718,R_100,609.92,2,-0.2300000000000182,0.13331666562485364,6,1,3,0
1786201720,R_100,609.76,6,-0.15999999999996817,0.1368697677842994,5,1,3,0
1786201724,R_100,609.6,0,-0.14999999999997726,0.1325812120089912,2,1,3,0
1786201732,R_100,609.75,5,-0.13999999999998636,0.14436065946093585,6,1,3,0
1786201746,R_100,610.11,1,-0.15999999999996817,0.12296792716440118,7,1,3,0
1786201752,R_100,610.11,1,-0.16999999999995907,0.12615686884015737,5,1,3,0
1786201756,R_100,609.81,1,-0.2400000000000091,0.1445337330867703,0,1,3,0
1786201770,R_100,609.29,9,-0.19000000000005457,0.13067772062086114,2,1,3,0
1786201836,R_100,609.86,6,-0.16999999999995907,0.11652848960184961,3,1,3,1
1786201840,R_100,609.81,1,-0.12000000000000455,0.12284136111260796,0,1,3,0
1786201842,R_100,609.7,0,-0.10999999999989996,0.12901765598378861,1,1,3,0
1786201848,R_100,609.69,9,-0.16999999999995907,0.13548267621931107,6,1,3,0
1786201854,R_100,609.66,6,-0.14999999999997726,0.11547486498989316,0,1,3,0
1786201862,R_100,609.4,0,-0.14999999999997726,0.10317191693691512,9,1,3,0
1786201864,R_100,609.19,9,-0.2099999999999227,0.10454132622500513,9,1,3,0
1786201868,R_100,609.23,3,-0.15999999999996817,0.1290305734656624,8,1,3,0
1786201874,R_100,609.21,1,-0.12999999999999545,0.1357489512952989,8,1,3,0
1786201896,R_100,609.16,6,-0.12999999999999545,0.11802071381280609,8,1,3,0
1786201910,R_100,608.83,3,-0.34999999999990905,0.13535549900575075,2,1,3,0
1786201914,R_100,608.75,5,-0.16999999999995907,0.14198591479433137,2,1,3,0
1786201982,R_100,608.27,7,-0.17000000000007276,0.1308136927933168,5,1,3,0
1786201988,R_100,607.87,7,-0.11000000000001364,0.12263767773405648,1,1,3,0
1786202002,R_100,608.0,0,-0.11000000000001364,0.12347289401144003,2,1,3,0
1786202064,R_100,608.91,1,-0.16000000000008185,0.11650464940650648,8,1,3,0
1786202066,R_100,608.78,8,-0.12999999999999545,0.12175111224679853,1,1,3,0
1786202092,R_100,608.26,6,-0.18000000000006366,0.10053191864610818,6,1,3,0
1786202104,R_100,608.11,1,-0.11000000000001364,0.07578478299326766,1,1,3,0
1786202106,R_100,607.91,1,-0.20000000000004547,0.0889506729723093,5,1,3,0
1786202118,R_100,608.16,6,-0.12000000000000455,0.12375603240069266,5,1,3,0
1786202120,R_100,608.05,5,-0.11000000000001364,0.12347289401144208,9,1,3,0
1786202128,R_100,608.35,5,-0.12999999999999545,0.1347425528760575,5,1,3,0
1786202158,R_100,607.84,4,-0.12999999999999545,0.1422087667246312,9,1,3,0
1786202190,R_100,606.91,1,-0.12000000000000455,0.1279279311001209,7,1,3,0
1786202204,R_100,607.15,5,-0.18000000000006366,0.10254538290707886,3,1,3,1
1786202206,R_100,606.83,3,-0.31999999999993634,0.143561833368061,7,1,3,0
1786202214,R_100,606.18,8,-0.2300000000000182,0.14448760039071654,1,1,3,0
1786202220,R_100,605.46,6,-0.2300000000000182,0.1363166248930147,9,1,3,0
1786202272,R_100,605.27,7,-0.19000000000005457,0.11858424103657209,1,1,3,0
1786202280,R_100,605.28,8,-0.17000000000007276,0.14358891941156177,2,1,3,0
1786202302,R_100,605.6,0,-0.11000000000001364,0.1376630346574791,4,1,3,0
1786202316,R_100,605.9,0,-0.19000000000005457,0.1418919776919722,6,1,3,0
1786202350,R_100,606.29,9,-0.11000000000001364,0.11914510294409356,7,1,3,0
1786202352,R_100,606.17,7,-0.12000000000000455,0.10598217879541258,4,1,3,0
1786202356,R_100,605.83,3,-0.30999999999994543,0.13491149362121616,6,1,3,0
1786202360,R_100,605.37,7,-0.18999999999994088,0.1384838538522703,1,1,3,0
1786202398,R_100,605.88,8,-0.22000000000002728,0.12377847596054047,3,1,3,1
1786202400,R_100,605.63,3,-0.25,0.13524052647044865,5,1,3,0
1786202412,R_100,605.64,4,-0.12000000000000455,0.1175868473370497,8,1,3,0
1786202422,R_100,605.8,0,-0.19000000000005457,0.12376052143825929,1,1,3,0
1786202444,R_100,606.1,0,-0.14999999999997726,0.0893743686846496,2,1,3,0
1786202456,R_100,606.21,1,-0.14999999999997726,0.09652288157046805,0,1,3,0
1786202480,R_100,606.89,9,-0.21000000000003638,0.12999572642548923,9,1,3,0
1786202488,R_100,606.87,7,-0.2400000000000091,0.14399459866414122,9,1,3,0
1786202502,R_100,607.08,8,-0.12999999999999545,0.1426300576082695,9,1,3,0
1786202510,R_100,607.08,8,-0.14999999999997726,0.11948500603284402,3,1,3,1
1786202542,R_100,606.65,5,-0.14999999999997726,0.14033293744994726,4,1,3,0
1786202566,R_100,605.83,3,-0.12999999999999545,0.13639811012051264,3,1,3,1
1786202568,R_100,605.73,3,-0.10000000000002274,0.08543353491975803,0,1,3,0
1786202570,R_100,605.5,0,-0.2300000000000182,0.0973481723848212,2,1,3,0
1786202578,R_100,605.39,9,-0.21000000000003638,0.11803954139751316,5,1,3,0
1786202628,R_100,605.68,8,-0.14000000000010004,0.14353087163081238,1,1,3,0
1786202664,R_100,605.96,6,-0.11000000000001364,0.12576874722194686,1,1,3,0
1786202716,R_100,605.62,2,-0.13999999999998636,0.14001587211613556,0,1,3,0
1786202728,R_100,605.76,6,-0.12000000000000455,0.0897465567275322,3,1,3,1
1786202736,R_100,605.92,2,-0.19000000000005457,0.11450376024881026,9,1,3,0
1786202740,R_100,605.93,3,-0.16000000000008185,0.13750151514320724,7,1,3,0
1786202776,R_100,604.74,4,-0.2699999999999818,0.14356183336805736,0,1,3,0
1786202790,R_100,604.73,3,-0.10000000000002274,0.1074140483259862,1,1,3,0
1786202822,R_100,605.36,6,-0.17999999999994998,0.11849050594875798,1,1,3,0
1786202828,R_100,605.22,2,-0.10000000000002274,0.09859569519562726,9,1,3,0
1786202832,R_100,605.07,7,-0.12000000000000455,0.10415799963942947,1,1,3,0
1786202834,R_100,604.91,1,-0.16000000000008185,0.09924716620640094,2,1,3,0
1786202844,R_100,605.14,4,-0.13999999999998636,0.11274849099755346,0,1,3,0
1786202858,R_100,605.73,3,-0.12999999999999545,0.13236733400317027,8,1,3,0
1786202870,R_100,606.05,5,-0.11000000000001364,0.1214221286806378,3,1,3,1
1786202876,R_100,605.92,2,-0.13999999999998636,0.1293745638747446,4,1,3,0
1786202886,R_100,605.19,9,-0.2299999999999045,0.1181383369895839,8,1,3,0
1786202896,R_100,605.02,2,-0.19000000000005457,0.1351542328847471,7,1,3,0
1786202898,R_100,604.87,7,-0.14999999999997726,0.13638589043998792,6,1,3,0
1786202900,R_100,604.66,6,-0.21000000000003638,0.11264990013309839,1,1,3,0
1786202968,R_100,605.26,6,-0.12999999999999545,0.12979042936809396,0,1,3,0
1786202972,R_100,605.1,0,-0.10000000000002274,0.12249263016379362,2,1,3,0
1786202996,R_100,605.48,8,-0.10000000000002274,0.08994442728707736,6,1,3,0
1786202998,R_100,605.36,6,-0.12000000000000455,0.10178408520000078,7,1,3,0
1786203002,R_100,605.16,6,-0.11000000000001364,0.07242620765687778,2,1,3,0
1786203006,R_100,605.0,0,-0.12000000000000455,0.07334090869965552,5,1,3,0
1786203008,R_100,604.85,5,-0.14999999999997726,0.07242620765686922,9,1,3,0
1786203012,R_100,604.58,8,-0.30999999999994543,0.097273954490507,3,1,3,1
1786203016,R_100,604.33,3,-0.1999999999999318,0.09489760563654838,7,1,3,0
1786203020,R_100,603.9,0,-0.37000000000000455,0.12631970023183497,4,1,3,0
1786203030,R_100,603.48,8,-0.12000000000000455,0.1442567156148923,8,1,3,0
1786203032,R_100,603.28,8,-0.20000000000004547,0.1337493509849211,0,1,3,0
1786203040,R_100,602.97,7,-0.17999999999994998,0.13191327117130114,9,1,3,0
1786203062,R_100,603.36,6,-0.17999999999994998,0.12649549838276725,2,1,3,0
1786203110,R_100,603.27,7,-0.14999999999997726,0.06928203230275545,1,1,3,0
1786203118,R_100,603.01,1,-0.25,0.0994652368083109,2,1,3,0
1786203138,R_100,603.47,7,-0.13999999999998636,0.11087530533592711,9,1,3,0
1786203140,R_100,603.29,9,-0.18000000000006366,0.12875903420301568,3,1,3,1
1786203144,R_100,603.08,8,-0.14999999999997726,0.13737620689997632,1,1,3,0
1786203246,R_100,605.38,8,-0.10000000000002274,0.0984829370443884,7,1,3,0
1786203264,R_100,605.71,1,-0.13999999999998636,0.14353087163085188,6,1,3,0
1786203314,R_100,605.38,8,-0.13999999999998636,0.1003549256943021,9,1,3,0
1786203326,R_100,605.59,9,-0.18999999999994088,0.1375378735718357,5,1,3,0
1786203334,R_100,605.47,7,-0.10000000000002274,0.1448715906510768,2,1,3,0
1786203338,R_100,605.22,2,-0.1999999999999318,0.13424687043731834,3,1,3,1
1786203376,R_100,605.72,2,-0.14999999999997726,0.1319932658214844,0,1,3,0
1786203378,R_100,605.6,0,-0.12000000000000455,0.11881357947080451,3,1,3,1
1786203390,R_100,605.32,2,-0.18999999999994088,0.11939197814108074,2,1,3,0
1786203392,R_100,605.12,2,-0.20000000000004547,0.12615686884015714,3,1,3,1
1786203394,R_100,604.83,3,-0.2899999999999636,0.14206414826485156,2,1,3,0
1786203426,R_100,604.62,2,-0.13999999999998636,0.12865112168616993,4,1,3,0
1786203428,R_100,604.44,4,-0.17999999999994998,0.13513778976370683,0,1,3,0
1786203442,R_100,604.41,1,-0.13999999999998636,0.1440254607120793,1,1,3,0
1786203476,R_100,603.53,3,-0.2799999999999727,0.14014278433082675,8,1,3,0
1786203480,R_100,603.48,8,-0.10000000000002274,0.10956479564369455,7,1,3,0
1786203496,R_100,604.02,2,-0.19000000000005457,0.11957796155181757,4,1,3,0
1786203500,R_100,603.84,4,-0.1999999999999318,0.13647954669715662,7,1,3,0
1786203506,R_100,603.83,3,-0.15999999999996817,0.1419076381939114,2,1,3,0
1786203542,R_100,604.29,9,-0.16000000000008185,0.10687999501000381,3,1,3,1
1786203622,R_100,604.95,5,-0.12999999999999545,0.14151953143571208,1,1,3,0
1786203650,R_100,605.73,3,-0.17999999999994998,0.11390054140928967,0,1,3,0
1786203680,R_100,605.67,7,-0.13999999999998636,0.13393198937434972,4,1,3,0
1786203686,R_100,605.72,2,-0.12000000000000455,0.14087425440995424,2,1,3,0
1786203694,R_100,605.57,7,-0.13999999999998636,0.134581656336336,3,1,3,1
1786203722,R_100,605.5,0,-0.11000000000001364,0.13742068419435763,6,1,3,0
1786203736,R_100,604.76,6,-0.2300000000000182,0.14166078419156772,3,1,3,1
1786203756,R_100,604.51,1,-0.12000000000000455,0.13898441159593805,1,1,3,0
1786203758,R_100,604.41,1,-0.10000000000002274,0.14101221381301418,9,1,3,0
1786203760,R_100,604.29,9,-0.12000000000000455,0.12560962454279476,9,1,3,0
1786203766,R_100,604.05,5,-0.19000000000005457,0.07472170590488583,0,1,3,0
1786203770,R_100,603.5,0,-0.5,0.14425671561491338,3,1,3,1
1786203774,R_100,603.29,9,-0.13999999999998636,0.13937957765278255,5,1,3,0
1786203826,R_100,602.24,4,-0.13999999999998636,0.11806307165615534,9,1,3,0
1786203832,R_100,602.15,5,-0.11000000000001364,0.10104454463253743,0,1,3,0
1786203912,R_100,600.68,8,-0.14000000000010004,0.13163923764931973,0,1,3,0
1786203920,R_100,600.43,3,-0.11000000000001364,0.08733078876700542,1,1,3,0
1786203950,R_100,601.04,4,-0.12000000000000455,0.13072447700749082,0,1,3,0
1786203952,R_100,600.9,0,-0.13999999999998636,0.1283051917196495,5,1,3,0
1786203982,R_100,600.86,6,-0.25,0.13737216279549444,0,1,3,0
1786204012,R_100,600.21,1,-0.12000000000000455,0.11820885471627032,5,1,3,0
1786204020,R_100,600.08,8,-0.17999999999994998,0.07717224601857013,9,1,3,0
1786204032,R_100,599.94,4,-0.14999999999997726,0.11215564581814998,6,1,3,0
1786204042,R_100,599.91,1,-0.13999999999998636,0.14257941257028584,0,1,3,0
1786204076,R_100,599.53,3,-0.2400000000000091,0.12799739580685696,9,1,3,0
1786204102,R_100,599.93,3,-0.11000000000001364,0.12384578223654862,3,1,3,1
1786204144,R_100,599.66,6,-0.17000000000007276,0.12211106056009825,1,1,3,0
1786204166,R_100,599.61,1,-0.22000000000002728,0.1380016102965692,9,1,3,0
1786204174,R_100,599.41,1,-0.18000000000006366,0.11429007928176321,0,1,3,0
1786204196,R_100,599.93,3,-0.22000000000002728,0.1426767909180174,0,1,3,0
1786204250,R_100,599.75,5,-0.21000000000003638,0.13984515246038778,9,1,3,0
1786204304,R_100,601.52,2,-0.22000000000002728,0.12903057346570332,8,1,3,0
1786204338,R_100,601.05,5,-0.15000000000009095,0.10668749796588657,0,1,3,0
1786204352,R_100,600.92,2,-0.2599999999999909,0.1262317093461165,8,1,3,0
1786204366,R_100,600.62,2,-0.12000000000000455,0.09312476696466185,4,1,3,0
1786204368,R_100,600.24,4,-0.37999999999999545,0.13589620221984944,8,1,3,0
1786204390,R_100,600.26,6,-0.14999999999997726,0.12154560186747415,1,1,3,0
1786204398,R_100,600.39,9,-0.13999999999998636,0.12174654911831582,5,1,3,0
1786204400,R_100,600.25,5,-0.13999999999998636,0.11508933728001733,6,1,3,0
1786204402,R_100,599.96,6,-0.2899999999999636,0.14487159065107877,3,1,3,1
1786204404,R_100,599.83,3,-0.12999999999999545,0.14523926619355004,7,1,3,0
1786204448,R_100,599.96,6,-0.1999999999999318,0.12882373832315683,3,1,3,1
1786204454,R_100,599.88,8,-0.14999999999997726,0.11905180945005556,7,1,3,0
1786204456,R_100,599.77,7,-0.11000000000001364,0.1222020185321499,6,1,3,0
1786204462,R_100,599.73,3,-0.22000000000002728,0.13148721948877573,9,1,3,0
1786204468,R_100,599.7,0,-0.16999999999995907,0.13259797216482136,4,1,3,0
1786204476,R_100,599.6,0,-0.18999999999994088,0.14360826345767838,7,1,3,0
1786204496,R_100,599.73,3,-0.17999999999994998,0.10198583779677219,6,1,3,0
1786204502,R_100,599.74,4,-0.22000000000002728,0.11824644697504792,6,1,3,0
1786204542,R_100,600.4,0,-0.2799999999999727,0.14032106042930065,0,1,3,0
1786204596,R_100,600.45,5,-0.16999999999995907,0.1408545348932699,6,1,3,0
1786204670,R_100,599.98,8,-0.11000000000001364,0.10163114133418011,2,1,3,0
1786204674,R_100,599.59,9,-0.32999999999992724,0.11804424782444735,7,1,3,0
1786204678,R_100,599.47,7,-0.10000000000002274,0.11905180945003976,8,1,3,0
1786204684,R_100,599.53,3,-0.11000000000001364,0.1375338342210734,0,1,3,0
1786204686,R_100,599.3,0,-0.2300000000000182,0.13353734392377797,1,1,3,0
1786204688,R_100,599.11,1,-0.18999999999994088,0.13571211359997,3,1,3,1
1786204712,R_100,599.59,9,-0.16999999999995907,0.13810221657243374,4,1,3,0
1786204736,R_100,599.62,2,-0.18999999999994088,0.12272824541330564,5,1,3,0
1786204740,R_100,599.64,4,-0.11000000000001364,0.11376877134492572,8,1,3,0
1786204752,R_100,599.52,2,-0.10000000000002274,0.10646334789233294,9,1,3,0
1786204762,R_100,599.48,8,-0.12999999999999545,0.11085526098877993,3,1,3,1
1786204776,R_100,599.54,4,-0.12999999999999545,0.1267587384671221,3,1,3,1
1786204806,R_100,599.59,9,-0.12999999999999545,0.1401943096007985,7,1,3,0
1786204810,R_100,599.42,2,-0.15000000000009095,0.11933147112142183,7,1,3,0
1786204812,R_100,599.27,7,-0.14999999999997726,0.08854377448471268,7,1,3,0
1786204814,R_100,599.17,7,-0.10000000000002274,0.06912950809091262,3,1,3,1
1786204826,R_100,599.45,5,-0.14999999999997726,0.11625642156697474,9,1,3,0
1786204830,R_100,599.28,8,-0.11000000000001364,0.11276327219248437,4,1,3,0
1786204840,R_100,599.13,3,-0.12000000000000455,0.09538809615927622,4,1,3,0
1786204844,R_100,599.01,1,-0.12999999999999545,0.07781031065639796,9,1,3,0
1786204846,R_100,598.79,9,-0.22000000000002728,0.08921883209279316,6,1,3,0
1786204848,R_100,598.46,6,-0.32999999999992724,0.1220245876862451,8,1,3,0
1786204850,R_100,598.28,8,-0.18000000000006366,0.12507775359528864,4,1,3,0
1786204852,R_100,598.14,4,-0.13999999999998636,0.1237380746217984,6,1,3,0
1786204870,R_100,598.06,6,-0.21000000000003638,0.12576874722195783,2,1,3,0
1786204876,R_100,598.04,4,-0.16000000000008185,0.12647353697735916,4,1,3,0
1786204882,R_100,597.88,8,-0.22000000000002728,0.1389804142876237,0,1,3,0
1786204914,R_100,597.85,5,-0.13999999999998636,0.10977249200050736,2,1,3,0
1786204916,R_100,597.72,2,-0.12999999999999545,0.11568155523774565,9,1,3,0
1786204944,R_100,597.71,1,-0.18999999999994088,0.13806600675843275,2,1,3,0
1786204948,R_100,597.57,7,-0.14999999999997726,0.09718253158073539,1,1,3,0
1786204950,R_100,597.41,1,-0.16000000000008185,0.0954579604968709,2,1,3,0
1786204956,R_100,597.35,5,-0.2799999999999727,0.137921072437184,7,1,3,0
1786204960,R_100,597.34,4,-0.12999999999999545,0.14433371824428815,6,1,3,0
1786205010,R_100,597.34,4,-0.12999999999999545,0.14071642090071235,1,1,3,0
1786205032,R_100,597.85,5,-0.13999999999998636,0.1360718764313599,2,1,3,0
1786205054,R_100,597.56,6,-0.11000000000001364,0.14190763819390254,8,1,3,0
1786205060,R_100,597.8,0,-0.10000000000002274,0.12712198865655178,9,1,3,0
1786205066,R_100,597.6,0,-0.12000000000000455,0.1211243621700888,4,1,3,0
1786205068,R_100,597.44,4,-0.15999999999996817,0.11883228143527098,5,1,3,0
1786205138,R_100,596.42,2,-0.16000000000008185,0.14400617270725022,5,1,3,0
1786205176,R_100,596.18,8,-0.11000000000001364,0.14088608479509934,8,1,3,0
1786205230,R_100,595.78,8,-0.2300000000000182,0.1386001443000561,7,1,3,0
1786205238,R_100,595.63,3,-0.15999999999996817,0.12129394965217158,6,1,3,0
1786205292,R_100,597.24,4,-0.12999999999999545,0.1207200618510898,2,1,3,0
1786205336,R_100,596.02,2,-0.11000000000001364,0.13283239230117025,8,1,3,0
1786205342,R_100,595.62,2,-0.32000000000005,0.10011104945122666,4,1,3,0
1786205376,R_100,596.02,2,-0.20000000000004547,0.11510864433223313,2,1,3,0
1786205378,R_100,595.82,2,-0.1999999999999318,0.12413702106945664,0,1,3,0
1786205392,R_100,595.8,0,-0.10000000000002274,0.12311241475441474,3,1,3,1
1786205396,R_100,595.63,3,-0.20000000000004547,0.10898012051133482,6,1,3,0
1786205418,R_100,596.32,2,-0.12999999999999545,0.1173977096123511,6,1,3,0
1786205512,R_100,595.74,4,-0.2400000000000091,0.103408574757274,9,1,3,0
1786205514,R_100,595.59,9,-0.14999999999997726,0.10801234497345365,2,1,3,0
1786205540,R_100,595.66,6,-0.16000000000008185,0.1309834595156035,2,1,3,0
1786205552,R_100,595.31,1,-0.13000000000010914,0.1359901957250156,5,1,3,0
1786205562,R_100,595.23,3,-0.13999999999998636,0.14043187355833642,9,1,3,0
1786205564,R_100,595.09,9,-0.13999999999998636,0.1426105808759335,6,1,3,0
1786205570,R_100,594.88,8,-0.2300000000000182,0.09651712571124257,1,1,3,0
1786205574,R_100,594.8,0,-0.21000000000003638,0.11900046685250015,5,1,3,0
1786205602,R_100,594.87,7,-0.22000000000002728,0.13638589044000538,0,1,3,0
1786205640,R_100,595.66,6,-0.12000000000000455,0.1432519148601878,5,1,3,0
1786205658,R_100,595.29,9,-0.15000000000009095,0.11327939893124865,2,1,3,0
1786205680,R_100,596.02,2,-0.13999999999998636,0.10519822558705638,1,1,3,0
1786205682,R_100,595.91,1,-0.11000000000001364,0.11916841490558565,9,1,3,0
1786205728,R_100,598.2,0,-0.14999999999997726,0.12851286144021273,0,1,3,0
1786205736,R_100,598.25,5,-0.16999999999995907,0.1415823278363105,7,1,3,0
1786205758,R_100,598.17,7,-0.17000000000007276,0.1310640216756009,5,1,3,0
1786205812,R_100,597.86,6,-0.22000000000002728,0.13451146171734749,9,1,3,0
1786205826,R_100,597.85,5,-0.15999999999996817,0.10562512327409815,1,1,3,0
1786205862,R_100,597.22,2,-0.10000000000002274,0.12385026802106297,1,1,3,0
1786205864,R_100,597.01,1,-0.21000000000003638,0.13846780612595538,9,1,3,0
1786205866,R_100,596.89,9,-0.12000000000000455,0.11614645926589784,6,1,3,0
1786205884,R_100,596.89,9,-0.21000000000003638,0.11103552984921856,6,1,3,0
1786205886,R_100,596.76,6,-0.12999999999999545,0.11215564581819534,2,1,3,0
1786205972,R_100,596.96,6,-0.14999999999997726,0.09055998625833027,6,1,3,0
1786205986,R_100,596.73,3,-0.15999999999996817,0.0868267751841901,5,1,3,0
1786205988,R_100,596.45,5,-0.2799999999999727,0.1162373051610679,7,1,3,0
1786205992,R_100,596.22,2,-0.14999999999997726,0.10834102536792081,6,1,3,0
1786205996,R_100,596.01,1,-0.14999999999997726,0.08999382694877629,0,1,3,0
1786205998,R_100,595.7,0,-0.30999999999994543,0.09475699915510953,8,1,3,0
1786206000,R_100,595.58,8,-0.12000000000000455,0.08745792639254385,3,1,3,1
1786206004,R_100,595.51,1,-0.12000000000000455,0.10325803708290925,8,1,3,0
1786206008,R_100,595.37,7,-0.11000000000001364,0.09354737361949943,9,1,3,0
1786206012,R_100,595.22,2,-0.16999999999995907,0.10317191693692107,5,1,3,0
1786206022,R_100,595.14,4,-0.22000000000002728,0.12059574342957537,4,1,3,0
1786206026,R_100,595.13,3,-0.11000000000001364,0.12886254520051596,3,1,3,1
1786206034,R_100,595.09,9,-0.18999999999994088,0.1368048082325776,6,1,3,0
1786206048,R_100,595.32,2,-0.13999999999998636,0.1061916506447864,0,1,3,0
1786206052,R_100,595.1,0,-0.1999999999999318,0.12117938952000569,6,1,3,0
1786206082,R_100,595.37,7,-0.12000000000000455,0.10447753612885498,1,1,3,0
1786206084,R_100,595.21,1,-0.15999999999996817,0.10822302075908814,5,1,3,0
1786206088,R_100,595.22,2,-0.12999999999999545,0.11717034133639384,2,1,3,0
1786206090,R_100,595.12,2,-0.10000000000002274,0.09746224340168412,5,1,3,0
1786206094,R_100,595.02,2,-0.12999999999999545,0.10422198531126525,7,1,3,0
1786206130,R_100,595.46,6,-0.2099999999999227,0.11489608831940926,3,1,3,1
1786206134,R_100,595.41,1,-0.12000000000000455,0.11360751148870982,7,1,3,0
1786206162,R_100,595.72,2,-0.17999999999994998,0.10788883167408075,4,1,3,0
1786206166,R_100,595.71,1,-0.12999999999999545,0.12247902314726945,5,1,3,0
1786206168,R_100,595.55,5,-0.16000000000008185,0.1320143089887576,3,1,3,1
1786206172,R_100,595.42,2,-0.11000000000001364,0.12973905434457075,7,1,3,0
1786206184,R_100,595.51,1,-0.11000000000001364,0.09695932709707727,3,1,3,1
1786206206,R_100,596.03,3,-0.13999999999998636,0.10614455552059235,2,1,3,0
1786206232,R_100,596.34,4,-0.2400000000000091,0.12771931029495345,3,1,3,1
1786206248,R_100,595.72,2,-0.25,0.14142135623732738,1,1,3,0
1786206250,R_100,595.61,1,-0.11000000000001364,0.13266917920570065,7,1,3,0
1786206276,R_100,596.05,5,-0.2300000000000182,0.13674388062684006,1,1,3,0
1786206278,R_100,595.91,1,-0.13999999999998636,0.14200547720265844,1,1,3,0
1786206324,R_100,596.89,9,-0.12000000000000455,0.08569325138731845,7,1,3,0
1786206334,R_100,597.17,7,-0.12000000000000455,0.10254538290706688,5,1,3,0
1786206336,R_100,596.95,5,-0.2199999999999136,0.13004700005082556,4,1,3,0
1786206340,R_100,596.92,2,-0.12000000000000455,0.13408537910183818,5,1,3,0
1786206348,R_100,596.93,3,-0.18000000000006366,0.13333333333332012,0,1,3,0
1786206352,R_100,596.78,8,-0.12000000000000455,0.12050357302216647,4,1,3,0
1786206384,R_100,597.16,6,-0.21000000000003638,0.1225833050079162,4,1,3,0
1786206386,R_100,597.04,4,-0.12000000000000455,0.12605554331324142,0,1,3,0
1786206392,R_100,596.97,7,-0.12999999999999545,0.13492384683384656,2,1,3,0
1786206452,R_100,597.7,0,-0.12999999999999545,0.1398610421493873,5,1,3,0
1786206482,R_100,598.71,1,-0.2300000000000182,0.1313011804973611,2,1,3,0
1786206488,R_100,598.58,8,-0.13999999999998636,0.12798003316491358,9,1,3,0
1786206492,R_100,598.39,9,-0.3000000000000682,0.1376953158244911,8,1,3,0
1786206494,R_100,598.28,8,-0.11000000000001364,0.12717442090821207,5,1,3,0
1786206512,R_100,598.57,7,-0.17999999999994998,0.11573917035970377,6,1,3,0
1786206518,R_100,598.75,5,-0.16999999999995907,0.13902837440206617,0,1,3,0
1786206540,R_100,598.93,3,-0.16000000000008185,0.14220876672460792,6,1,3,0
1786206582,R_100,599.7,0,-0.18999999999994088,0.12631530214328368,3,1,3,1
1786206596,R_100,600.11,1,-0.10000000000002274,0.11471704319759017,7,1,3,0
1786206610,R_100,600.42,2,-0.18000000000006366,0.1224563414264952,3,1,3,1
1786206614,R_100,600.13,3,-0.20000000000004547,0.14420664185661583,3,1,3,1
1786206620,R_100,599.8,0,-0.12999999999999545,0.13275290329533124,5,1,3,0
1786206646,R_100,599.52,2,-0.12000000000000455,0.13420134127495092,0,1,3,0
1786206656,R_100,599.51,1,-0.12999999999999545,0.09371943946338468,9,1,3,0
1786206658,R_100,599.29,9,-0.22000000000002728,0.11596934460834032,9,1,3,0
1786206682,R_100,598.79,9,-0.10000000000002274,0.1156094959575499,7,1,3,0
1786206692,R_100,599.19,9,-0.11999999999989086,0.12404748194855487,2,1,3,0
1786206706,R_100,598.88,8,-0.12000000000000455,0.1014834414516998,7,1,3,0
1786206710,R_100,599.05,5,-0.12000000000000455,0.12885823390236728,2,1,3,0
1786206712,R_100,598.92,2,-0.12999999999999545,0.12970479302372845,4,1,3,0
1786206740,R_100,600.47,7,-0.10000000000002274,0.14024185458621855,4,1,3,0
1786206760,R_100,599.99,9,-0.12000000000000455,0.12072006185112999,5,1,3,0
1786206766,R_100,600.0,0,-0.22000000000002728,0.11992590304945495,9,1,3,0
1786206768,R_100,599.89,9,-0.11000000000001364,0.12347289401144305,2,1,3,0
1786206782,R_100,599.99,9,-0.2400000000000091,0.13825901618180214,5,1,3,0
1786206824,R_100,601.08,8,-0.2199999999999136,0.12865112168615755,4,1,3,0
1786206834,R_100,601.18,8,-0.12999999999999545,0.1127435635018945,5,1,3,0
1786206840,R_100,601.04,4,-0.12000000000000455,0.1151617220356549,8,1,3,0
1786206856,R_100,601.46,6,-0.15999999999996817,0.13884043599278523,3,1,3,1
1786206874,R_100,601.52,2,-0.11000000000001364,0.10509255180290432,0,1,3,0
1786206902,R_100,601.97,7,-0.14999999999997726,0.1357325802205558,9,1,3,0
1786206906,R_100,601.67,7,-0.22000000000002728,0.1367885635245486,9,1,3,0
1786206928,R_100,602.04,4,-0.17000000000007276,0.14523926619355915,3,1,3,1
1786206964,R_100,602.56,6,-0.11000000000001364,0.1451589167468387,2,1,3,0
1786206974,R_100,602.54,4,-0.12999999999999545,0.133786729120978,7,1,3,0
1786207008,R_100,601.07,7,-0.2099999999999227,0.14214233867657977,1,1,3,0
1786207060,R_100,600.71,1,-0.11000000000001364,0.09380831519646572,0,1,3,0
1786207118,R_100,601.29,9,-0.12000000000000455,0.13013241119891164,0,1,3,0
1786207132,R_100,601.46,6,-0.12000000000000455,0.1218423389284194,6,1,3,0
1786207136,R_100,601.29,9,-0.2699999999999818,0.14069667926268858,0,1,3,0
1786207184,R_100,600.58,8,-0.12999999999999545,0.1338157937863299,4,1,3,0
1786207186,R_100,600.44,4,-0.13999999999998636,0.13118688958886093,1,1,3,0
1786207200,R_100,600.58,8,-0.15999999999996817,0.10027185270276333,6,1,3,0
1786207206,R_100,600.75,5,-0.19000000000005457,0.13584713631303422,9,1,3,0
1786207232,R_100,600.31,1,-0.32000000000005,0.11942454614621706,4,1,3,0
1786207238,R_100,600.15,5,-0.18000000000006366,0.13353734392383237,0,1,3,0
1786207240,R_100,600.0,0,-0.14999999999997726,0.13169408997119486,3,1,3,1
1786207266,R_100,600.81,1,-0.11000000000001364,0.10068653225623898,8,1,3,0
1786207282,R_100,601.19,9,-0.11999999999989086,0.1104737273945341,7,1,3,0
1786207284,R_100,600.97,7,-0.22000000000002728,0.1345155918265335,2,1,3,0
1786207286,R_100,600.82,2,-0.14999999999997726,0.13884043599277462,8,1,3,0
1786207292,R_100,600.72,2,-0.10000000000002274,0.10938718186128697,1,1,3,0
1786207296,R_100,600.48,8,-0.2300000000000182,0.09580651798750847,9,1,3,0
1786207316,R_100,600.72,2,-0.15999999999996817,0.12121606054205042,5,1,3,0
1786207332,R_100,600.94,4,-0.10999999999989996,0.13403565031570705,5,1,3,0
1786207370,R_100,601.39,9,-0.13999999999998636,0.14298795598077144,3,1,3,1
1786207390,R_100,601.36,6,-0.17999999999994998,0.13466419139638372,0,1,3,0
1786207392,R_100,601.2,0,-0.15999999999996817,0.14283245818478418,2,1,3,0
1786207410,R_100,601.35,5,-0.12999999999999545,0.09562077877393314,5,1,3,0
1786207414,R_100,601.23,3,-0.12000000000000455,0.08399074023036744,1,1,3,0
1786207416,R_100,601.01,1,-0.22000000000002728,0.10593499054714345,4,1,3,0
1786207420,R_100,600.67,7,-0.2700000000000955,0.11585431464657657,7,1,3,0
1786207482,R_100,600.05,5,-0.21000000000003638,0.13334999895846195,4,1,3,0
1786207484,R_100,599.94,4,-0.10999999999989996,0.12973905434456365,9,1,3,0
1786207488,R_100,599.75,5,-0.13999999999998636,0.1207614728849082,0,1,3,0
1786207516,R_100,599.72,2,-0.18999999999994088,0.12422649565299132,0,1,3,0
1786207518,R_100,599.6,0,-0.12000000000000455,0.1212939496521606,5,1,3,0
1786207522,R_100,599.44,4,-0.10999999999989996,0.0973253421376955,1,1,3,0
1786207526,R_100,599.42,2,-0.19000000000005457,0.12951190421474992,1,1,3,0
1786207544,R_100,598.96,6,-0.16999999999995907,0.14245857097574352,7,1,3,0
1786207556,R_100,598.98,8,-0.15999999999996817,0.12206100478401179,4,1,3,0
1786207584,R_100,598.02,2,-0.12000000000000455,0.14337596265294736,4,1,3,0
1786207596,R_100,598.23,3,-0.12999999999999545,0.10974718422105156,3,1,3,1
1786207600,R_100,598.21,1,-0.2199999999999136,0.13383655039718267,8,1,3,0
1786207602,R_100,598.08,8,-0.12999999999999545,0.14072826455421053,4,1,3,0
1786207624,R_100,597.73,3,-0.10000000000002274,0.11318127053535629,8,1,3,0
1786207678,R_100,596.4,0,-0.2400000000000091,0.11892574714222377,7,1,3,0
1786207696,R_100,596.85,5,-0.12000000000000455,0.13617390841617402,1,1,3,0
1786207700,R_100,596.69,9,-0.2199999999999136,0.13163923764928878,5,1,3,0
1786207702,R_100,596.55,5,-0.14000000000010004,0.14055841015986015,9,1,3,0
1786207712,R_100,596.37,7,-0.20000000000004547,0.13258121200901837,2,1,3,0
1786207714,R_100,596.22,2,-0.14999999999997726,0.10564615994493426,8,1,3,0
1786207718,R_100,596.18,8,-0.10000000000002274,0.10488618169764176,6,1,3,0
1786207732,R_100,596.51,1,-0.12000000000000455,0.13680480823261365,9,1,3,0
1786207734,R_100,596.39,9,-0.12000000000000455,0.1330872729536144,5,1,3,0
1786207740,R_100,596.22,2,-0.10000000000002274,0.09252026804977534,7,1,3,0
1786207748,R_100,596.53,3,-0.12000000000000455,0.12849989191521333,9,1,3,0
1786207756,R_100,596.39,9,-0.16999999999995907,0.13343329586141045,2,1,3,0
1786207856,R_100,597.23,3,-0.12000000000000455,0.10712920547948496,7,1,3,0
1786207858,R_100,597.07,7,-0.15999999999996817,0.1092194528867782,9,1,3,0
1786207864,R_100,596.93,3,-0.17000000000007276,0.07631076813487182,0,1,3,0
1786207888,R_100,597.26,6,-0.11000000000001364,0.1304692386051828,6,1,3,0
1786207898,R_100,597.65,5,-0.22000000000002728,0.14371654200002545,0,1,3,0
1786207916,R_100,597.67,7,-0.12000000000000455,0.134081235740805,7,1,3,0
1786207954,R_100,597.93,3,-0.11000000000001364,0.14298795598076322,2,1,3,0
1786207956,R_100,597.72,2,-0.2099999999999227,0.14485241531373153,9,1,3,0
1786207982,R_100,597.63,3,-0.16999999999995907,0.12656135973421007,9,1,3,0
1786208016,R_100,598.76,6,-0.14999999999997726,0.14053864632586782,0,1,3,0
1786208052,R_100,598.31,1,-0.21000000000003638,0.1363818169698803,1,1,3,0
1786208106,R_100,598.17,7,-0.17000000000007276,0.1403329374499528,5,1,3,0
1786208186,R_100,598.74,4,-0.12000000000000455,0.12249716550009651,8,1,3,0
1786208202,R_100,599.08,8,-0.17999999999994998,0.14032106042929704,9,1,3,0
1786208224,R_100,599.16,6,-0.17000000000007276,0.11076000080255223,9,1,3,0
1786208230,R_100,599.32,2,-0.12000000000000455,0.12149074038793299,0,1,3,0
1786208274,R_100,599.8,0,-0.19000000000005457,0.11067971810592986,7,1,3,0
1786208280,R_100,599.67,7,-0.16000000000008185,0.11616559062155715,5,1,3,0
1786208316,R_100,598.98,8,-0.18999999999994088,0.10585629672132787,9,1,3,0
1786208322,R_100,598.74,4,-0.16999999999995907,0.11033282980749864,6,1,3,0
1786208336,R_100,598.99,9,-0.15999999999996817,0.14255213471255632,2,1,3,0
1786208344,R_100,598.54,4,-0.25,0.13894843168118515,2,1,3,0
1786208350,R_100,598.67,7,-0.15000000000009095,0.13971796989334148,8,1,3,0
1786208384,R_100,598.18,8,-0.19000000000005457,0.08028421735031815,0,1,3,0
1786208388,R_100,597.91,1,-0.19000000000005457,0.09048634028280841,8,1,3,0
1786208392,R_100,597.78,8,-0.10000000000002274,0.06545566777940157,2,1,3,0
1786208396,R_100,597.48,8,-0.2400000000000091,0.07560129334580744,9,1,3,0
1786208430,R_100,597.51,1,-0.12999999999999545,0.13729530217748237,8,1,3,0
1786208442,R_100,597.55,5,-0.16000000000008185,0.1317615691736683,0,1,3,0
1786208514,R_100,599.31,1,-0.10000000000002274,0.1360596274514318,8,1,3,0
1786208558,R_100,598.82,2,-0.10999999999989996,0.10327955589882942,2,1,3,0
1786208560,R_100,598.72,2,-0.10000000000002274,0.03198958163735235,3,1,3,1
1786208562,R_100,598.43,3,-0.2900000000000773,0.07309810759066591,7,1,3,0
1786208568,R_100,598.12,2,-0.18999999999994088,0.07723700897599128,0,1,3,0
1786208570,R_100,597.9,0,-0.22000000000002728,0.07752418977326866,7,1,3,0
1786208582,R_100,597.94,4,-0.2199999999999136,0.1446413188238792,4,1,3,0
1786208590,R_100,597.89,9,-0.11000000000001364,0.12939603291188836,8,1,3,0
1786208592,R_100,597.78,8,-0.11000000000001364,0.13093255261138775,2,1,3,0
1786208600,R_100,597.85,5,-0.12999999999999545,0.12582615873584244,6,1,3,0
1786208604,R_100,597.65,5,-0.11000000000001364,0.11327939893123436,9,1,3,0
1786208606,R_100,597.39,9,-0.2599999999999909,0.1349444330085484,5,1,3,0
1786208608,R_100,597.25,5,-0.13999999999998636,0.12331080875395196,0,1,3,0
1786208618,R_100,597.53,3,-0.10000000000002274,0.1382630343463693,1,1,3,0
1786208652,R_100,598.27,7,-0.12000000000000455,0.10435516278556618,8,1,3,0
1786208662,R_100,598.72,2,-0.12000000000000455,0.1346971912600191,3,1,3,1
1786208700,R_100,598.83,3,-0.13999999999998636,0.12000462954035261,9,1,3,0
1786208704,R_100,598.73,3,-0.15999999999996817,0.10826408042888436,9,1,3,0
1786208708,R_100,598.68,8,-0.11000000000001364,0.09431036233863223,6,1,3,0
1786208712,R_100,598.71,1,-0.14999999999997726,0.11883228143527137,6,1,3,0
1786208746,R_100,599.35,5,-0.12000000000000455,0.1168855090343715,3,1,3,1
1786208748,R_100,599.13,3,-0.22000000000002728,0.14439144326757175,2,1,3,0
1786208752,R_100,598.97,7,-0.14999999999997726,0.14296852800530893,9,1,3,0
1786208754,R_100,598.79,9,-0.18000000000006366,0.11353413583588187,7,1,3,0
1786208764,R_100,598.58,8,-0.18999999999994088,0.10181137242743389,8,1,3,0
1786208784,R_100,598.88,8,-0.12000000000000455,0.1284955684492869,5,1,3,0
1786208790,R_100,599.05,5,-0.12999999999999545,0.10289692793166974,0,1,3,0
1786208794,R_100,598.81,1,-0.19000000000005457,0.1163376312482143,6,1,3,0
1786208796,R_100,598.66,6,-0.14999999999997726,0.12420860589257816,1,1,3,0
1786208866,R_100,599.43,3,-0.11000000000001364,0.12781931691952167,5,1,3,0
1786208876,R_100,599.38,8,-0.14999999999997726,0.1449291014408107,0,1,3,0
1786208886,R_100,598.88,8,-0.2799999999999727,0.12294985427672037,2,1,3,0
1786208918,R_100,599.19,9,-0.11999999999989086,0.08443274772790778,0,1,3,0
1786208922,R_100,599.3,0,-0.10000000000002274,0.11039826890749513,7,1,3,0
1786208926,R_100,599.02,2,-0.25,0.13785660827264914,0,1,3,0
1786208928,R_100,598.9,0,-0.12000000000000455,0.13517067400551336,6,1,3,0
1786208966,R_100,598.85,5,-0.2300000000000182,0.13769531582447292,3,1,3,1
1786208982,R_100,599.06,6,-0.21000000000003638,0.12875903420300897,2,1,3,0
1786208986,R_100,598.75,5,-0.2699999999999818,0.13638181696985702,5,1,3,0
1786209000,R_100,598.43,3,-0.34000000000003183,0.14206414826487737,9,1,3,0
1786209020,R_100,599.3,0,-0.10000000000002274,0.13375350462699628,2,1,3,0
1786209044,R_100,599.67,7,-0.18000000000006366,0.12001851708986698,8,1,3,0
1786209048,R_100,599.68,8,-0.10000000000002274,0.12550343067469003,9,1,3,0
1786209072,R_100,598.59,9,-0.10000000000002274,0.1318079410860209,2,1,3,0
1786209096,R_100,597.59,9,-0.14999999999997726,0.140459563180628,3,1,3,1
1786209108,R_100,597.3,0,-0.12999999999999545,0.1367235653914133,1,1,3,0
1786209116,R_100,597.35,5,-0.12999999999999545,0.10123679612122419,9,1,3,0
1786209124,R_100,597.36,6,-0.22000000000002728,0.12096372275283587,8,1,3,0
1786209178,R_100,598.31,1,-0.14000000000010004,0.11981930840507966,3,1,3,1
1786209208,R_100,599.37,7,-0.10000000000002274,0.09743373816771504,7,1,3,0
1786209214,R_100,599.14,4,-0.14999999999997726,0.08972179222464131,5,1,3,0
1786209222,R_100,599.18,8,-0.19000000000005457,0.10386422761364733,4,1,3,0
1786209226,R_100,598.88,8,-0.2599999999999909,0.12538385506560454,1,1,3,0
1786209272,R_100,598.53,3,-0.14999999999997726,0.13214470183183094,7,1,3,0
1786209280,R_100,598.19,9,-0.11999999999989086,0.14110673659011677,3,1,3,1
1786209296,R_100,598.12,2,-0.18999999999994088,0.13628401716023372,9,1,3,0
1786209298,R_100,597.89,9,-0.2300000000000182,0.12532624093405473,6,1,3,0
1786209302,R_100,597.71,1,-0.14999999999997726,0.12443650768339909,2,1,3,0
1786209314,R_100,597.47,7,-0.15999999999996817,0.09777525249264256,5,1,3,0
1786209318,R_100,597.42,2,-0.12999999999999545,0.08743886753357387,7,1,3,0
1786209324,R_100,597.13,3,-0.16999999999995907,0.08748968193131304,9,1,3,0
1786209328,R_100,597.15,5,-0.13999999999998636,0.1158974642613813,8,1,3,0
1786209338,R_100,596.93,3,-0.17000000000007276,0.10257246760758612,4,1,3,0
1786209340,R_100,596.64,4,-0.2899999999999636,0.12780627701502226,9,1,3,0
1786209348,R_100,596.5,0,-0.20000000000004547,0.13501028767387113,0,1,3,0
1786209350,R_100,596.4,0,-0.10000000000002274,0.13104706533661037,0,1,3,0
1786209450,R_100,597.18,8,-0.11000000000001364,0.14111067366509344,5,1,3,0
1786209454,R_100,597.07,7,-0.17999999999994998,0.1303158556056033,6,1,3,0
1786209462,R_100,596.99,9,-0.10000000000002274,0.11450861200022884,9,1,3,0
1786209540,R_100,598.6,0,-0.15999999999996817,0.13004272802085834,4,1,3,0
1786209548,R_100,598.39,9,-0.15999999999996817,0.11972654026755365,7,1,3,0
1786209590,R_100,597.87,7,-0.20000000000004547,0.14106342151275839,9,1,3,0
1786209596,R_100,597.81,1,-0.17000000000007276,0.11382735465024335,4,1,3,0
1786209614,R_100,598.16,6,-0.12999999999999545,0.1282185633986116,9,1,3,0
1786209620,R_100,597.92,2,-0.2400000000000091,0.1381987296934545,1,1,3,0
1786209622,R_100,597.81,1,-0.11000000000001364,0.14159409906095607,7,1,3,0
1786209624,R_100,597.67,7,-0.13999999999998636,0.12425779653606325,6,1,3,0
1786209630,R_100,597.61,1,-0.16999999999995907,0.13177843357526856,6,1,3,0
1786209740,R_100,599.51,1,-0.12000000000000455,0.08547904226574202,8,1,3,0
1786209744,R_100,599.39,9,-0.19000000000005457,0.1026807349668766,7,1,3,0
1786209746,R_100,599.27,7,-0.12000000000000455,0.10836666154005713,3,1,3,1
1786209748,R_100,599.03,3,-0.2400000000000091,0.1292026831506913,4,1,3,0
1786209762,R_100,599.3,0,-0.12999999999999545,0.14156270695349155,6,1,3,0
1786209764,R_100,599.16,6,-0.13999999999998636,0.13597793938723235,0,1,3,0
1786209778,R_100,599.53,3,-0.14999999999997726,0.11860766323377742,8,1,3,0
1786209780,R_100,599.28,8,-0.25,0.14439529078193525,2,1,3,0
1786209818,R_100,600.4,0,-0.13999999999998636,0.1286511216861939,9,1,3,0
1786209828,R_100,600.11,1,-0.10000000000002274,0.08881941729650253,4,1,3,0
1786209830,R_100,599.94,4,-0.16999999999995907,0.07469196000163492,9,1,3,0
1786209840,R_100,599.68,8,-0.18000000000006366,0.06261877602694332,7,1,3,0
1786209872,R_100,600.29,9,-0.11000000000001364,0.11640923980129367,5,1,3,0
1786209874,R_100,600.15,5,-0.13999999999998636,0.11761046816599627,1,1,3,0
1786209878,R_100,600.06,6,-0.15000000000009095,0.10286992865860664,4,1,3,0
1786209880,R_100,599.84,4,-0.2199999999999136,0.1173835119975979,2,1,3,0
1786209884,R_100,599.71,1,-0.11000000000001364,0.10454132622503788,1,1,3,0
1786209886,R_100,599.61,1,-0.10000000000002274,0.07809538327513559,3,1,3,1
1786209888,R_100,599.33,3,-0.2799999999999727,0.09831920802502103,0,1,3,0
1786209890,R_100,599.2,0,-0.12999999999999545,0.09428090415820817,4,1,3,0
1786209894,R_100,599.07,7,-0.16999999999995907,0.10860734577160996,3,1,3,1
1786209902,R_100,599.08,8,-0.12999999999999545,0.12500666648889974,7,1,3,0
1786209928,R_100,599.41,1,-0.18000000000006366,0.10819735055293359,3,1,3,1
1786209964,R_100,598.87,7,-0.17999999999994998,0.13008117123976995,3,1,3,1
1786209974,R_100,598.88,8,-0.21000000000003638,0.13030306553912172,6,1,3,0
1786209990,R_100,598.85,5,-0.17999999999994998,0.13840761058074633,3,1,3,1
1786210022,R_100,598.79,9,-0.19000000000005457,0.09018499505648528,7,1,3,0
1786210084,R_100,600.48,8,-0.12000000000000455,0.14116971661403432,3,1,3,1
1786210092,R_100,600.57,7,-0.10999999999989996,0.10850499220465547,3,1,3,1
1786210100,R_100,600.16,6,-0.21000000000003638,0.12443650768341769,4,1,3,0
1786210106,R_100,600.02,2,-0.17000000000007276,0.08211780156175409,5,1,3,0
1786210108,R_100,599.85,5,-0.16999999999995907,0.08337332373794705,5,1,3,0
1786210110,R_100,599.65,5,-0.20000000000004547,0.08907549856412629,9,1,3,0
1786210130,R_100,599.63,3,-0.13999999999998636,0.13530213104998845,9,1,3,0
1786210142,R_100,599.65,5,-0.15999999999996817,0.10606601717797097,5,1,3,0
1786210144,R_100,599.35,5,-0.2999999999999545,0.1331498737847093,8,1,3,0
1786210146,R_100,599.18,8,-0.17000000000007276,0.13752171545693756,8,1,3,0
1786210148,R_100,598.98,8,-0.1999999999999318,0.14387108426950682,2,1,3,0
1786210164,R_100,598.84,4,-0.2099999999999227,0.1407480017620145,0,1,3,0
1786210168,R_100,598.62,2,-0.17999999999994998,0.13184165586877694,5,1,3,0
1786210246,R_100,598.08,8,-0.15999999999996817,0.13236733400321157,7,1,3,0
1786210322,R_100,599.7,0,-0.14999999999997726,0.1408545348932763,5,1,3,0
1786210338,R_100,599.89,9,-0.12000000000000455,0.09463966751137816,1,1,3,0
1786210348,R_100,600.05,5,-0.12000000000000455,0.09117138927438359,9,1,3,0
1786210350,R_100,599.89,9,-0.15999999999996817,0.09743943988161177,7,1,3,0
1786210354,R_100,599.8,0,-0.17000000000007276,0.11292081788188155,2,1,3,0
1786210382,R_100,599.15,5,-0.2799999999999727,0.1396980871578038,0,1,3,0
1786210402,R_100,599.14,4,-0.13999999999998636,0.14098463273230655,1,1,3,0
1786210446,R_100,599.37,7,-0.12000000000000455,0.1194850060328263,1,1,3,0
1786210478,R_100,600.35,5,-0.12000000000000455,0.13628401716024033,6,1,3,0
1786210482,R_100,600.24,4,-0.12000000000000455,0.14190763819393273,8,1,3,0
1786210554,R_100,598.77,7,-0.12999999999999545,0.14039626459100277,4,1,3,0
1786210556,R_100,598.64,4,-0.12999999999999545,0.10723287224022607,1,1,3,0
1786210568,R_100,598.83,3,-0.11000000000001364,0.10692157042534677,7,1,3,0
1786210590,R_100,599.34,4,-0.11000000000001364,0.0900678756395468,8,1,3,0
1786210598,R_100,599.51,1,-0.20000000000004547,0.12841339493994697,6,1,3,0
1786210640,R_100,598.77,7,-0.17000000000007276,0.1402735422903111,3,1,3,1
1786210646,R_100,598.48,8,-0.18999999999994088,0.09868580895393071,8,1,3,0
1786210730,R_100,599.73,3,-0.13999999999998636,0.11845768114487362,6,1,3,0
1786210742,R_100,599.89,9,-0.22000000000002728,0.13166033740061608,8,1,3,0
1786210764,R_100,600.41,1,-0.25,0.12771931029495762,3,1,3,1
1786210788,R_100,600.77,7,-0.10000000000002274,0.10999494937899701,4,1,3,0
1786210816,R_100,599.77,7,-0.2400000000000091,0.12274635093014123,2,1,3,0
1786210900,R_100,600.28,8,-0.12000000000000455,0.13689006132254378,4,1,3,0
1786210956,R_100,600.07,7,-0.14999999999997726,0.0908967668414262,5,1,3,0
1786210962,R_100,599.92,2,-0.16000000000008185,0.09215928240461352,3,1,3,1
1786210966,R_100,599.62,2,-0.21000000000003638,0.10674996747332967,9,1,3,0
1786211026,R_100,598.0,0,-0.12999999999999545,0.136662601565578,0,1,3,0
1786211074,R_100,597.95,5,-0.12999999999999545,0.11179842972461877,2,1,3,0
1786211086,R_100,598.0,0,-0.12999999999999545,0.0960092588127716,2,1,3,0
1786211092,R_100,597.77,7,-0.18000000000006366,0.10027185270276924,2,1,3,0
1786211142,R_100,596.65,5,-0.13999999999998636,0.14512829573249195,3,1,3,1
1786211150,R_100,596.49,9,-0.12999999999999545,0.10726913193768876,1,1,3,0
1786211152,R_100,596.31,1,-0.18000000000006366,0.11047875612784369,6,1,3,0
1786211160,R_100,596.31,1,-0.11000000000001364,0.09174844836716008,9,1,3,0
1786211162,R_100,595.99,9,-0.31999999999993634,0.12384578223652999,8,1,3,0
1786211168,R_100,595.86,6,-0.12999999999999545,0.12703455347966322,1,1,3,0
1786211170,R_100,595.71,1,-0.14999999999997726,0.12813187650923213,3,1,3,1
1786211174,R_100,595.66,6,-0.17000000000007276,0.13662601021278628,1,1,3,0
1786211182,R_100,595.6,0,-0.18999999999994088,0.1241370210694583,4,1,3,0
1786211188,R_100,595.53,3,-0.19000000000005457,0.13581441586059603,8,1,3,0
1786211238,R_100,596.68,8,-0.14000000000010004,0.12158216243440326,9,1,3,0
1786211370,R_100,597.7,0,-0.13999999999998636,0.1291897828777463,5,1,3,0
1786211372,R_100,597.55,5,-0.15000000000009095,0.12445882853377532,1,1,3,0
1786211378,R_100,597.63,3,-0.12000000000000455,0.11249197502242954,8,1,3,0
1786211380,R_100,597.48,8,-0.14999999999997726,0.11548929724342225,0,1,3,0
1786211434,R_100,597.44,4,-0.11999999999989086,0.14360439485688456,9,1,3,0
1786211448,R_100,597.13,3,-0.11000000000001364,0.1279583265494057,3,1,3,1
1786211454,R_100,597.28,8,-0.20000000000004547,0.13777598565143737,9,1,3,0
1786211466,R_100,597.38,8,-0.15999999999996817,0.13785660827267462,8,1,3,0
1786211496,R_100,597.29,9,-0.10000000000002274,0.1404595631806233,4,1,3,0
1786211518,R_100,597.07,7,-0.13999999999998636,0.0878192588344021,2,1,3,0
1786211552,R_100,597.99,9,-0.2799999999999727,0.13224976370488345,3,1,3,1
1786211594,R_100,598.06,6,-0.11000000000001364,0.1043551627855649,5,1,3,0
1786211596,R_100,597.95,5,-0.10999999999989996,0.10629623177181682,9,1,3,0
1786211600,R_100,597.96,6,-0.12999999999999545,0.08612652191847948,8,1,3,0
1786211604,R_100,597.73,3,-0.14999999999997726,0.09204467514320688,1,1,3,0
1786211612,R_100,597.65,5,-0.2400000000000091,0.12647353697731625,4,1,3,0
1786211618,R_100,597.56,6,-0.16000000000008185,0.12165981715880109,6,1,3,0
1786211638,R_100,597.87,7,-0.11000000000001364,0.11454741861389368,2,1,3,0
1786211666,R_100,598.43,3,-0.10000000000002274,0.13736002976767475,5,1,3,0
1786211700,R_100,599.36,6,-0.2300000000000182,0.14468740250775686,7,1,3,0
1786211720,R_100,599.1,0,-0.1999999999999318,0.12130768959777968,3,1,3,1
1786211758,R_100,600.58,8,-0.11000000000001364,0.10250203250018709,5,1,3,0
1786211768,R_100,600.72,2,-0.11000000000001364,0.09106774035485428,6,1,3,0
1786211784,R_100,600.94,4,-0.18999999999994088,0.11778039829368987,3,1,3,1
1786211790,R_100,600.77,7,-0.12000000000000455,0.11249197502241177,8,1,3,0
1786211798,R_100,600.75,5,-0.13999999999998636,0.10008884941779608,3,1,3,1
1786211802,R_100,600.38,8,-0.35000000000002274,0.13930382462645266,9,1,3,0
1786211806,R_100,600.22,2,-0.16999999999995907,0.1387603849967572,6,1,3,0
1786211856,R_100,601.11,1,-0.2400000000000091,0.14416425816869666,9,1,3,0
1786211876,R_100,601.81,1,-0.10000000000002274,0.12018504251546078,9,1,3,0
1786211912,R_100,602.55,5,-0.11000000000001364,0.13235054464059778,5,1,3,0
1786211926,R_100,602.74,4,-0.12000000000000455,0.12165981715879587,8,1,3,0
1786211944,R_100,602.42,2,-0.2900000000000773,0.143077290689758,8,1,3,0
1786211988,R_100,603.34,4,-0.17999999999994998,0.11777568132306568,8,1,3,0
1786211990,R_100,603.18,8,-0.16000000000008185,0.13160969231449088,0,1,3,0
1786212004,R_100,602.69,9,-0.2199999999999136,0.11019679366177089,0,1,3,0
1786212054,R_100,603.58,8,-0.1999999999999318,0.14015864027750685,6,1,3,0
1786212056,R_100,603.46,6,-0.12000000000000455,0.14353087163083303,9,1,3,0
1786212078,R_100,603.44,4,-0.17999999999994998,0.13583077707206045,8,1,3,0
1786212130,R_100,602.83,3,-0.2899999999999636,0.13491149362123578,4,1,3,0
1786212132,R_100,602.64,4,-0.19000000000005457,0.10553567064162783,0,1,3,0
1786212134,R_100,602.4,0,-0.2400000000000091,0.11149987543590242,1,1,3,0
1786212146,R_100,602.28,8,-0.18000000000006366,0.13986104214938894,3,1,3,1
1786212150,R_100,602.11,1,-0.12000000000000455,0.1197961231055292,3,1,3,1
1786212152,R_100,601.93,3,-0.18000000000006366,0.11873874215643766,2,1,3,0
1786212154,R_100,601.82,2,-0.10999999999989996,0.10443498775156405,6,1,3,0
1786212174,R_100,602.7,0,-0.2099999999999227,0.14482172949294259,2,1,3,0
1786212184,R_100,602.51,1,-0.11000000000001364,0.11606990230985793,8,1,3,0
1786212192,R_100,602.46,6,-0.2799999999999727,0.12616127245182418,2,1,3,0
1786212194,R_100,602.32,2,-0.13999999999998636,0.11764352935881886,0,1,3,0
1786212196,R_100,602.1,0,-0.22000000000002728,0.12847827313077992,3,1,3,1
1786212220,R_100,602.76,6,-0.18000000000006366,0.13284912076824787,8,1,3,0
1786212226,R_100,602.36,6,-0.2300000000000182,0.1354662729653217,4,1,3,0
1786212228,R_100,602.14,4,-0.22000000000002728,0.13986104214939693,3,1,3,1
1786212264,R_100,602.37,7,-0.15999999999996817,0.14499425275964414,3,1,3,1
1786212272,R_100,601.93,3,-0.19000000000005457,0.10022751895339298,1,1,3,0
1786212286,R_100,601.85,5,-0.2099999999999227,0.10747609553342909,7,1,3,0
1786212318,R_100,602.63,3,-0.12999999999999545,0.13435028842547614,0,1,3,0
1786212342,R_100,602.55,5,-0.22000000000002728,0.11489125293077179,2,1,3,0
1786212364,R_100,602.85,5,-0.15999999999996817,0.12490440789306011,8,1,3,0
1786212366,R_100,602.68,8,-0.17000000000007276,0.13860014430009815,7,1,3,0
1786212394,R_100,602.95,5,-0.10999999999989996,0.13070747662028662,3,1,3,1
1786212404,R_100,603.03,3,-0.12999999999999545,0.1160507551796816,7,1,3,0
1786212406,R_100,602.87,7,-0.15999999999996817,0.1280668228352129,2,1,3,0
1786212426,R_100,603.03,3,-0.2400000000000091,0.13175735273600142,8,1,3,0
1786212436,R_100,602.63,3,-0.16999999999995907,0.1370320319406197,6,1,3,0
1786212476,R_100,603.86,6,-0.21000000000003638,0.13189221188365394,6,1,3,0
1786212482,R_100,603.85,5,-0.15999999999996817,0.13549907748763976,0,1,3,0
1786212484,R_100,603.7,0,-0.14999999999997726,0.1431432848582172,6,1,3,0
1786212538,R_100,604.03,3,-0.10000000000002274,0.11090035567521221,2,1,3,0
1786212568,R_100,603.96,6,-0.2599999999999909,0.13636552187248743,1,1,3,0
1786212576,R_100,604.09,9,-0.16999999999995907,0.14377451481784295,3,1,3,1
1786212594,R_100,604.13,3,-0.17999999999994998,0.13317073418902223,3,1,3,1
1786212642,R_100,604.36,6,-0.1999999999999318,0.14476033833738142,8,1,3,0
1786212690,R_100,604.71,1,-0.2199999999999136,0.13985706989634683,2,1,3,0
1786212700,R_100,604.83,3,-0.16999999999995907,0.14220876672455612,4,1,3,0
1786212748,R_100,604.41,1,-0.18000000000006366,0.14502490207623975,8,1,3,0
1786212766,R_100,603.56,6,-0.16000000000008185,0.12754519896013713,7,1,3,0
1786212768,R_100,603.37,7,-0.18999999999994088,0.12825322174857773,4,1,3,0
1786212770,R_100,603.14,4,-0.2300000000000182,0.12825322174857773,6,1,3,0
1786212790,R_100,603.12,2,-0.22000000000002728,0.11679041056524479,8,1,3,0
1786212792,R_100,602.88,8,-0.2400000000000091,0.13830722645215646,6,1,3,0
1786212796,R_100,602.74,4,-0.22000000000002728,0.129224180743743,6,1,3,0
1786212848,R_100,603.85,5,-0.12000000000000455,0.13141959941771905,7,1,3,0
1786212860,R_100,603.57,7,-0.12999999999999545,0.13334999895847666,4,1,3,0
1786212864,R_100,603.34,4,-0.1999999999999318,0.10296169730104479,8,1,3,0
1786212882,R_100,603.53,3,-0.14999999999997726,0.140984632732311,3,1,3,1
1786212918,R_100,603.47,7,-0.15999999999996817,0.14428367120980282,9,1,3,0
1786212922,R_100,603.06,6,-0.3300000000000409,0.14379383389656153,3,1,3,1
1786212926,R_100,602.9,0,-0.12999999999999545,0.14211106767441203,4,1,3,0
1786212938,R_100,602.92,2,-0.10000000000002274,0.1420680588075049,7,1,3,0
1786212940,R_100,602.77,7,-0.14999999999997726,0.14512829573250302,5,1,3,0
1786212992,R_100,602.13,3,-0.2699999999999818,0.13854802616982298,1,1,3,0
1786212998,R_100,601.9,0,-0.20000000000004547,0.12670613420211838,4,1,3,0
1786213012,R_100,602.38,8,-0.14999999999997726,0.13850391089545017,0,1,3,0
1786213020,R_100,602.3,0,-0.16000000000008185,0.14485241531374413,7,1,3,0
1786213026,R_100,602.3,0,-0.11000000000001364,0.1369062939872995,9,1,3,0
1786213028,R_100,602.19,9,-0.10999999999989996,0.10855106325290034,3,1,3,1
1786213036,R_100,602.09,9,-0.2599999999999909,0.12656135973423654,7,1,3,0
1786213114,R_100,603.27,7,-0.21000000000003638,0.14164117417693134,3,1,3,1
1786213142,R_100,603.13,3,-0.15999999999996817,0.06570134448141944,5,1,3,0
1786213152,R_100,603.07,7,-0.2399999999998954,0.10643725329451913,6,1,3,0
1786213166,R_100,602.75,5,-0.2300000000000182,0.11247221879198736,5,1,3,0
1786213168,R_100,602.65,5,-0.10000000000002274,0.09912954487267273,2,1,3,0
1786213178,R_100,603.05,5,-0.12000000000000455,0.13047349667014016,6,1,3,0
1786213240,R_100,604.05,5,-0.14000000000010004,0.11209618885386545,7,1,3,0
1786213292,R_100,602.79,9,-0.13999999999998636,0.12303567684934597,2,1,3,0
1786213296,R_100,602.81,1,-0.11000000000001364,0.12066482503197157,8,1,3,0
1786213308,R_100,602.52,2,-0.21000000000003638,0.12579083167437993,2,1,3,0
1786213310,R_100,602.42,2,-0.10000000000002274,0.10503438590396864,8,1,3,0
1786213312,R_100,602.18,8,-0.2400000000000091,0.11836384583141178,6,1,3,0
1786213342,R_100,602.99,9,-0.13999999999998636,0.14135848832745834,8,1,3,0
1786213400,R_100,602.31,1,-0.20000000000004547,0.1407282645542426,7,1,3,0
1786213404,R_100,602.27,7,-0.10000000000002274,0.1133529394806067,0,1,3,0
1786213412,R_100,602.11,1,-0.22000000000002728,0.10805862606322014,7,1,3,0
1786213418,R_100,602.1,0,-0.1999999999999318,0.13706851490323238,5,1,3,0
1786213422,R_100,601.92,2,-0.12999999999999545,0.1253661304605977,8,1,3,0
1786213518,R_100,602.66,6,-0.13999999999998636,0.12552556180580343,0,1,3,0
1786213524,R_100,602.85,5,-0.13999999999998636,0.1315759180937856,1,1,3,0
1786213526,R_100,602.71,1,-0.13999999999998636,0.13385315336840772,6,1,3,0
1786213530,R_100,602.54,4,-0.12000000000000455,0.134808506160901,6,1,3,0
1786213538,R_100,602.53,3,-0.16000000000008185,0.14024185458622299,2,1,3,0
1786213542,R_100,602.37,7,-0.14999999999997726,0.109117673484498,2,1,3,0
1786213548,R_100,602.54,4,-0.11000000000001364,0.1406176849949409,4,1,3,0
1786213566,R_100,602.66,6,-0.14999999999997726,0.1387603849967426,9,1,3,0
1786213570,R_100,602.37,7,-0.22000000000002728,0.13367040726269802,5,1,3,0
1786213572,R_100,602.25,5,-0.12000000000000455,0.11597413504742951,3,1,3,1
1786213574,R_100,602.13,3,-0.12000000000000455,0.11681419244062287,3,1,3,1
1786213642,R_100,603.28,8,-0.12999999999999545,0.0860813568666474,0,1,3,0
1786213654,R_100,603.34,4,-0.15999999999996817,0.11363195951062074,5,1,3,0
1786213658,R_100,603.0,0,-0.25,0.13649989824986503,9,1,3,0
1786213660,R_100,602.89,9,-0.11000000000001364,0.1364469778990344,1,1,3,0
1786213672,R_100,602.6,0,-0.16999999999995907,0.13613718571109176,9,1,3,0
1786213738,R_100,603.28,8,-0.25,0.1251843085658489,4,1,3,0
1786213740,R_100,603.14,4,-0.13999999999998636,0.13309979547525366,6,1,3,0
1786213748,R_100,603.0,0,-0.12999999999999545,0.09009254501160714,3,1,3,1
1786213750,R_100,602.73,3,-0.2699999999999818,0.11117553687750327,7,1,3,0
1786213756,R_100,602.49,9,-0.22000000000002728,0.11654279137821247,6,1,3,0
1786213758,R_100,602.36,6,-0.12999999999999545,0.10549354903922833,1,1,3,0
1786213762,R_100,602.12,2,-0.18999999999994088,0.10286992865859386,6,1,3,0
1786213776,R_100,602.19,9,-0.16999999999995907,0.13808210118138342,5,1,3,0
1786213782,R_100,602.07,7,-0.12000000000000455,0.125808496445113,5,1,3,0
1786213784,R_100,601.95,5,-0.12000000000000455,0.0958528965539379,4,1,3,0
1786213786,R_100,601.84,4,-0.11000000000001364,0.09786612170603294,0,1,3,0
1786213790,R_100,601.69,9,-0.10999999999989996,0.07583608053632536,9,1,3,0
1786213792,R_100,601.59,9,-0.10000000000002274,0.07644896627453797,3,1,3,1
1786213796,R_100,601.37,7,-0.15999999999996817,0.057503623074256195,3,1,3,1
1786213812,R_100,601.64,4,-0.12999999999999545,0.11345581616745236,3,1,3,1
1786213816,R_100,601.53,3,-0.10000000000002274,0.10243697249203891,5,1,3,0
1786213824,R_100,601.66,6,-0.13999999999998636,0.09979979959900034,6,1,3,0
1786213826,R_100,601.56,6,-0.10000000000002274,0.10415799963944142,4,1,3,0
1786213896,R_100,600.95,5,-0.2599999999999909,0.14377837884127173,5,1,3,0
1786213936,R_100,600.14,4,-0.2599999999999909,0.1265833059030043,4,1,3,0
1786213938,R_100,600.04,4,-0.10000000000002274,0.12920268315067607,7,1,3,0
1786213944,R_100,599.87,7,-0.13999999999998636,0.09582971007643303,6,1,3,0
1786213946,R_100,599.76,6,-0.11000000000001364,0.09666091936937674,1,1,3,0
1786213950,R_100,599.79,9,-0.12000000000000455,0.12066482503198084,1,1,3,0
1786213970,R_100,599.84,4,-0.15999999999996817,0.11088031585653932,3,1,3,1
1786213976,R_100,599.84,4,-0.10000000000002274,0.11568155523775313,2,1,3,0
1786213978,R_100,599.72,2,-0.12000000000000455,0.12336035739969664,6,1,3,0
1786214020,R_100,600.23,3,-0.16999999999995907,0.13149144458859666,3,1,3,1
1786214024,R_100,600.22,2,-0.2099999999999227,0.11624208455725345,9,1,3,0
1786214028,R_100,600.15,5,-0.13999999999998636,0.12332882874652656,6,1,3,0
1786214040,R_100,600.06,6,-0.17000000000007276,0.137521715456938,1,1,3,0
1786214044,R_100,599.73,3,-0.2799999999999727,0.12731849826321956,8,1,3,0
1786214048,R_100,599.68,8,-0.10000000000002274,0.12284136111262635,2,1,3,0
1786214056,R_100,599.66,6,-0.14999999999997726,0.14134276698078374,5,1,3,0
1786214064,R_100,599.69,9,-0.1999999999999318,0.133183248863277,1,1,3,0
1786214066,R_100,599.51,1,-0.18000000000006366,0.1423649457478235,2,1,3,0
1786214098,R_100,600.92,2,-0.12000000000000455,0.14112642086676966,3,1,3,1
1786214130,R_100,601.63,3,-0.10000000000002274,0.12771496040444497,0,1,3,0
1786214178,R_100,601.56,6,-0.16000000000008185,0.13375350462697297,0,1,3,0
1786214182,R_100,601.43,3,-0.17000000000007276,0.12065101187585646,5,1,3,0
1786214190,R_100,601.02,2,-0.2799999999999727,0.09562077877394591,2,1,3,0
1786214194,R_100,600.84,4,-0.2799999999999727,0.12936168074220225,0,1,3,0
1786214212,R_100,600.62,2,-0.12999999999999545,0.1390443574307423,9,1,3,0
1786214214,R_100,600.49,9,-0.12999999999999545,0.11796892246122592,8,1,3,0
1786214238,R_100,599.66,6,-0.14999999999997726,0.11143508324481545,8,1,3,0
1786214242,R_100,599.44,4,-0.2399999999998954,0.12374256431083275,0,1,3,0
1786214246,R_100,599.22,2,-0.17999999999994998,0.1071914175668788,4,1,3,0
1786214250,R_100,599.01,1,-0.3300000000000409,0.13408537910184506,3,1,3,1
1786214252,R_100,598.73,3,-0.2799999999999727,0.14331395217802104,3,1,3,1
1786214280,R_100,598.78,8,-0.18000000000006366,0.1316603374006477,7,1,3,0
1786214300,R_100,598.17,7,-0.3300000000000409,0.1395588286948126,1,1,3,0
1786214302,R_100,598.01,1,-0.15999999999996817,0.14151560573543573,2,1,3,0
1786214304,R_100,597.82,2,-0.18999999999994088,0.12278707858185677,9,1,3,0
1786214316,R_100,597.5,0,-0.13999999999998636,0.14408330923459903,7,1,3,0
1786214346,R_100,598.57,7,-0.14999999999997726,0.13962250694084286,2,1,3,0
1786214356,R_100,598.53,3,-0.12999999999999545,0.13447841627727125,4,1,3,0
1786214386,R_100,598.43,3,-0.10000000000002274,0.1265613597342466,1,1,3,0
1786214422,R_100,599.58,8,-0.17999999999994998,0.14245467115309546,3,1,3,1
1786214432,R_100,599.73,3,-0.22000000000002728,0.14025769933313353,6,1,3,0
1786214460,R_100,598.34,4,-0.11000000000001364,0.13266499161418982,4,1,3,0
1786214462,R_100,598.24,4,-0.10000000000002274,0.13042239071567832,3,1,3,1
1786214466,R_100,598.05,5,-0.18000000000006366,0.11207140580894805,6,1,3,0
1786214468,R_100,597.86,6,-0.18999999999994088,0.1126499001330835,1,1,3,0
1786214470,R_100,597.71,1,-0.14999999999997726,0.09577751997900476,1,1,3,0
1786214498,R_100,597.49,9,-0.37000000000000455,0.14437605218474522,5,1,3,0
1786214546,R_100,597.39,9,-0.11000000000001364,0.09264628073122229,8,1,3,0
1786214548,R_100,597.28,8,-0.11000000000001364,0.10078028907808356,0,1,3,0
1786214572,R_100,597.21,1,-0.2300000000000182,0.10119288512540751,0,1,3,0
1786214634,R_100,597.15,5,-0.13999999999998636,0.11357327541674848,9,1,3,0
1786214676,R_100,596.67,7,-0.18000000000006366,0.12799305536720124,6,1,3,0
1786214686,R_100,596.51,1,-0.19000000000005457,0.08771798244630821,5,1,3,0
1786214688,R_100,596.25,5,-0.2599999999999909,0.1073105565895616,7,1,3,0
1786214692,R_100,596.12,2,-0.14999999999997726,0.10946841249117828,3,1,3,1
1786214700,R_100,595.86,6,-0.22000000000002728,0.11510381787279451,7,1,3,0
1786214708,R_100,595.92,2,-0.12999999999999545,0.13671137480107834,2,1,3,0
1786214710,R_100,595.72,2,-0.1999999999999318,0.1447027604743176,8,1,3,0
1786214744,R_100,595.21,1,-0.25,0.08740709353363557,9,1,3,0
1786214752,R_100,594.97,7,-0.2300000000000182,0.10352133435513579,6,1,3,0
1786214754,R_100,594.86,6,-0.11000000000001364,0.09859569519564786,6,1,3,0
1786214756,R_100,594.76,6,-0.10000000000002274,0.09877021593353726,7,1,3,0
1786214760,R_100,594.64,4,-0.12999999999999545,0.09764447984626115,6,1,3,0
1786214762,R_100,594.46,6,-0.17999999999994998,0.10077477638554506,4,1,3,0
1786214768,R_100,594.46,6,-0.16999999999995907,0.11675710780171525,0,1,3,0
1786214776,R_100,594.58,8,-0.11000000000001364,0.1180207138128085,9,1,3,0
1786214780,R_100,594.58,8,-0.11000000000001364,0.122673912829442,7,1,3,0
1786214788,R_100,594.65,5,-0.18000000000006366,0.1231485101637726,4,1,3,0
1786214792,R_100,594.49,9,-0.14999999999997726,0.12384578223653422,3,1,3,1
1786214794,R_100,594.33,3,-0.15999999999996817,0.12980326994682428,9,1,3,0
1786214798,R_100,594.28,8,-0.11000000000001364,0.12440525176480381,5,1,3,0
1786214834,R_100,595.16,6,-0.10000000000002274,0.11532080856849297,0,1,3,0
1786214838,R_100,595.05,5,-0.15000000000009095,0.10911767348451361,9,1,3,0
1786214850,R_100,595.49,9,-0.15999999999996817,0.1443029221233471,4,1,3,0
1786214862,R_100,595.83,3,-0.1999999999999318,0.13974580097050637,8,1,3,0
1786214870,R_100,595.73,3,-0.14999999999997726,0.14190763819392738,4,1,3,0
1786214904,R_100,596.0,0,-0.10000000000002274,0.13065646218657795,2,1,3,0
1786214908,R_100,595.74,4,-0.17999999999994998,0.12810152223920762,7,1,3,0
1786214916,R_100,595.73,3,-0.16999999999995907,0.1220200347848166,4,1,3,0
1786214918,R_100,595.54,4,-0.19000000000005457,0.1320942424517075,7,1,3,0
1786214934,R_100,595.72,2,-0.17999999999994998,0.1274362585765864,0,1,3,0
1786214944,R_100,595.8,0,-0.11000000000001364,0.10667187487282882,5,1,3,0
1786214958,R_100,595.84,4,-0.2400000000000091,0.12913816889931773,0,1,3,0
1786214970,R_100,595.57,7,-0.12000000000000455,0.12749291919338168,1,1,3,0
1786214988,R_100,595.76,6,-0.12000000000000455,0.12028207587907169,0,1,3,0
1786215002,R_100,595.91,1,-0.19000000000005457,0.12498888839500928,9,1,3,0
1786215092,R_100,597.2,0,-0.15999999999996817,0.10011659869036557,9,1,3,0
1786215094,R_100,596.99,9,-0.21000000000003638,0.11510864433220057,0,1,3,0
1786215142,R_100,596.64,4,-0.2300000000000182,0.14017449443065608,8,1,3,0
1786215146,R_100,596.57,7,-0.2099999999999227,0.14281300905573938,1,1,3,0
1786215162,R_100,596.57,7,-0.16999999999995907,0.13638589043998703,9,1,3,0
1786215164,R_100,596.39,9,-0.18000000000006366,0.13560154046978162,3,1,3,1
1786215166,R_100,596.23,3,-0.15999999999996817,0.12937456387474291,7,1,3,0
1786215208,R_100,596.6,0,-0.2099999999999227,0.12330630334432321,9,1,3,0
1786215222,R_100,597.04,4,-0.22000000000002728,0.13890444357341378,1,1,3,0
1786215280,R_100,598.68,8,-0.10000000000002274,0.1066718748728523,2,1,3,0
1786215304,R_100,598.14,4,-0.13999999999998636,0.09043106644165828,4,1,3,0
1786215310,R_100,598.04,4,-0.22000000000002728,0.09603240193925534,5,1,3,0
1786215330,R_100,598.19,9,-0.11999999999989086,0.1405742192264166,4,1,3,0
1786215336,R_100,598.05,5,-0.15000000000009095,0.09870832453919877,6,1,3,0
1786215342,R_100,598.08,8,-0.16999999999995907,0.12242457995754666,8,1,3,0
1786215354,R_100,598.3,0,-0.17000000000007276,0.14321700705962714,1,1,3,0
1786215388,R_100,598.55,5,-0.15000000000009095,0.14053864632591323,6,1,3,0
1786215438,R_100,599.32,2,-0.15999999999996817,0.08896940797576927,2,1,3,0
1786215440,R_100,599.22,2,-0.10000000000002274,0.09189970378384617,6,1,3,0
1786215450,R_100,599.29,9,-0.21000000000003638,0.12931013537659825,7,1,3,0
1786215452,R_100,599.17,7,-0.12000000000000455,0.13121653012399184,9,1,3,0
1786215502,R_100,599.0,0,-0.17999999999994998,0.1126893468295973,0,1,3,0
1786215504,R_100,598.9,0,-0.10000000000002274,0.11898179132396718,4,1,3,0
1786215550,R_100,598.69,9,-0.25,0.1211060141638992,0,1,3,0
1786215574,R_100,597.42,2,-0.2400000000000091,0.12099586769804202,2,1,3,0
1786215578,R_100,597.39,9,-0.12999999999999545,0.11948500603284787,1,1,3,0
1786215586,R_100,597.5,0,-0.13999999999998636,0.12799739580684946,0,1,3,0
1786215598,R_100,597.71,1,-0.15999999999996817,0.12053584068189274,0,1,3,0
1786215602,R_100,597.59,9,-0.11000000000001364,0.11961047891664203,7,1,3,0
1786215606,R_100,597.47,7,-0.1999999999999318,0.1310682604175663,0,1,3,0
1786215668,R_100,597.19,9,-0.2099999999999227,0.1018495622638118,4,1,3,0
1786215678,R_100,597.15,5,-0.19000000000005457,0.1198888374008835,5,1,3,0
1786215680,R_100,597.05,5,-0.10000000000002274,0.12087183294714354,1,1,3,0
1786215734,R_100,597.91,1,-0.10000000000002274,0.13260216187278204,0,1,3,0
1786215768,R_100,598.35,5,-0.2599999999999909,0.1402418545861953,0,1,3,0
1786215830,R_100,598.71,1,-0.13999999999998636,0.1242041330498742,8,1,3,0
1786215832,R_100,598.58,8,-0.12999999999999545,0.1242041330498742,3,1,3,1
1786215834,R_100,598.43,3,-0.15000000000009095,0.1273839340995262,5,1,3,0
1786215836,R_100,598.25,5,-0.17999999999994998,0.12254704312133094,9,1,3,0
1786215840,R_100,597.96,6,-0.2300000000000182,0.11758684733705664,4,1,3,0
1786215842,R_100,597.84,4,-0.12000000000000455,0.09067647005824903,5,1,3,0
1786215866,R_100,598.61,1,-0.13999999999998636,0.11742136848878733,4,1,3,0
1786215876,R_100,598.97,7,-0.14999999999997726,0.13674388062682968,8,1,3,0
1786215890,R_100,599.04,4,-0.16000000000008185,0.1384035966135069,1,1,3,0
1786215896,R_100,599.13,3,-0.12000000000000455,0.12103259432439759,3,1,3,1
1786215946,R_100,599.95,5,-0.2099999999999227,0.12747112962894266,2,1,3,0
1786215954,R_100,600.08,8,-0.14999999999997726,0.1288582339023728,3,1,3,1
1786216008,R_100,600.8,0,-0.12000000000000455,0.11096045341570902,0,1,3,0
1786216014,R_100,600.48,8,-0.21000000000003638,0.09683892697554908,2,1,3,0
1786216018,R_100,600.57,7,-0.14999999999997726,0.13955882869479538,8,1,3,0
1786216024,R_100,600.55,5,-0.11000000000001364,0.1379573202922476,4,1,3,0
1786216036,R_100,600.8,0,-0.15000000000009095,0.13870832707522365,8,1,3,0
1786216038,R_100,600.68,8,-0.12000000000000455,0.13519122259479305,9,1,3,0
1786216052,R_100,600.96,6,-0.11000000000001364,0.1216050072068746,7,1,3,0
1786216054,R_100,600.77,7,-0.19000000000005457,0.1334832490531506,4,1,3,0
1786216156,R_100,600.99,9,-0.13999999999998636,0.11153474794877614,6,1,3,0
1786216162,R_100,601.0,0,-0.15999999999996817,0.14132704388518927,5,1,3,0
1786216226,R_100,600.1,0,-0.11000000000001364,0.1344164341804383,9,1,3,0
1786216244,R_100,599.67,7,-0.10000000000002274,0.12988884136488812,0,1,3,0
1786216290,R_100,599.93,3,-0.19000000000005457,0.09302926660167024,8,1,3,0
1786216300,R_100,599.96,6,-0.16999999999995907,0.10855106325290795,7,1,3,0
1786216316,R_100,599.94,4,-0.12999999999999545,0.10031062866027518,2,1,3,0
1786216320,R_100,599.86,6,-0.15999999999996817,0.0995545634870974,4,1,3,0
1786216340,R_100,600.45,5,-0.12999999999999545,0.10754327294420751,7,1,3,0
1786216344,R_100,600.23,3,-0.13999999999998636,0.09395034149307438,5,1,3,0
1786216352,R_100,600.08,8,-0.2099999999999227,0.10836666154003119,3,1,3,1
1786216396,R_100,600.57,7,-0.18999999999994088,0.10349986580770743,3,1,3,1
1786216398,R_100,600.43,3,-0.14000000000010004,0.11183320914049451,2,1,3,0
1786216500,R_100,601.98,8,-0.12999999999999545,0.1284955684493043,6,1,3,0
1786216502,R_100,601.86,6,-0.12000000000000455,0.1311699491330043,7,1,3,0
1786216504,R_100,601.67,7,-0.19000000000005457,0.14476033833739682,8,1,3,0
1786216510,R_100,601.39,9,-0.14999999999997726,0.13233375314794277,1,1,3,0
1786216514,R_100,601.19,9,-0.2199999999999136,0.13666260156554874,7,1,3,0
1786216526,R_100,601.01,1,-0.2599999999999909,0.12587913073878074,4,1,3,0
1786216536,R_100,601.06,6,-0.16000000000008185,0.13067772062088928,0,1,3,0
1786216540,R_100,600.84,4,-0.2599999999999909,0.14228297313610055,5,1,3,0
1786216552,R_100,600.29,9,-0.12000000000000455,0.12545030003068422,3,1,3,1
1786216554,R_100,600.03,3,-0.2599999999999909,0.10354279845125484,5,1,3,0
1786216562,R_100,600.03,3,-0.12999999999999545,0.10119288512539733,4,1,3,0
1786216568,R_100,599.7,0,-0.2099999999999227,0.10677078252029543,7,1,3,0
1786216572,R_100,599.56,6,-0.11000000000001364,0.10739853092309833,6,1,3,0
1786216576,R_100,599.55,5,-0.11000000000001364,0.09786612170600595,8,1,3,0
1786216580,R_100,599.22,2,-0.36000000000001364,0.12790621564255542,4,1,3,0
1786216586,R_100,599.25,5,-0.10000000000002274,0.14477568856683448,1,1,3,0
1786216676,R_100,601.98,8,-0.13999999999998636,0.10908202825804333,7,1,3,0
1786216700,R_100,601.68,8,-0.19000000000005457,0.13367040726271856,8,1,3,0
1786216708,R_100,601.5,0,-0.21000000000003638,0.12443650768342668,8,1,3,0
1786216716,R_100,601.44,4,-0.2799999999999727,0.13982528780987025,1,1,3,0
1786216718,R_100,601.31,1,-0.13000000000010914,0.14104372844383167,2,1,3,0
1786216722,R_100,601.3,0,-0.12000000000000455,0.14389811210252057,6,1,3,0
1786216724,R_100,601.16,6,-0.13999999999998636,0.13687382673267612,2,1,3,0
1786216734,R_100,601.02,2,-0.10000000000002274,0.1308943594405039,3,1,3,1
1786216744,R_100,601.31,1,-0.17000000000007276,0.14081114223593708,6,1,3,0
1786216772,R_100,601.37,7,-0.11000000000001364,0.13574895129530784,3,1,3,1
1786216774,R_100,601.13,3,-0.2400000000000091,0.14301903525210996,1,1,3,0
1786216834,R_100,601.56,6,-0.16000000000008185,0.12536169891783497,0,1,3,0
1786216836,R_100,601.4,0,-0.15999999999996817,0.13258540224662108,7,1,3,0
1786216838,R_100,601.27,7,-0.12999999999999545,0.11063453348754103,6,1,3,0
1786216840,R_100,601.06,6,-0.21000000000003638,0.1189957982451782,3,1,3,1
1786216848,R_100,601.18,8,-0.14000000000010004,0.12797569213639132,0,1,3,0
1786216852,R_100,601.0,0,-0.10000000000002274,0.12172829489394157,5,1,3,0
1786216868,R_100,600.99,9,-0.12999999999999545,0.07460265112953958,5,1,3,0
1786216894,R_100,601.49,9,-0.10000000000002274,0.08303279138055639,9,1,3,0
1786216900,R_100,601.38,8,-0.21000000000003638,0.11419281938898053,4,1,3,0
1786216912,R_100,601.15,5,-0.2799999999999727,0.12747112962898893,1,1,3,0
1786216920,R_100,600.72,2,-0.2799999999999727,0.12755826555386193,5,1,3,0
1786216922,R_100,600.55,5,-0.17000000000007276,0.13118688958885985,3,1,3,1
1786216926,R_100,600.56,6,-0.17000000000007276,0.1437010786320175,5,1,3,0
1786216978,R_100,601.94,4,-0.10999999999989996,0.1389804142876084,0,1,3,0
1786216986,R_100,602.21,1,-0.13999999999998636,0.13809819372862234,3,1,3,1
1786217018,R_100,602.4,0,-0.21000000000003638,0.11783227250820462,4,1,3,0
1786217022,R_100,602.17,7,-0.17000000000007276,0.13127155907593596,5,1,3,0
1786217026,R_100,602.04,4,-0.11000000000001364,0.13083067937861756,3,1,3,1
1786217028,R_100,601.83,3,-0.2099999999999227,0.14184890239657327,9,1,3,0
1786217042,R_100,601.73,3,-0.14999999999997726,0.09264028401412595,1,1,3,0
1786217044,R_100,601.61,1,-0.12000000000000455,0.09512564790257491,9,1,3,0
1786217050,R_100,601.67,7,-0.10000000000002274,0.09930872178323426,9,1,3,0
1786217060,R_100,601.87,7,-0.11000000000001364,0.1252064961041107,5,1,3,0
1786217064,R_100,601.74,4,-0.11000000000001364,0.11304374767713517,5,1,3,0
1786217146,R_100,601.29,9,-0.2900000000000773,0.13763478242559532,8,1,3,0
1786217200,R_100,603.39,9,-0.12000000000000455,0.11298475806743069,6,1,3,0
1786217258,R_100,604.17,7,-0.3100000000000591,0.1417391971192149,8,1,3,0
1786217342,R_100,603.73,3,-0.17999999999994998,0.1052826882466571,0,1,3,0
1786217352,R_100,604.06,6,-0.12000000000000455,0.12894443247639875,9,1,3,0
1786217370,R_100,604.29,9,-0.20000000000004547,0.1336205240389789,3,1,3,1
1786217380,R_100,604.12,2,-0.12999999999999545,0.12862088995701787,8,1,3,0
1786217382,R_100,603.98,8,-0.13999999999998636,0.13486206945534948,8,1,3,0
1786217390,R_100,604.1,0,-0.12999999999999545,0.11685223337377462,9,1,3,0
1786217392,R_100,603.99,9,-0.11000000000001364,0.11983321743154278,5,1,3,0
1786217398,R_100,603.85,5,-0.11000000000001364,0.1186029791643619,7,1,3,0
1786217414,R_100,604.11,1,-0.17999999999994998,0.14206414826484517,1,1,3,0
1786217424,R_100,604.08,8,-0.15999999999996817,0.13582668695393815,5,1,3,0
1786217426,R_100,603.95,5,-0.12999999999999545,0.14045956318059488,7,1,3,0
1786217430,R_100,603.75,5,-0.22000000000002728,0.13573258022056506,4,1,3,0
1786217512,R_100,603.78,8,-0.11000000000001364,0.13695498043762688,7,1,3,0
1786217514,R_100,603.67,7,-0.11000000000001364,0.13802173741843662,4,1,3,0
1786217522,R_100,603.95,5,-0.13999999999998636,0.1447027604743484,7,1,3,0
1786217570,R_100,604.16,6,-0.10000000000002274,0.13326664999166274,0,1,3,0
1786217578,R_100,604.13,3,-0.10000000000002274,0.1305926661204555,2,1,3,0
1786217590,R_100,604.48,8,-0.12999999999999545,0.12053584068190934,3,1,3,1
1786217596,R_100,604.19,9,-0.2199999999999136,0.13065646218657204,6,1,3,0
1786217602,R_100,603.95,5,-0.14999999999997726,0.11479934184867284,8,1,3,0
1786217634,R_100,604.07,7,-0.18999999999994088,0.12894443247643503,6,1,3,0
1786217638,R_100,603.93,3,-0.12999999999999545,0.11321562514855585,6,1,3,0
1786217640,R_100,603.76,6,-0.16999999999995907,0.1225878369895515,9,1,3,0
1786217644,R_100,603.55,5,-0.14000000000010004,0.12229745159514903,5,1,3,0
1786217652,R_100,603.86,6,-0.13999999999998636,0.14290634073483924,4,1,3,0
1786217668,R_100,603.04,4,-0.21000000000003638,0.14101221381302007,3,1,3,1
1786217670,R_100,602.93,3,-0.11000000000001364,0.11747813035248748,1,1,3,0
1786217672,R_100,602.71,1,-0.2199999999999136,0.12258783698956713,4,1,3,0
1786217674,R_100,602.44,4,-0.2699999999999818,0.11005049346146353,1,1,3,0
1786217676,R_100,602.21,1,-0.2300000000000182,0.10819735055290178,8,1,3,0
1786217694,R_100,602.32,2,-0.18999999999994088,0.12443650768340661,1,1,3,0
1786217704,R_100,602.22,2,-0.2799999999999727,0.13502674632168313,2,1,3,0
1786217808,R_100,602.23,3,-0.11000000000001364,0.06073622386094637,5,1,3,0
1786217812,R_100,601.92,2,-0.3300000000000409,0.11106054404893223,3,1,3,1
1786217842,R_100,602.19,9,-0.14999999999997726,0.09140872800533315,4,1,3,0
1786217860,R_100,603.11,1,-0.14999999999997726,0.13960659010231852,4,1,3,0
1786217882,R_100,602.86,6,-0.10000000000002274,0.13798550648526117,9,1,3,0
1786217886,R_100,602.68,8,-0.11000000000001364,0.11864512913163287,0,1,3,0
1786217958,R_100,603.25,5,-0.17999999999994998,0.14071247279468072,6,1,3,0
1786217964,R_100,603.13,3,-0.11000000000001364,0.1378606381660568,9,1,3,0
1786217968,R_100,602.96,6,-0.2300000000000182,0.1392400006383792,2,1,3,0
1786217970,R_100,602.72,2,-0.2400000000000091,0.13856807392437853,5,1,3,0
1786217974,R_100,602.62,2,-0.12999999999999545,0.12427567921538771,3,1,3,1
1786217986,R_100,602.33,3,-0.2699999999999818,0.12659647177811598,4,1,3,0
1786218046,R_100,603.4,0,-0.19000000000005457,0.13652838532701297,7,1,3,0
1786218048,R_100,603.27,7,-0.12999999999999545,0.13652838532701297,4,1,3,0
1786218110,R_100,604.33,3,-0.13999999999998636,0.12908223046654696,5,1,3,0
1786218114,R_100,604.31,1,-0.14000000000010004,0.14059002651523503,1,1,3,0
1786218118,R_100,604.24,4,-0.16999999999995907,0.11580155439370972,8,1,3,0
1786218120,R_100,604.08,8,-0.15999999999996817,0.12057270743322437,6,1,3,0
1786218124,R_100,603.94,4,-0.11999999999989086,0.1152822622956329,2,1,3,0
1786218132,R_100,604.07,7,-0.12999999999999545,0.12416834450766791,5,1,3,0
1786218140,R_100,604.27,7,-0.12999999999999545,0.1282748784620056,0,1,3,0
1786218158,R_100,604.07,7,-0.2399999999998954,0.1443029221233032,7,1,3,0
1786218160,R_100,603.97,7,-0.10000000000002274,0.1423610433603865,0,1,3,0
1786218174,R_100,603.75,5,-0.11000000000001364,0.1047801932088827,4,1,3,0
1786218180,R_100,603.69,9,-0.2799999999999727,0.13886844293953596,5,1,3,0
1786218182,R_100,603.55,5,-0.14000000000010004,0.13574895129534031,3,1,3,1
1786218184,R_100,603.43,3,-0.12000000000000455,0.13098345951559268,0,1,3,0
1786218204,R_100,603.44,4,-0.25,0.13947919000498124,9,1,3,0
1786218212,R_100,603.19,9,-0.2099999999999227,0.1296191001014501,6,1,3,0
1786218234,R_100,603.66,6,-0.2699999999999818,0.13999999999999077,0,1,3,0
1786218268,R_100,603.82,2,-0.10999999999989996,0.1154171179293098,3,1,3,1
1786218272,R_100,603.59,9,-0.13999999999998636,0.10002221975361823,8,1,3,0
1786218278,R_100,603.63,3,-0.19000000000005457,0.12728358539541113,2,1,3,0
1786218280,R_100,603.52,2,-0.11000000000001364,0.12929294902146277,2,1,3,0
1786218286,R_100,603.62,2,-0.12999999999999545,0.12905209972893478,5,1,3,0
1786218378,R_100,603.03,3,-0.20000000000004547,0.13283239230117966,8,1,3,0
1786218384,R_100,603.02,2,-0.14999999999997726,0.12363027317144334,4,1,3,0
1786218412,R_100,603.48,8,-0.12000000000000455,0.0662403032735914,6,1,3,0
1786218414,R_100,603.26,6,-0.22000000000002728,0.09993887020463946,0,1,3,0
1786218420,R_100,603.13,3,-0.2300000000000182,0.1325854022465902,6,1,3,0
1786218426,R_100,603.07,7,-0.14999999999997726,0.14080719678577786,5,1,3,0
1786218428,R_100,602.95,5,-0.12000000000000455,0.1358307770720669,5,1,3,0
1786218436,R_100,602.7,0,-0.18999999999994088,0.12229290885228622,2,1,3,0
1786218438,R_100,602.52,2,-0.18000000000006366,0.10319345371141532,7,1,3,0
1786218442,R_100,602.29,9,-0.18000000000006366,0.08932462644137852,4,1,3,0
1786218444,R_100,602.14,4,-0.14999999999997726,0.07435649863252967,9,1,3,0
1786218464,R_100,602.73,3,-0.21000000000003638,0.14161371559438435,9,1,3,0
1786218494,R_100,602.83,3,-0.12000000000000455,0.10122033173012901,9,1,3,0
1786218512,R_100,602.55,5,-0.12000000000000455,0.05120763831913882,8,1,3,0
1786218534,R_100,602.76,6,-0.18000000000006366,0.11083521301666897,5,1,3,0
1786218542,R_100,602.67,7,-0.10000000000002274,0.090798923145877,3,1,3,1
1786218550,R_100,602.75,5,-0.14999999999997726,0.10053191864612016,7,1,3,0
1786218566,R_100,603.17,7,-0.11000000000001364,0.10914312723311514,0,1,3,0
1786218570,R_100,603.16,6,-0.13999999999998636,0.1095901455423879,0,1,3,0
1786218596,R_100,602.21,1,-0.12000000000000455,0.1426573205661696,5,1,3,0
1786218632,R_100,602.31,1,-0.2800000000000864,0.1384878654932951,4,1,3,0
1786218660,R_100,602.4,0,-0.2599999999999909,0.12404748194856267,9,1,3,0
1786218686,R_100,602.24,4,-0.2599999999999909,0.14224001624798954,4,1,3,0
1786218738,R_100,602.12,2,-0.14999999999997726,0.11215564581817081,8,1,3,0
1786218746,R_100,602.2,0,-0.17999999999994998,0.11991200477387143,5,1,3,0
1786218764,R_100,602.43,3,-0.25,0.13802173741841134,2,1,3,0
1786218842,R_100,603.48,8,-0.16999999999995907,0.1392400006383883,6,1,3,0
1786218866,R_100,603.44,4,-0.17999999999994998,0.11606990230986211,1,1,3,0
1786218878,R_100,603.41,1,-0.14999999999997726,0.10883728936145166,9,1,3,0
1786218882,R_100,603.27,7,-0.12000000000000455,0.11118053386768868,7,1,3,0
1786218886,R_100,603.09,9,-0.2799999999999727,0.13550317749449586,3,1,3,1
1786218888,R_100,602.93,3,-0.16000000000008185,0.14109098719146707,3,1,3,1
1786218906,R_100,602.58,8,-0.12999999999999545,0.1394791900049755,0,1,3,0
1786218936,R_100,603.53,3,-0.14999999999997726,0.1395389232834852,2,1,3,0
1786218944,R_100,603.71,1,-0.11000000000001364,0.12320263344950262,6,1,3,0
1786218958,R_100,603.64,4,-0.12999999999999545,0.11282237760696955,0,1,3,0
1786218960,R_100,603.5,0,-0.13999999999998636,0.11374923687167943,4,1,3,0
1786218962,R_100,603.34,4,-0.15999999999996817,0.1013026269265444,2,1,3,0
1786218964,R_100,603.22,2,-0.12000000000000455,0.10202940752545954,7,1,3,0
1786218968,R_100,603.15,5,-0.12000000000000455,0.10195859726159458,4,1,3,0
1786219018,R_100,604.75,5,-0.13999999999998636,0.10499206319209411,7,1,3,0
1786219020,R_100,604.57,7,-0.17999999999994998,0.11236844159578784,8,1,3,0
1786219044,R_100,605.35,5,-0.11000000000001364,0.0959166304662589,5,1,3,0
1786219046,R_100,605.25,5,-0.10000000000002274,0.10700467279517145,3,1,3,1
1786219126,R_100,603.96,6,-0.12000000000000455,0.09859569519562424,7,1,3,0
1786219178,R_100,603.45,5,-0.16999999999995907,0.13491149362124336,7,1,3,0
1786219182,R_100,603.25,5,-0.22000000000002728,0.13062244149544053,5,1,3,0
1786219188,R_100,602.86,6,-0.35000000000002274,0.14205241599104176,6,1,3,0
1786219212,R_100,602.81,1,-0.15000000000009095,0.12890995996343912,6,1,3,0
1786219228,R_100,603.22,2,-0.17999999999994998,0.1318458696104557,7,1,3,0
1786219236,R_100,603.25,5,-0.10000000000002274,0.12833982667555718,7,1,3,0
1786219246,R_100,602.72,2,-0.11000000000001364,0.11545080722491777,8,1,3,0
1786219268,R_100,603.81,1,-0.12000000000000455,0.13727911551126568,4,1,3,0
1786219298,R_100,603.47,7,-0.17999999999994998,0.14437990010923954,3,1,3,1
1786219306,R_100,602.84,4,-0.14999999999997726,0.13874036503083997,7,1,3,0
1786219324,R_100,602.45,5,-0.16999999999995907,0.142610580875947,0,1,3,0
1786219326,R_100,602.3,0,-0.15000000000009095,0.1426105808759555,7,1,3,0
1786219344,R_100,601.42,2,-0.15000000000009095,0.14407174138833473,1,1,3,0
1786219346,R_100,601.31,1,-0.11000000000001364,0.1431743304118741,9,1,3,0
1786219388,R_100,600.58,8,-0.2099999999999227,0.1409491634124048,9,1,3,0
1786219392,R_100,600.34,4,-0.14999999999997726,0.13613718571104616,0,1,3,0
1786219404,R_100,599.81,1,-0.10000000000002274,0.07627435858645178,6,1,3,0
1786219406,R_100,599.66,6,-0.14999999999997726,0.07424434134814528,9,1,3,0
1786219414,R_100,599.69,9,-0.18999999999994088,0.11278790321267682,0,1,3,0
1786219434,R_100,600.25,5,-0.11000000000001364,0.08617811013631957,5,1,3,0
1786219442,R_100,600.28,8,-0.13999999999998636,0.09213516640722634,5,1,3,0
1786219452,R_100,600.22,2,-0.2599999999999909,0.132681741187101,6,1,3,0
1786219498,R_100,599.91,1,-0.18000000000006366,0.13100042408755067,4,1,3,0
1786219500,R_100,599.74,4,-0.16999999999995907,0.1106345334875423,3,1,3,1
1786219506,R_100,599.66,6,-0.10000000000002274,0.11195733314281307,7,1,3,0
1786219536,R_100,599.55,5,-0.12000000000000455,0.13549907748763132,9,1,3,0
1786219542,R_100,599.31,1,-0.12000000000000455,0.13800563595576323,1,1,3,0
1786219676,R_100,598.57,7,-0.1999999999999318,0.10066997787047409,3,1,3,1
1786219682,R_100,598.27,7,-0.3300000000000409,0.1303670033235191,0,1,3,0
1786219684,R_100,598.0,0,-0.2699999999999818,0.14275464576989158,7,1,3,0
1786219710,R_100,598.7,0,-0.14999999999997726,0.08456424250891846,2,1,3,0
1786219716,R_100,598.39,9,-0.14999999999997726,0.0828921655592969,3,1,3,1
1786219748,R_100,599.01,1,-0.13999999999998636,0.1186779020898188,9,1,3,0
1786219832,R_100,598.16,6,-0.2800000000000864,0.1050343859039923,1,1,3,0
1786219834,R_100,598.01,1,-0.14999999999997726,0.10716550025288099,2,1,3,0
1786219854,R_100,598.41,1,-0.10000000000002274,0.13888444437334632,3,1,3,1
1786219868,R_100,598.73,3,-0.12999999999999545,0.12447221912272671,1,1,3,0
1786219870,R_100,598.51,1,-0.22000000000002728,0.14491376746190618,2,1,3,0
1786219874,R_100,598.25,5,-0.16999999999995907,0.14041209191360934,0,1,3,0
1786219886,R_100,597.93,3,-0.22000000000002728,0.13532265967759943,2,1,3,0
1786219890,R_100,597.67,7,-0.25,0.1406492880259935,4,1,3,0
1786219894,R_100,597.45,5,-0.18999999999994088,0.14321700705959262,7,1,3,0
1786219902,R_100,597.4,0,-0.18000000000006366,0.12666666666666812,5,1,3,0
1786219906,R_100,597.05,5,-0.3000000000000682,0.13231276078546264,2,1,3,0
1786219908,R_100,596.82,2,-0.2299999999999045,0.13613718571108707,7,1,3,0
1786219912,R_100,596.61,1,-0.15999999999996817,0.12754519896012417,7,1,3,0
1786219914,R_100,596.47,7,-0.13999999999998636,0.12470409420348652,5,1,3,0
1786219926,R_100,596.53,3,-0.19000000000005457,0.12899612397276045,3,1,3,1
1786219930,R_100,596.41,1,-0.22000000000002728,0.1361535081361446,6,1,3,0
1786219936,R_100,596.33,3,-0.12999999999999545,0.13423031616509284,2,1,3,0
1786219984,R_100,596.5,0,-0.2300000000000182,0.10471654862322294,9,1,3,0
1786219988,R_100,596.47,7,-0.12000000000000455,0.10905656024897396,0,1,3,0
1786219996,R_100,596.33,3,-0.17999999999994998,0.12120231020901773,9,1,3,0
1786219998,R_100,596.19,9,-0.13999999999998636,0.12633289357883984,4,1,3,0
1786220000,R_100,596.04,4,-0.15000000000009095,0.12497110777208142,4,1,3,0
1786220004,R_100,595.81,1,-0.2300000000000182,0.1127879032126845,8,1,3,0
1786220008,R_100,595.7,0,-0.17999999999994998,0.11431438132527214,9,1,3,0
1786220010,R_100,595.59,9,-0.11000000000001364,0.11474125481080348,1,1,3,0
1786220018,R_100,595.17,7,-0.3300000000000409,0.12299954832800615,2,1,3,0
1786220040,R_100,595.52,2,-0.2400000000000091,0.12382783747339074,7,1,3,0
1786220044,R_100,595.33,3,-0.13999999999998636,0.13431306712305027,0,1,3,0
1786220058,R_100,595.14,4,-0.10000000000002274,0.140063477672726,0,1,3,0
1786220102,R_100,595.6,0,-0.2599999999999909,0.13758229860302285,7,1,3,0
1786220110,R_100,595.62,2,-0.17999999999994998,0.14234543274098796,7,1,3,0
1786220140,R_100,595.25,5,-0.12000000000000455,0.14392899483965924,0,1,3,0
1786220200,R_100,596.43,3,-0.16000000000008185,0.1234728940114334,9,1,3,0
1786220244,R_100,595.96,6,-0.16999999999995907,0.14477568856681955,3,1,3,1
1786220254,R_100,596.15,5,-0.20000000000004547,0.13979747255702554,5,1,3,0
1786220266,R_100,596.23,3,-0.13999999999998636,0.14522013940529105,1,1,3,0
1786220274,R_100,595.44,4,-0.15999999999996817,0.1421618795598965,0,1,3,0
1786220292,R_100,595.4,0,-0.13999999999998636,0.09357112565077971,1,1,3,0
1786220298,R_100,595.31,1,-0.21000000000003638,0.1295676571439834,1,1,3,0
1786220314,R_100,595.38,8,-0.12999999999999545,0.12570247058478218,5,1,3,0
1786220316,R_100,595.15,5,-0.2300000000000182,0.1237425643108645,7,1,3,0
1786220324,R_100,594.85,5,-0.2999999999999545,0.14142135623730323,3,1,3,1
1786220340,R_100,594.46,6,-0.12000000000000455,0.14327905949191924,0,1,3,0
1786220392,R_100,596.28,8,-0.11000000000001364,0.13214470183182317,2,1,3,0
1786220412,R_100,596.58,8,-0.12000000000000455,0.099442892601185,7,1,3,0
1786220444,R_100,596.97,7,-0.22000000000002728,0.10022751895341525,8,1,3,0
1786220476,R_100,597.88,8,-0.21000000000003638,0.12318008497049913,9,1,3,0
1786220562,R_100,599.04,4,-0.13999999999998636,0.114158758850217,0,1,3,0
1786220564,R_100,598.9,0,-0.13999999999998636,0.12209286083414124,7,1,3,0
1786220686,R_100,599.65,5,-0.10000000000002274,0.14476033833739319,1,1,3,0
1786220694,R_100,599.6,0,-0.10000000000002274,0.1314069167805646,3,1,3,1
1786220696,R_100,599.43,3,-0.17000000000007276,0.1393795776527744,6,1,3,0
1786220698,R_100,599.26,6,-0.16999999999995907,0.14286357128392807,1,1,3,0
1786220706,R_100,599.04,4,-0.18000000000006366,0.11039826890752738,3,1,3,1
1786220724,R_100,599.34,4,-0.11000000000001364,0.1215456018675066,8,1,3,0
1786220726,R_100,599.18,8,-0.16000000000008185,0.11815244390194181,5,1,3,0
1786220732,R_100,598.92,2,-0.18000000000006366,0.12858201014658444,2,1,3,0
1786220742,R_100,598.86,6,-0.17999999999994998,0.10049322807478678,4,1,3,0
1786220812,R_100,598.01,1,-0.14999999999997726,0.13742068419433795,4,1,3,0
1786220818,R_100,597.81,1,-0.17000000000007276,0.12356284950490878,7,1,3,0
1786220896,R_100,597.02,2,-0.21000000000003638,0.0902096324001935,4,1,3,0
1786220902,R_100,597.18,8,-0.14000000000010004,0.12749291919338185,9,1,3,0
1786220920,R_100,597.21,1,-0.12999999999999545,0.08116512661099687,2,1,3,0
1786221020,R_100,597.46,6,-0.12999999999999545,0.108032916794437,6,1,3,0
1786221040,R_100,597.5,0,-0.11000000000001364,0.07456540752919666,6,1,3,0
1786221044,R_100,597.15,5,-0.3100000000000591,0.12046668511344463,4,1,3,0
1786221046,R_100,596.94,4,-0.2099999999999227,0.1323967102645903,0,1,3,0
1786221084,R_100,597.62,2,-0.21000000000003638,0.14425671561488757,1,1,3,0
1786221100,R_100,596.72,2,-0.18999999999994088,0.14153523314787614,8,1,3,0
1786221102,R_100,596.58,8,-0.13999999999998636,0.1189070598782511,4,1,3,0
1786221106,R_100,596.61,1,-0.12999999999999545,0.1232882800593597,0,1,3,0
1786221110,R_100,596.49,9,-0.21000000000003638,0.1385801011849889,8,1,3,0
1786221112,R_100,596.28,8,-0.21000000000003638,0.12927146286443134,9,1,3,0
1786221114,R_100,596.09,9,-0.18999999999994088,0.1300811712397676,3,1,3,1
1786221168,R_100,597.05,5,-0.10000000000002274,0.09573690801124773,2,1,3,0
1786221172,R_100,596.92,2,-0.10000000000002274,0.06501281924871272,8,1,3,0
1786221174,R_100,596.68,8,-0.2400000000000091,0.10152175464729694,4,1,3,0
1786221178,R_100,596.39,9,-0.25,0.11671903586532784,8,1,3,0
1786221180,R_100,596.28,8,-0.11000000000001364,0.1053090689352122,5,1,3,0
1786221182,R_100,596.15,5,-0.12999999999999545,0.10053191864609765,6,1,3,0
1786221190,R_100,596.29,9,-0.17000000000007276,0.13880842113425246,8,1,3,0
1786221260,R_100,597.17,7,-0.13999999999998636,0.11432896007184466,7,1,3,0
1786221436,R_100,597.38,8,-0.10000000000002274,0.14375905768565572,8,1,3,0
1786221476,R_100,596.31,1,-0.2900000000000773,0.13406466101600767,0,1,3,0
1786221486,R_100,596.09,9,-0.31999999999993634,0.14437605218473284,5,1,3,0
1786221518,R_100,596.73,3,-0.18999999999994088,0.1275800402361763,6,1,3,0
1786221522,R_100,596.67,7,-0.19000000000005457,0.14408330923462084,6,1,3,0
1786221564,R_100,596.92,2,-0.12000000000000455,0.08243515970478625,8,1,3,0
1786221568,R_100,596.75,5,-0.2300000000000182,0.11057425860780791,7,1,3,0
1786221584,R_100,597.61,1,-0.11000000000001364,0.13843971812872,1,1,3,0
1786221590,R_100,597.82,2,-0.10999999999989996,0.11027742793113646,8,1,3,0
1786221594,R_100,597.77,7,-0.11000000000001364,0.1251488003227306,0,1,3,0
1786221596,R_100,597.6,0,-0.16999999999995907,0.1432325226879356,6,1,3,0
1786221628,R_100,598.35,5,-0.13999999999998636,0.13584713631296538,4,1,3,0
1786221630,R_100,598.24,4,-0.11000000000001364,0.14284412639109081,0,1,3,0
1786221714,R_100,597.0,0,-0.12999999999999545,0.13755402978872494,2,1,3,0
1786221718,R_100,596.91,1,-0.21000000000003638,0.10801748829601268,7,1,3,0
1786221728,R_100,596.92,2,-0.11000000000001364,0.11690927156467203,6,1,3,0
1786221730,R_100,596.76,6,-0.15999999999996817,0.12336035739969713,9,1,3,0
1786221738,R_100,596.54,4,-0.13999999999998636,0.1047801932088734,1,1,3,0
1786221740,R_100,596.41,1,-0.12999999999999545,0.08181279443540046,8,1,3,0
1786221746,R_100,596.09,9,-0.2400000000000091,0.08369255907452515,3,1,3,1
1786221766,R_100,596.42,2,-0.10000000000002274,0.1249933331555489,8,1,3,0
1786221794,R_100,595.79,9,-0.11000000000001364,0.11988883740087358,5,1,3,0
1786221802,R_100,595.95,5,-0.2099999999999227,0.1292241807437292,3,1,3,1
1786221842,R_100,596.07,7,-0.16999999999995907,0.14385177556543996,8,1,3,0
1786221850,R_100,595.75,5,-0.2699999999999818,0.13995634239923477,8,1,3,0
1786221858,R_100,595.78,8,-0.19000000000005457,0.12939603291188295,7,1,3,0
1786221862,R_100,595.51,1,-0.2599999999999909,0.13841965178399085,3,1,3,1
1786221876,R_100,595.29,9,-0.20000000000004547,0.12541486709675298,1,1,3,0
1786221918,R_100,594.88,8,-0.21000000000003638,0.13912823820730058,4,1,3,0
1786221928,R_100,594.64,4,-0.19000000000005457,0.13704824778969776,4,1,3,0
1786221938,R_100,594.99,9,-0.21000000000003638,0.14177055014670456,7,1,3,0
1786221998,R_100,594.78,8,-0.2599999999999909,0.13558105406813473,0,1,3,0
1786222002,R_100,594.62,2,-0.17999999999994998,0.12211561006776016,3,1,3,1
1786222004,R_100,594.43,3,-0.19000000000005457,0.12801475609388996,0,1,3,0
1786222006,R_100,594.3,0,-0.12999999999999545,0.11923832344417286,2,1,3,0
1786222008,R_100,594.12,2,-0.17999999999994998,0.12305825178886405,5,1,3,0
1786222014,R_100,593.98,8,-0.17999999999994998,0.11390054140928743,8,1,3,0
1786222018,R_100,593.89,9,-0.19000000000005457,0.11474125481078953,1,1,3,0
1786222024,R_100,593.67,7,-0.12999999999999545,0.1024369724920282,7,1,3,0
1786222030,R_100,593.42,2,-0.34000000000003183,0.13840761058074363,0,1,3,0
1786222062,R_100,592.71,1,-0.2899999999999636,0.12443650768339724,0,1,3,0
1786222084,R_100,593.21,1,-0.15999999999996817,0.13835943528841071,7,1,3,0
1786222094,R_100,593.04,4,-0.2599999999999909,0.13942740046345478,9,1,3,0
1786222128,R_100,594.5,0,-0.17999999999994998,0.10585104838612251,6,1,3,0
1786222136,R_100,594.5,0,-0.14999999999997726,0.12745369529533593,4,1,3,0
1786222140,R_100,594.27,7,-0.2699999999999818,0.1393995058176842,3,1,3,1
1786222208,R_100,595.38,8,-0.25,0.1372912556898218,3,1,3,1
1786222222,R_100,595.99,9,-0.11000000000001364,0.13747322971724338,5,1,3,0
1786222260,R_100,595.77,7,-0.19000000000005457,0.11858424103659765,6,1,3,0
1786222264,R_100,595.64,4,-0.12000000000000455,0.11464437767870209,4,1,3,0
1786222266,R_100,595.44,4,-0.1999999999999318,0.12626691305854829,2,1,3,0
1786222306,R_100,595.91,1,-0.12000000000000455,0.11203174153389536,4,1,3,0
1786222312,R_100,595.96,6,-0.2099999999999227,0.14187631546135765,3,1,3,1
1786222326,R_100,596.06,6,-0.12000000000000455,0.12738829529347437,9,1,3,0
1786222342,R_100,596.08,8,-0.12000000000000455,0.13818264885449189,4,1,3,0
1786222344,R_100,595.94,4,-0.13999999999998636,0.1427663203357927,3,1,3,1
1786222360,R_100,595.48,8,-0.10000000000002274,0.1405386463258647,7,1,3,0
1786222390,R_100,594.41,1,-0.16000000000008185,0.13597793938727848,9,1,3,0
1786222406,R_100,594.34,4,-0.2199999999999136,0.14165686240584083,8,1,3,0
1786222412,R_100,594.09,9,-0.11000000000001364,0.08615231988875756,1,1,3,0
1786222420,R_100,594.03,3,-0.11000000000001364,0.08198238293137199,4,1,3,0
1786222454,R_100,594.41,1,-0.10000000000002274,0.07969385867877071,7,1,3,0
1786222456,R_100,594.27,7,-0.13999999999998636,0.08275801404630953,6,1,3,0
1786222460,R_100,594.26,6,-0.10000000000002274,0.08270429251254956,0,1,3,0
1786222464,R_100,594.07,7,-0.2299999999999045,0.09834745661285761,1,1,3,0
1786222468,R_100,593.9,0,-0.11000000000001364,0.10013879257197772,8,1,3,0
1786222478,R_100,594.05,5,-0.10000000000002274,0.11425604773683914,3,1,3,1
1786222500,R_100,594.49,9,-0.17999999999994998,0.1222202020035036,1,1,3,0
1786222504,R_100,594.41,1,-0.10000000000002274,0.09097618736057794,0,1,3,0
1786222516,R_100,594.64,4,-0.15999999999996817,0.14040022158894466,8,1,3,0
1786222530,R_100,594.13,3,-0.12000000000000455,0.11935009193308986,1,1,3,0
1786222532,R_100,594.01,1,-0.12000000000000455,0.1151038178727463,7,1,3,0
1786222536,R_100,593.8,0,-0.17000000000007276,0.11077504733064919,1,1,3,0
1786222542,R_100,593.74,4,-0.14999999999997726,0.08530338015969104,0,1,3,0
1786222548,R_100,593.63,3,-0.12999999999999545,0.09307106006822508,0,1,3,0
1786222550,R_100,593.5,0,-0.12999999999999545,0.09381423725166627,7,1,3,0
1786222558,R_100,593.4,0,-0.2799999999999727,0.12187881048173159,5,1,3,0
1786222560,R_100,593.25,5,-0.14999999999997726,0.12509551905997957,6,1,3,0
1786222562,R_100,593.06,6,-0.19000000000005457,0.12873745893613117,5,1,3,0
1786222676,R_100,593.68,8,-0.12999999999999545,0.13745706400342117,3,1,3,1
1786222744,R_100,594.13,3,-0.22000000000002728,0.14001587211614364,8,1,3,0
1786222876,R_100,595.05,5,-0.21000000000003638,0.12721373091508525,6,1,3,0
1786222882,R_100,594.79,9,-0.2300000000000182,0.12953335048893697,1,1,3,0
1786222954,R_100,596.26,6,-0.10000000000002274,0.14166078419162903,4,1,3,0
1786222998,R_100,595.35,5,-0.15999999999996817,0.05945119380165899,4,1,3,0
1786223006,R_100,595.3,0,-0.25,0.11892574714219334,7,1,3,0
1786223010,R_100,595.08,8,-0.18999999999994088,0.12365273955717575,1,1,3,0
1786223048,R_100,595.6,0,-0.12000000000000455,0.11173381065930542,4,1,3,0
1786223070,R_100,595.49,9,-0.15999999999996817,0.14081114223593003,6,1,3,0
1786223074,R_100,595.3,0,-0.16000000000008185,0.09971626413648546,3,1,3,1
1786223076,R_100,595.13,3,-0.16999999999995907,0.10235558932792703,3,1,3,1
1786223078,R_100,595.03,3,-0.10000000000002274,0.09249624617007665,7,1,3,0
1786223088,R_100,594.7,0,-0.39999999999997726,0.13761863568895186,9,1,3,0
1786223160,R_100,594.17,7,-0.18000000000006366,0.11147495981907805,8,1,3,0
1786223198,R_100,594.13,3,-0.13999999999998636,0.11944315244777083,0,1,3,0
1786223202,R_100,593.96,6,-0.13999999999998636,0.12877629181385514,7,1,3,0
1786223250,R_100,592.77,7,-0.10000000000002274,0.0831932155353861,8,1,3,0
1786223274,R_100,592.69,9,-0.2799999999999727,0.14032106042926237,1,1,3,0
1786223342,R_100,592.27,7,-0.17000000000007276,0.14173527750313086,3,1,3,1
1786223402,R_100,592.32,2,-0.12999999999999545,0.12108766337750829,5,1,3,0
1786223404,R_100,592.15,5,-0.17000000000007276,0.11568155523777142,4,1,3,0
1786223410,R_100,591.87,7,-0.22000000000002728,0.09383200117471929,4,1,3,0
1786223434,R_100,592.23,3,-0.14999999999997726,0.13521998537361615,2,1,3,0
1786223440,R_100,592.41,1,-0.10000000000002274,0.12825755338379613,9,1,3,0
1786223444,R_100,592.3,0,-0.19000000000005457,0.13191327117130258,4,1,3,0
1786223474,R_100,591.97,7,-0.15999999999996817,0.12985461956439986,5,1,3,0
1786223482,R_100,591.88,8,-0.2300000000000182,0.1393676193860251,8,1,3,0
1786223486,R_100,591.86,6,-0.12000000000000455,0.1309325526113786,0,1,3,0
1786223540,R_100,590.27,7,-0.14999999999997726,0.12074306973437152,1,1,3,0
1786223544,R_100,590.35,5,-0.15999999999996817,0.1323127607854167,1,1,3,0
1786223564,R_100,590.01,1,-0.19000000000005457,0.11520030864156641,7,1,3,0
1786223568,R_100,589.9,0,-0.17000000000007276,0.12269655432998106,3,1,3,1
1786223574,R_100,589.96,6,-0.12000000000000455,0.11286176402035683,0,1,3,0
1786223578,R_100,589.9,0,-0.20000000000004547,0.13654466098846266,7,1,3,0
1786223580,R_100,589.77,7,-0.12999999999999545,0.13654466098846735,6,1,3,0
1786223644,R_100,589.1,0,-0.17999999999994998,0.13690629398726692,0,1,3,0
1786223666,R_100,589.41,1,-0.21000000000003638,0.12169634341263633,2,1,3,0
1786223694,R_100,590.29,9,-0.12999999999999545,0.13266917920569743,5,1,3,0
1786223696,R_100,590.15,5,-0.13999999999998636,0.14173919711922245,5,1,3,0
1786223700,R_100,590.12,2,-0.12999999999999545,0.14370107863200843,0,1,3,0
1786223708,R_100,589.56,6,-0.13000000000010914,0.12754519896014258,1,1,3,0
1786223756,R_100,590.19,9,-0.10999999999989996,0.1271088772142418,9,1,3,0
1786223758,R_100,590.09,9,-0.10000000000002274,0.1285344744071032,8,1,3,0
1786223760,R_100,589.98,8,-0.11000000000001364,0.12908223046655687,1,1,3,0
1786223770,R_100,589.95,5,-0.16999999999995907,0.09843215373487281,4,1,3,0
1786223772,R_100,589.84,4,-0.11000000000001364,0.08058811602489677,8,1,3,0
1786223774,R_100,589.68,8,-0.16000000000008185,0.08676917015212447,3,1,3,1
1786223816,R_100,589.92,2,-0.12000000000000455,0.14259889355967298,8,1,3,0
1786223842,R_100,590.44,4,-0.2599999999999909,0.14263005760823924,3,1,3,1
1786223850,R_100,589.89,9,-0.19000000000005457,0.13308309851785274,6,1,3,0
1786223870,R_100,590.23,3,-0.15999999999996817,0.14338758663147272,0,1,3,0
1786223896,R_100,590.74,4,-0.10000000000002274,0.11411982007230712,2,1,3,0
1786223900,R_100,590.72,2,-0.1999999999999318,0.13222875800839232,2,1,3,0
1786223902,R_100,590.62,2,-0.10000000000002274,0.13803783700290967,0,1,3,0
1786223906,R_100,590.48,8,-0.12000000000000455,0.13149144458860682,6,1,3,0
1786223910,R_100,590.35,5,-0.11000000000001364,0.121728294893906,3,1,3,1
1786223914,R_100,590.18,8,-0.15000000000009095,0.10490207073476897,4,1,3,0
1786223924,R_100,589.98,8,-0.2599999999999909,0.10282671507607145,9,1,3,0
1786223964,R_100,591.63,3,-0.19000000000005457,0.12349089035228702,4,1,3,0
1786223980,R_100,592.02,2,-0.14999999999997726,0.14384018909889948,3,1,3,1
1786223984,R_100,591.85,5,-0.17999999999994998,0.14148419621208438,1,1,3,0
1786223994,R_100,591.58,8,-0.15999999999996817,0.13525284963108367,2,1,3,0
1786223998,R_100,591.33,3,-0.18999999999994088,0.10823841996050909,9,1,3,0
1786224006,R_100,591.25,5,-0.20000000000004547,0.12084884957848119,3,1,3,1
1786224008,R_100,591.13,3,-0.12000000000000455,0.11037310461440906,0,1,3,0
1786224016,R_100,591.16,6,-0.19000000000005457,0.13574485871173644,6,1,3,0
1786224018,R_100,590.96,6,-0.1999999999999318,0.13703608608279444,4,1,3,0
1786224060,R_100,591.58,8,-0.17999999999994998,0.1355195762816074,6,1,3,0
1786224062,R_100,591.46,6,-0.12000000000000455,0.08305955025692266,3,1,3,1
1786224070,R_100,591.42,2,-0.12999999999999545,0.08041558721207573,2,1,3,0
1786224078,R_100,591.25,5,-0.14999999999997726,0.09677580046454562,9,1,3,0
1786224086,R_100,591.19,9,-0.2899999999999636,0.1407756292039656,9,1,3,0
1786224142,R_100,592.25,5,-0.14999999999997726,0.1114998754358834,5,1,3,0
1786224144,R_100,592.15,5,-0.10000000000002274,0.10936178491592193,7,1,3,0
1786224156,R_100,592.58,8,-0.11000000000001364,0.13666260156555962,4,1,3,0
1786224200,R_100,593.52,2,-0.11000000000001364,0.13500617269835466,9,1,3,0
1786224214,R_100,593.67,7,-0.10000000000002274,0.10585104838614191,4,1,3,0
1786224218,R_100,593.51,1,-0.2300000000000182,0.1305373509766533,7,1,3,0
1786224288,R_100,593.76,6,-0.25,0.13706851490321498,6,1,3,0
1786224318,R_100,594.75,5,-0.2400000000000091,0.11669523459754967,2,1,3,0
1786224378,R_100,593.56,6,-0.16000000000008185,0.1320774183744085,7,1,3,0
1786224386,R_100,593.68,8,-0.12999999999999545,0.0949912276651584,3,1,3,1
1786224390,R_100,593.7,0,-0.12999999999999545,0.11409547658773472,6,1,3,0
1786224398,R_100,593.65,5,-0.12999999999999545,0.1085715329991224,3,1,3,1
1786224410,R_100,593.68,8,-0.3100000000000591,0.1419546093338105,8,1,3,0
1786224440,R_100,593.88,8,-0.2699999999999818,0.1451282957324906,8,1,3,0
1786224472,R_100,593.63,3,-0.32000000000005,0.11871534582072471,9,1,3,0
1786224492,R_100,593.98,8,-0.14999999999997726,0.1128666863555649,5,1,3,0
1786224498,R_100,593.77,7,-0.11000000000001364,0.0992695544688596,4,1,3,0
1786224500,R_100,593.64,4,-0.12999999999999545,0.10619165064480364,5,1,3,0
1786224514,R_100,593.34,4,-0.13999999999998636,0.0779529772790435,1,1,3,0
1786224516,R_100,593.21,1,-0.12999999999999545,0.08097324661063654,7,1,3,0
1786224522,R_100,593.33,3,-0.16999999999995907,0.12795832654943262,5,1,3,0
1786224542,R_100,593.16,6,-0.2599999999999909,0.10176770935157609,1,1,3,0
1786224550,R_100,593.24,4,-0.10000000000002274,0.1273708496216252,7,1,3,0
1786224574,R_100,592.86,6,-0.3300000000000409,0.13118688958885458,5,1,3,0
1786224578,R_100,592.6,0,-0.25,0.12472636716695285,3,1,3,1
1786224580,R_100,592.43,3,-0.17000000000007276,0.11681419244062873,9,1,3,0
1786224586,R_100,592.51,1,-0.10000000000002274,0.1396384219650658,3,1,3,1
1786224594,R_100,592.34,4,-0.12000000000000455,0.11360751148877658,4,1,3,0
1786224602,R_100,592.45,5,-0.2299999999999045,0.13769531582445907,6,1,3,0
1786224646,R_100,592.02,2,-0.20000000000004547,0.14323252268795594,4,1,3,0
1786224684,R_100,592.29,9,-0.12000000000000455,0.07604092465392435,3,1,3,1
1786224690,R_100,592.22,2,-0.12999999999999545,0.08550503558921486,4,1,3,0
1786224704,R_100,592.06,6,-0.10000000000002274,0.06447221623822545,4,1,3,0
1786224708,R_100,591.89,9,-0.14999999999997726,0.06866990283636404,8,1,3,0
1786224712,R_100,591.89,9,-0.19000000000005457,0.10865337342006777,4,1,3,0
1786224716,R_100,591.73,3,-0.11000000000001364,0.10235558932794879,0,1,3,0
1786224718,R_100,591.6,0,-0.12999999999999545,0.1047960983158592,9,1,3,0
1786224720,R_100,591.39,9,-0.21000000000003638,0.1130584902704262,0,1,3,0
1786224748,R_100,591.71,1,-0.2999999999999545,0.1396662688936224,2,1,3,0
1786224772,R_100,592.08,8,-0.13999999999998636,0.11972189997378171,2,1,3,0
1786224828,R_100,592.68,8,-0.17000000000007276,0.1182276523397956,5,1,3,0
1786224838,R_100,592.04,4,-0.2800000000000864,0.14072826455423887,9,1,3,0
1786224878,R_100,591.67,7,-0.13999999999998636,0.1341475141609126,0,1,3,0
1786224890,R_100,591.82,2,-0.18999999999994088,0.10499206319208435,8,1,3,0
1786224892,R_100,591.58,8,-0.2400000000000091,0.1281015222391915,9,1,3,0
1786224926,R_100,592.72,2,-0.10000000000002274,0.13131810402394542,4,1,3,0
1786224974,R_100,592.47,7,-0.22000000000002728,0.14298795598074399,6,1,3,0
1786224986,R_100,592.02,2,-0.2300000000000182,0.14351151715300264,9,1,3,0
1786224990,R_100,591.79,9,-0.20000000000004547,0.1354662729653229,3,1,3,1
1786224992,R_100,591.63,3,-0.15999999999996817,0.13141959941773215,9,1,3,0
1786225008,R_100,591.79,9,-0.2300000000000182,0.13548267621936755,7,1,3,0
1786225026,R_100,592.23,3,-0.12000000000000455,0.1334541119636402,6,1,3,0
1786225028,R_100,592.06,6,-0.17000000000007276,0.1217511122468261,4,1,3,0
1786225044,R_100,592.52,2,-0.20000000000004547,0.13548677672256948,1,1,3,0
1786225072,R_100,592.61,1,-0.12000000000000455,0.08589399151151907,9,1,3,0
1786225086,R_100,592.7,0,-0.12000000000000455,0.09547541859327009,6,1,3,0
1786225090,R_100,592.55,5,-0.21000000000003638,0.10952422360171404,7,1,3,0
1786225144,R_100,593.54,4,-0.2300000000000182,0.12401164819842772,8,1,3,0
1786225146,R_100,593.38,8,-0.15999999999996817,0.13849989971917742,4,1,3,0
1786225148,R_100,593.24,4,-0.13999999999998636,0.140115032106558,7,1,3,0
1786225206,R_100,593.01,1,-0.12999999999999545,0.1364836172504766,0,1,3,0
1786225210,R_100,592.85,5,-0.14999999999997726,0.14142528455373662,3,1,3,1
1786225244,R_100,593.57,7,-0.16999999999995907,0.10857153299912606,5,1,3,0
1786225270,R_100,593.85,5,-0.10000000000002274,0.09882082551543662,7,1,3,0
1786225272,R_100,593.67,7,-0.18000000000006366,0.11547005383792258,1,1,3,0
1786225278,R_100,593.42,2,-0.12999999999999545,0.11059937713306389,1,1,3,0
1786225282,R_100,593.45,5,-0.15999999999996817,0.11682845924214422,5,1,3,0
1786225310,R_100,592.64,4,-0.20000000000004547,0.11817595168036764,4,1,3,0
1786225334,R_100,592.58,8,-0.12999999999999545,0.12452576707921785,5,1,3,0
1786225352,R_100,592.66,6,-0.16000000000008185,0.08847472959992168,7,1,3,0
1786225354,R_100,592.47,7,-0.18999999999994088,0.09926955446884812,9,1,3,0
1786225394,R_100,592.1,0,-0.17999999999994998,0.1446105882092373,2,1,3,0
1786225428,R_100,592.52,2,-0.12000000000000455,0.12165981715878128,1,1,3,0
1786225496,R_100,593.19,9,-0.2099999999999227,0.13089435944046487,0,1,3,0
1786225524,R_100,592.93,3,-0.14000000000010004,0.11255122290661457,8,1,3,0
1786225526,R_100,592.68,8,-0.25,0.12536169891778007,8,1,3,0
1786225568,R_100,593.33,3,-0.11000000000001364,0.13053735097662522,7,1,3,0
1786225596,R_100,594.05,5,-0.14000000000010004,0.11789354897064147,1,1,3,0
1786225598,R_100,593.91,1,-0.13999999999998636,0.12345039489609846,5,1,3,0
1786225616,R_100,593.85,5,-0.17999999999994998,0.09213516640722338,6,1,3,0
1786225622,R_100,593.92,2,-0.12000000000000455,0.10699948078792669,1,1,3,0
1786225780,R_100,594.43,3,-0.16000000000008185,0.11862171433221443,4,1,3,0
1786225784,R_100,594.42,2,-0.22000000000002728,0.1432945684013845,2,1,3,0
1786225824,R_100,594.61,1,-0.2699999999999818,0.13671137480108622,4,1,3,0
1786225852,R_100,593.48,8,-0.2599999999999909,0.12445436468397957,8,1,3,0
1786225854,R_100,593.28,8,-0.20000000000004547,0.12705641791479275,1,1,3,0
1786225858,R_100,593.07,7,-0.13999999999998636,0.1215867317322838,5,1,3,0
1786225896,R_100,593.67,7,-0.18000000000006366,0.13031585560560496,2,1,3,0
1786225962,R_100,593.53,3,-0.11000000000001364,0.14101221381299167,4,1,3,0
1786225970,R_100,593.65,5,-0.10000000000002274,0.1317573527359938,2,1,3,0
1786225972,R_100,593.42,2,-0.2300000000000182,0.13157591809378794,2,1,3,0
1786225974,R_100,593.22,2,-0.1999999999999318,0.12631530214330625,9,1,3,0
1786226056,R_100,593.18,8,-0.16000000000008185,0.13581441586062196,7,1,3,0
1786226118,R_100,593.02,2,-0.11000000000001364,0.12233378746509423,5,1,3,0
1786226204,R_100,592.7,0,-0.2199999999999136,0.14114216631152196,5,1,3,0
1786226218,R_100,592.76,6,-0.14999999999997726,0.09908470001858914,4,1,3,0
1786226224,R_100,592.8,0,-0.15000000000009095,0.11005049346148446,5,1,3,0
1786226246,R_100,592.72,2,-0.10000000000002274,0.0824688493378675,4,1,3,0
1786226248,R_100,592.54,4,-0.18000000000006366,0.1054566788359775,1,1,3,0
1786226250,R_100,592.41,1,-0.12999999999999545,0.10812030336621731,2,1,3,0
1786226254,R_100,592.24,4,-0.17999999999994998,0.10371435130523265,5,1,3,0
1786226280,R_100,592.77,7,-0.12000000000000455,0.11652848960184685,6,1,3,0
1786226288,R_100,592.89,9,-0.12999999999999545,0.13261891938099835,0,1,3,0
1786226388,R_100,592.65,5,-0.12000000000000455,0.12973905434459226,0,1,3,0
1786226444,R_100,592.43,3,-0.10000000000002274,0.12543701385333403,3,1,3,1
1786226452,R_100,592.12,2,-0.2699999999999818,0.11298475806742853,9,1,3,0
1786226480,R_100,592.01,1,-0.19000000000005457,0.13208162459463235,3,1,3,1
1786226482,R_100,591.83,3,-0.17999999999994998,0.11425604773683619,0,1,3,0
1786226492,R_100,591.78,8,-0.2400000000000091,0.12649110640674047,7,1,3,0
1786226504,R_100,591.9,0,-0.10000000000002274,0.10862780491200155,8,1,3,0
1786226508,R_100,591.85,5,-0.12999999999999545,0.11529671865813604,1,1,3,0
1786226510,R_100,591.71,1,-0.13999999999998636,0.1211472932700792,2,1,3,0
1786226516,R_100,591.48,8,-0.14999999999997726,0.10480139948174022,6,1,3,0
1786226534,R_100,591.7,0,-0.16999999999995907,0.1234728940114136,2,1,3,0
1786226540,R_100,591.62,2,-0.20000000000004547,0.11883228143528095,9,1,3,0
1786226544,R_100,591.53,3,-0.16000000000008185,0.10480139948177099,1,1,3,0
1786226546,R_100,591.31,1,-0.22000000000002728,0.11820885471629602,6,1,3,0
1786226548,R_100,591.16,6,-0.14999999999997726,0.11796892246126339,0,1,3,0
1786226556,R_100,591.09,9,-0.10000000000002274,0.11709919821343845,2,1,3,0
1786226564,R_100,591.04,4,-0.12000000000000455,0.10257246760760626,7,1,3,0
1786226610,R_100,590.97,7,-0.10000000000002274,0.10870960296944021,4,1,3,0
1786226614,R_100,590.94,4,-0.1999999999999318,0.13508844839170897,4,1,3,0
1786226616,R_100,590.84,4,-0.10000000000002274,0.13074147518413445,5,1,3,0
1786226644,R_100,591.08,8,-0.12000000000000455,0.12311241475442986,4,1,3,0
1786226656,R_100,591.13,3,-0.22000000000002728,0.13045220495561202,4,1,3,0
1786226682,R_100,591.19,9,-0.25,0.14407174138832737,0,1,3,0
1786226686,R_100,590.91,1,-0.19000000000005457,0.14312387796745843,2,1,3,0
1786226722,R_100,590.36,6,-0.12999999999999545,0.12559193180028003,1,1,3,0
1786226736,R_100,590.58,8,-0.13999999999998636,0.1058562967213472,1,1,3,0
1786226738,R_100,590.31,1,-0.2700000000000955,0.13687382673269877,0,1,3,0
1786226776,R_100,590.4,0,-0.2300000000000182,0.11662380164917509,6,1,3,0
1786226788,R_100,590.55,5,-0.10000000000002274,0.12099586769801991,4,1,3,0
1786226790,R_100,590.44,4,-0.10999999999989996,0.12573782247197784,6,1,3,0
1786226816,R_100,589.57,7,-0.12000000000000455,0.0891004426975129,3,1,3,1
1786226818,R_100,589.43,3,-0.14000000000010004,0.09512564790263014,0,1,3,0
1786226844,R_100,590.77,7,-0.12000000000000455,0.1312376978361659,0,1,3,0
1786226888,R_100,590.28,8,-0.38999999999998636,0.14159802258505313,3,1,3,1
1786226918,R_100,590.79,9,-0.18000000000006366,0.13428411008837557,8,1,3,0
1786226920,R_100,590.68,8,-0.11000000000001364,0.1374206841943728,2,1,3,0
1786226922,R_100,590.52,2,-0.15999999999996817,0.11845768114490245,0,1,3,0
1786226948,R_100,590.58,8,-0.25,0.10213825053438375,0,1,3,0
1786226950,R_100,590.4,0,-0.18000000000006366,0.11127543404645242,8,1,3,0
1786226970,R_100,590.84,4,-0.12000000000000455,0.12321616055625938,4,1,3,0
1786227048,R_100,590.27,7,-0.13999999999998636,0.10340857475727917,2,1,3,0
1786227058,R_100,590.35,5,-0.16999999999995907,0.11757267256181345,0,1,3,0
1786227130,R_100,592.9,0,-0.10000000000002274,0.12018966492819813,9,1,3,0
1786227134,R_100,592.97,7,-0.12000000000000455,0.12561404733902667,3,1,3,1
1786227140,R_100,593.02,2,-0.13999999999998636,0.11047372739454771,2,1,3,0
1786227142,R_100,592.92,2,-0.10000000000002274,0.11520030864156569,5,1,3,0
1786227152,R_100,592.8,0,-0.2700000000000955,0.1383594352884467,1,1,3,0
1786227172,R_100,592.93,3,-0.17000000000007276,0.12684636376343286,6,1,3,0
1786227216,R_100,592.68,8,-0.21000000000003638,0.1322833658813092,3,1,3,1
1786227224,R_100,592.62,2,-0.22000000000002728,0.13444949485464855,4,1,3,0
1786227288,R_100,592.0,0,-0.10000000000002274,0.14109098719148302,3,1,3,1
1786227294,R_100,592.14,4,-0.12000000000000455,0.12890995996346266,1,1,3,0
1786227348,R_100,592.17,7,-0.19000000000005457,0.1283441553878636,1,1,3,0
1786227382,R_100,591.61,1,-0.22000000000002728,0.14492910144081295,3,1,3,1
1786227412,R_100,591.8,0,-0.11000000000001364,0.10170217958988804,0,1,3,0
1786227430,R_100,591.41,1,-0.2900000000000773,0.10022197585585377,4,1,3,0
1786227434,R_100,591.17,7,-0.17000000000007276,0.10403525043629067,9,1,3,0
1786227436,R_100,590.99,9,-0.17999999999994998,0.1001165986904209,5,1,3,0
1786227538,R_100,591.75,5,-0.2400000000000091,0.1287072474865257,2,1,3,0
1786227540,R_100,591.62,2,-0.12999999999999545,0.13961852790133344,8,1,3,0
1786227602,R_100,591.26,6,-0.13999999999998636,0.13819872969347013,4,1,3,0
1786227622,R_100,591.5,0,-0.12999999999999545,0.13688600285556832,8,1,3,0
1786227624,R_100,591.38,8,-0.12000000000000455,0.10946333734278847,6,1,3,0
1786227638,R_100,591.76,6,-0.16999999999995907,0.14231811003676598,9,1,3,0
1786227642,R_100,591.79,9,-0.10000000000002274,0.14263005760823008,0,1,3,0
1786227660,R_100,592.22,2,-0.10000000000002274,0.12365273955717798,7,1,3,0
1786227668,R_100,592.23,3,-0.22000000000002728,0.13990472948879668,5,1,3,0
1786227676,R_100,592.09,9,-0.25,0.14408330923463494,8,1,3,0
1786227684,R_100,592.12,2,-0.16999999999995907,0.1370523014521565,9,1,3,0
1786227700,R_100,592.32,2,-0.2299999999999045,0.13603921003394084,8,1,3,0
1786227726,R_100,592.37,7,-0.13999999999998636,0.13097921802925858,8,1,3,0
1786227746,R_100,592.68,8,-0.12000000000000455,0.11779926428744442,0,1,3,0
1786227794,R_100,592.49,9,-0.2799999999999727,0.13442883288605972,9,1,3,0
1786227826,R_100,592.27,7,-0.17000000000007276,0.11954078801814444,6,1,3,0
1786227878,R_100,593.72,2,-0.2599999999999909,0.12978614889288928,2,1,3,0
1786227936,R_100,594.48,8,-0.22000000000002728,0.1376347824255574,5,1,3,0
1786227966,R_100,594.4,0,-0.11000000000001364,0.12695143428361846,1,1,3,0
1786227970,R_100,594.28,8,-0.12999999999999545,0.11936870984010457,7,1,3,0
1786227972,R_100,594.17,7,-0.11000000000001364,0.12156845351032122,4,1,3,0
1786227974,R_100,593.84,4,-0.32999999999992724,0.14118939211017717,6,1,3,0
1786228018,R_100,593.39,9,-0.16999999999995907,0.14120513053317438,2,1,3,0
1786228100,R_100,593.96,6,-0.17999999999994998,0.11673807338557457,0,1,3,0
1786228108,R_100,593.94,4,-0.11999999999989086,0.13184165586875882,4,1,3,0
1786228168,R_100,592.76,6,-0.18000000000006366,0.10198583779680677,8,1,3,0
1786228172,R_100,592.65,5,-0.2300000000000182,0.13070747662031684,5,1,3,0
1786228174,R_100,592.55,5,-0.10000000000002274,0.1313561739868048,7,1,3,0
1786228176,R_100,592.37,7,-0.17999999999994998,0.10549354903922745,9,1,3,0
1786228182,R_100,592.44,4,-0.15999999999996817,0.13704824778969327,9,1,3,0
1786228184,R_100,592.29,9,-0.15000000000009095,0.1404002215889528,2,1,3,0
1786228236,R_100,591.59,9,-0.10000000000002274,0.13656500283746417,7,1,3,0
1786228238,R_100,591.47,7,-0.12000000000000455,0.13118688958884825,2,1,3,0
1786228246,R_100,591.39,9,-0.15999999999996817,0.11140017953304607,7,1,3,0
1786228258,R_100,591.13,3,-0.17999999999994998,0.08167687011087581,8,1,3,0
1786228286,R_100,591.67,7,-0.12999999999999545,0.11957796155178295,8,1,3,0
1786228294,R_100,591.51,1,-0.19000000000005457,0.12899612397276797,7,1,3,0
1786228302,R_100,591.58,8,-0.12999999999999545,0.1314407344268297,2,1,3,0
1786228314,R_100,591.49,9,-0.12000000000000455,0.11525816432880305,7,1,3,0
1786228362,R_100,591.2,0,-0.12000000000000455,0.1377437233899817,5,1,3,0
1786228402,R_100,590.45,5,-0.2799999999999727,0.12875903420296242,2,1,3,0
1786228404,R_100,590.22,2,-0.2300000000000182,0.13737620689993663,1,1,3,0
1786228426,R_100,590.03,3,-0.14999999999997726,0.11545080722493965,8,1,3,0
1786228430,R_100,589.98,8,-0.10000000000002274,0.11080012033688805,0,1,3,0
1786228434,R_100,589.76,6,-0.13999999999998636,0.09935346552140162,9,1,3,0
1786228438,R_100,589.64,4,-0.14999999999997726,0.09988882709181465,6,1,3,0
1786228452,R_100,589.52,2,-0.19000000000005457,0.10315037566582036,2,1,3,0
1786228454,R_100,589.32,2,-0.1999999999999318,0.1111755368774885,5,1,3,0
1786228466,R_100,589.43,3,-0.17000000000007276,0.1293788579671816,3,1,3,1
1786228470,R_100,589.28,8,-0.14999999999997726,0.1309834595155744,7,1,3,0
1786228508,R_100,589.39,9,-0.12000000000000455,0.11333823518810418,1,1,3,0
1786228520,R_100,589.36,6,-0.21000000000003638,0.1396980871578598,3,1,3,1
1786228552,R_100,589.62,2,-0.11000000000001364,0.09915756260730749,1,1,3,0
1786228556,R_100,589.58,8,-0.12999999999999545,0.07586537784493894,9,1,3,0
1786228572,R_100,589.71,1,-0.13999999999998636,0.1264427846014614,8,1,3,0
1786228584,R_100,589.6,0,-0.2599999999999909,0.1174544829095957,7,1,3,0
1786228594,R_100,589.51,1,-0.2699999999999818,0.14134669748136985,9,1,3,0
1786228624,R_100,590.38,8,-0.16999999999995907,0.09643074659509687,0,1,3,0
1786228626,R_100,590.2,0,-0.17999999999994998,0.1181383369895795,1,1,3,0
1786228630,R_100,590.31,1,-0.10000000000002274,0.13880441875769395,5,1,3,0
1786228682,R_100,590.16,6,-0.17000000000007276,0.08385834616914059,2,1,3,0
1786228684,R_100,590.02,2,-0.13999999999998636,0.09300537618869577,8,1,3,0
1786228690,R_100,589.91,1,-0.13999999999998636,0.1026320287889471,2,1,3,0
1786228696,R_100,589.64,4,-0.22000000000002728,0.10629623177183596,4,1,3,0
1786228718,R_100,588.65,5,-0.18000000000006366,0.12862088995700127,1,1,3,0
1786228726,R_100,588.66,6,-0.11000000000001364,0.12532624093409256,0,1,3,0
1786228740,R_100,588.99,9,-0.16999999999995907,0.14257941257029447,1,1,3,0
1786228752,R_100,588.98,8,-0.21000000000003638,0.13795732029226312,7,1,3,0
1786228818,R_100,587.35,5,-0.14999999999997726,0.1288237383231456,1,1,3,0
1786228868,R_100,587.25,5,-0.16999999999995907,0.12302212989717555,3,1,3,1
1786228960,R_100,586.64,4,-0.12999999999999545,0.14030126316055605,2,1,3,0
1786228968,R_100,586.81,1,-0.12000000000000455,0.13636552187247755,4,1,3,0
1786228972,R_100,586.74,4,-0.20000000000004547,0.12840906856173503,0,1,3,0
1786228998,R_100,586.04,4,-0.20000000000004547,0.10772392698211487,2,1,3,0
1786229010,R_100,586.36,6,-0.12999999999999545,0.127980033164928,9,1,3,0
1786229014,R_100,586.27,7,-0.12000000000000455,0.12127104628340196,5,1,3,0
1786229078,R_100,585.3,0,-0.16000000000008185,0.13316656236961333,4,1,3,0
1786229080,R_100,585.14,4,-0.15999999999996817,0.13541705128152756,3,1,3,1
1786229084,R_100,584.64,4,-0.19000000000005457,0.11713714658942452,5,1,3,0
1786229086,R_100,584.25,5,-0.38999999999998636,0.14306564149989937,8,1,3,0
1786229120,R_100,585.13,3,-0.2300000000000182,0.1379412113104204,8,1,3,0
1786229124,R_100,585.13,3,-0.14999999999997726,0.13706851490323665,5,1,3,0
1786229138,R_100,584.96,6,-0.11000000000001364,0.13474255287603817,1,1,3,0
1786229170,R_100,586.23,3,-0.12999999999999545,0.09960477453973066,8,1,3,0
1786229174,R_100,586.01,1,-0.16999999999995907,0.1287935471123341,1,1,3,0
1786229204,R_100,585.18,8,-0.16000000000008185,0.143561833368087,2,1,3,0
1786229208,R_100,584.89,9,-0.2300000000000182,0.1283225103661551,6,1,3,0
1786229228,R_100,584.6,0,-0.17999999999994998,0.14448760039069064,0,1,3,0
1786229234,R_100,584.4,0,-0.2400000000000091,0.12758004023617533,3,1,3,1
1786229254,R_100,584.57,7,-0.2299999999999045,0.12383232390794015,8,1,3,0
1786229258,R_100,584.41,1,-0.17000000000007276,0.13081369279330926,6,1,3,0
1786229284,R_100,583.65,5,-0.13999999999998636,0.10200762498734589,6,1,3,0
1786229290,R_100,583.7,0,-0.10999999999989996,0.11477514248883429,4,1,3,0
1786229296,R_100,583.72,2,-0.11000000000001364,0.13281566172706583,1,1,3,0
1786229308,R_100,582.78,8,-0.14999999999997726,0.14507086390989593,7,1,3,0
1786229356,R_100,582.17,7,-0.15000000000009095,0.10435516278557327,9,1,3,0
1786229364,R_100,582.04,4,-0.15000000000009095,0.10263744172790623,8,1,3,0
1786229366,R_100,581.78,8,-0.2599999999999909,0.11981930840507901,3,1,3,1
1786229392,R_100,582.19,9,-0.1999999999999318,0.13666260156556953,0,1,3,0
1786229448,R_100,582.45,5,-0.2599999999999909,0.11266469426281997,3,1,3,1
1786229506,R_100,582.98,8,-0.17999999999994998,0.1272093637363877,4,1,3,0
1786229510,R_100,582.9,0,-0.13999999999998636,0.11644741302405086,2,1,3,0
1786229516,R_100,582.73,3,-0.2599999999999909,0.11019679366175181,9,1,3,0
1786229520,R_100,582.79,9,-0.10000000000002274,0.13042239071568995,8,1,3,0
1786229538,R_100,582.56,6,-0.10000000000002274,0.11907513967613476,8,1,3,0
1786229542,R_100,582.11,1,-0.37000000000000455,0.13333749993489272,2,1,3,0
1786229544,R_100,581.92,2,-0.19000000000005457,0.13644697789902765,5,1,3,0
1786229548,R_100,581.72,2,-0.2300000000000182,0.12973905434457608,6,1,3,0
1786229554,R_100,581.46,6,-0.2400000000000091,0.13866025626210418,4,1,3,0
1786229556,R_100,581.34,4,-0.12000000000000455,0.12743625857662033,4,1,3,0
1786229564,R_100,581.25,5,-0.21000000000003638,0.12570247058478395,2,1,3,0
1786229578,R_100,581.42,2,-0.19000000000005457,0.14195460933382878,3,1,3,1
1786229602,R_100,581.39,9,-0.10000000000002274,0.07589466384405903,2,1,3,0
1786229614,R_100,581.81,1,-0.2300000000000182,0.13990472948881627,1,1,3,0
1786229662,R_100,582.68,8,-0.12000000000000455,0.12946041866147243,2,1,3,0
1786229672,R_100,582.11,1,-0.36000000000001364,0.1410122138130099,1,1,3,0
1786229682,R_100,581.89,9,-0.2300000000000182,0.1277541040871654,5,1,3,0
1786229684,R_100,581.75,5,-0.13999999999998636,0.12893150636417808,1,1,3,0
1786229686,R_100,581.51,1,-0.2400000000000091,0.13737216279550424,4,1,3,0
1786229706,R_100,581.42,2,-0.11000000000001364,0.13337082806138922,1,1,3,0
1786229710,R_100,581.41,1,-0.10000000000002274,0.10469001862642872,9,1,3,0
1786229722,R_100,581.76,6,-0.11000000000001364,0.1306224414954191,0,1,3,0
1786229728,R_100,581.74,4,-0.12999999999999545,0.13199747472332532,3,1,3,1
1786229736,R_100,581.49,9,-0.22000000000002728,0.12605554331327204,1,1,3,0
1786229754,R_100,581.69,9,-0.17999999999994998,0.12452576707921272,3,1,3,1
1786229870,R_100,581.49,9,-0.2799999999999727,0.1432014897501454,8,1,3,0
1786229912,R_100,580.92,2,-0.25,0.11614645926589282,9,1,3,0
1786229936,R_100,581.3,0,-0.15000000000009095,0.14236494574780525,8,1,3,0
1786229962,R_100,580.57,7,-0.2199999999999136,0.10422198531124625,3,1,3,1
1786229964,R_100,580.43,3,-0.14000000000010004,0.10165846961488312,7,1,3,0
1786229966,R_100,580.27,7,-0.15999999999996817,0.10165846961488312,6,1,3,0
1786229970,R_100,580.15,5,-0.11000000000001364,0.09807026959162546,4,1,3,0
1786229984,R_100,580.36,6,-0.13999999999998636,0.11528226229563535,2,1,3,0
1786229986,R_100,580.12,2,-0.2400000000000091,0.12903487900564428,1,1,3,0
1786230020,R_100,580.6,0,-0.11000000000001364,0.11560949595755333,7,1,3,0
1786230026,R_100,580.69,9,-0.2399999999998954,0.13896842167275447,6,1,3,0
1786230042,R_100,580.33,3,-0.2099999999999227,0.1381786283522968,1,1,3,0
1786230044,R_100,580.21,1,-0.12000000000000455,0.11933147112137224,8,1,3,0
1786230048,R_100,580.03,3,-0.14999999999997726,0.09866328823042567,4,1,3,0
1786230060,R_100,580.06,6,-0.11000000000001364,0.1187714892836821,5,1,3,0
1786230062,R_100,579.75,5,-0.30999999999994543,0.13677231688709282,7,1,3,0
1786230108,R_100,580.09,9,-0.2099999999999227,0.1406966792627282,0,1,3,0
1786230118,R_100,579.91,1,-0.13999999999998636,0.1438981121025246,0,1,3,0
1786230158,R_100,580.19,9,-0.14999999999997726,0.12011105971839639,9,1,3,0
1786230160,R_100,579.99,9,-0.20000000000004547,0.12386820953474204,1,1,3,0
1786230170,R_100,580.26,6,-0.13999999999998636,0.13160969231449046,0,1,3,0
1786230198,R_100,580.59,9,-0.12999999999999545,0.13376596477927846,4,1,3,0
1786230204,R_100,580.74,4,-0.10000000000002274,0.13636552187248632,9,1,3,0
1786230212,R_100,580.57,7,-0.13999999999998636,0.12758004023619252,8,1,3,0
1786230214,R_100,580.28,8,-0.2900000000000773,0.14517805160102862,9,1,3,0
1786230220,R_100,580.31,1,-0.10000000000002274,0.14071642090075998,2,1,3,0
1786230268,R_100,581.1,0,-0.16999999999995907,0.13406466101597567,8,1,3,0
1786230314,R_100,582.47,7,-0.15999999999996817,0.07445356494710222,9,1,3,0
1786230318,R_100,582.18,8,-0.21000000000003638,0.10360180178613729,8,1,3,0
1786230324,R_100,582.03,3,-0.18000000000006366,0.11867790208983288,5,1,3,0
1786230338,R_100,582.55,5,-0.14000000000010004,0.14491760110875204,2,1,3,0
1786230356,R_100,582.0,0,-0.10000000000002274,0.13403565031570777,5,1,3,0
1786230378,R_100,581.86,6,-0.1999999999999318,0.13779614572903148,4,1,3,0
1786230398,R_100,582.15,5,-0.12000000000000455,0.14387108426951342,6,1,3,0
1786230410,R_100,582.16,6,-0.12000000000000455,0.13456101466124842,6,1,3,0
1786230418,R_100,582.12,2,-0.11000000000001364,0.12517099415509303,4,1,3,0
1786230472,R_100,582.02,2,-0.13999999999998636,0.09877584050094528,6,1,3,0
1786230478,R_100,582.09,9,-0.1999999999999318,0.12065101187583392,0,1,3,0
1786230480,R_100,581.9,0,-0.19000000000005457,0.13884043599277743,0,1,3,0
1786230482,R_100,581.8,0,-0.10000000000002274,0.14027354229028477,9,1,3,0
1786230496,R_100,581.44,4,-0.13999999999998636,0.12912095965497253,7,1,3,0
1786230506,R_100,581.37,7,-0.20000000000004547,0.13785660827265617,1,1,3,0
1786230508,R_100,581.21,1,-0.15999999999996817,0.12258330500791022,2,1,3,0
1786230514,R_100,581.34,4,-0.14999999999997726,0.14315492772981311,5,1,3,0
1786230556,R_100,581.74,4,-0.14999999999997726,0.13278637815009134,2,1,3,0
1786230568,R_100,581.9,0,-0.12000000000000455,0.11076000080255452,2,1,3,0
1786230592,R_100,582.63,3,-0.12999999999999545,0.1254148670967376,9,1,3,0
1786230618,R_100,582.75,5,-0.14999999999997726,0.0859198593005222,8,1,3,0
1786230648,R_100,581.91,1,-0.12999999999999545,0.12734903917103643,4,1,3,0
1786230654,R_100,581.56,6,-0.2400000000000091,0.10156552345928783,7,1,3,0
1786230662,R_100,581.27,7,-0.2300000000000182,0.09073159439921942,5,1,3,0
1786230680,R_100,581.56,6,-0.13000000000010914,0.1298888413649018,1,1,3,0
1786230684,R_100,581.34,4,-0.16999999999995907,0.1038642276136383,0,1,3,0
1786230712,R_100,580.97,7,-0.2999999999999545,0.1323673340031948,9,1,3,0
1786230726,R_100,580.73,3,-0.14999999999997726,0.14522396496446946,4,1,3,0
1786230738,R_100,580.14,4,-0.10000000000002274,0.13930382462644691,3,1,3,1
1786230792,R_100,581.74,4,-0.13999999999998636,0.10306955580255485,3,1,3,1
1786230794,R_100,581.63,3,-0.11000000000001364,0.11175866856760178,0,1,3,0
1786230796,R_100,581.5,0,-0.12999999999999545,0.11735984548956875,9,1,3,0
1786230816,R_100,582.4,0,-0.15999999999996817,0.13872434697791391,4,1,3,0
1786230850,R_100,582.27,7,-0.2599999999999909,0.13656500283749906,9,1,3,0
1786230866,R_100,582.27,7,-0.11000000000001364,0.12948187346326145,1,1,3,0
1786230872,R_100,582.53,3,-0.11000000000001364,0.13309979547527148,0,1,3,0
1786230952,R_100,582.45,5,-0.30999999999994543,0.11936870984007353,5,1,3,0
1786230954,R_100,582.35,5,-0.10000000000002274,0.11224972160320004,3,1,3,1
1786231020,R_100,582.51,1,-0.11000000000001364,0.13984515246037899,4,1,3,0
1786231026,R_100,582.4,0,-0.15999999999996817,0.1187153458207298,0,1,3,0
1786231032,R_100,582.18,8,-0.18000000000006366,0.10785278031753992,2,1,3,0
1786231056,R_100,582.7,0,-0.14999999999997726,0.13816656614389985,3,1,3,1
1786231078,R_100,583.26,6,-0.19000000000005457,0.13752171545697173,6,1,3,0
1786231080,R_100,583.16,6,-0.10000000000002274,0.14169215456994094,6,1,3,0
1786231084,R_100,583.14,4,-0.12000000000000455,0.13021776632499604,2,1,3,0
1786231106,R_100,582.55,5,-0.20000000000004547,0.1352405264704515,5,1,3,0
1786231162,R_100,582.11,1,-0.12000000000000455,0.13333333333331854,1,1,3,0
1786231164,R_100,582.01,1,-0.10000000000002274,0.1383273091057608,4,1,3,0
1786231180,R_100,582.11,1,-0.16999999999995907,0.12968337510173994,0,1,3,0
1786231182,R_100,581.9,0,-0.21000000000003638,0.14066903631496167,2,1,3,0
1786231188,R_100,581.66,6,-0.11000000000001364,0.14239616099693891,3,1,3,1
1786231190,R_100,581.53,3,-0.12999999999999545,0.14298407059684576,2,1,3,0
1786231202,R_100,581.73,3,-0.11000000000001364,0.1275451989601154,6,1,3,0
1786231208,R_100,581.79,9,-0.18000000000006366,0.14376292212452035,4,1,3,0
1786231244,R_100,583.12,2,-0.15999999999996817,0.13475904422339302,7,1,3,0
1786231248,R_100,582.96,6,-0.11000000000001364,0.12576874722195172,9,1,3,0
1786231258,R_100,583.18,8,-0.14000000000010004,0.13630439790735985,3,1,3,1
1786231260,R_100,583.03,3,-0.14999999999997726,0.14329844536645533,6,1,3,0
1786231276,R_100,583.27,7,-0.14999999999997726,0.12103718436909942,6,1,3,0
1786231296,R_100,583.56,6,-0.13000000000010914,0.13916017948953702,1,1,3,0
1786231300,R_100,583.52,2,-0.19000000000005457,0.14281300905577476,8,1,3,0
1786231326,R_100,584.4,0,-0.11000000000001364,0.14368174708170556,4,1,3,0
1786231344,R_100,584.28,8,-0.10000000000002274,0.14103191128253376,5,1,3,0
1786231348,R_100,584.12,2,-0.12999999999999545,0.1302817459713296,9,1,3,0
1786231350,R_100,583.89,9,-0.2300000000000182,0.13209844813624713,2,1,3,0
1786231352,R_100,583.72,2,-0.16999999999995907,0.10812030336622953,7,1,3,0
1786231354,R_100,583.47,7,-0.25,0.11644741302409872,2,1,3,0
1786231380,R_100,583.74,4,-0.12999999999999545,0.10885260166337919,2,1,3,0
1786231394,R_100,584.06,6,-0.2400000000000091,0.14296852800528867,9,1,3,0
1786231404,R_100,583.87,7,-0.10000000000002274,0.12505998560692005,0,1,3,0
1786231410,R_100,583.6,0,-0.12000000000000455,0.08310635755865382,0,1,3,0
1786231412,R_100,583.5,0,-0.10000000000002274,0.08137703743823377,3,1,3,1
1786231416,R_100,583.31,1,-0.22000000000002728,0.07714344503008908,5,1,3,0
1786231420,R_100,583.31,1,-0.2400000000000091,0.13428411008836363,8,1,3,0
1786231444,R_100,583.09,9,-0.15999999999996817,0.07242620765685003,3,1,3,1
1786231456,R_100,583.23,3,-0.11000000000001364,0.10780641085864244,4,1,3,0
1786231462,R_100,583.2,0,-0.16999999999995907,0.1256317369669505,2,1,3,0
1786231472,R_100,582.95,5,-0.34999999999990905,0.14323252268792733,7,1,3,0
1786231478,R_100,582.77,7,-0.17000000000007276,0.14337596265295524,9,1,3,0
1786231524,R_100,583.03,3,-0.10000000000002274,0.12991022541227865,0,1,3,0
1786231526,R_100,582.9,0,-0.12999999999999545,0.12728358539541804,9,1,3,0
1786231546,R_100,583.22,2,-0.1999999999999318,0.12016655108638989,1,1,3,0
1786231572,R_100,582.34,4,-0.12999999999999545,0.12534840334933306,4,1,3,0
1786231582,R_100,582.26,6,-0.15999999999996817,0.12229290885230544,6,1,3,0
1786231586,R_100,582.15,5,-0.11000000000001364,0.11222992272809935,9,1,3,0
1786231598,R_100,581.5,0,-0.12000000000000455,0.11527744310527366,0,1,3,0
1786231638,R_100,581.33,3,-0.12999999999999545,0.08353309390760254,6,1,3,0
1786231644,R_100,581.16,6,-0.12999999999999545,0.07223418704308439,3,1,3,1
1786231652,R_100,580.99,9,-0.2300000000000182,0.09143303560530766,5,1,3,0
1786231754,R_100,581.53,3,-0.2400000000000091,0.14110673659010364,4,1,3,0
1786231768,R_100,580.95,5,-0.13999999999998636,0.10381607668264352,4,1,3,0
1786231772,R_100,581.12,2,-0.12000000000000455,0.14230249470756404,4,1,3,0
1786231778,R_100,581.04,4,-0.12000000000000455,0.14071642090071831,9,1,3,0
1786231782,R_100,580.84,4,-0.14999999999997726,0.1378243648835451,9,1,3,0
1786231798,R_100,581.12,2,-0.12999999999999545,0.12497110777207217,3,1,3,1
1786231804,R_100,581.1,0,-0.2300000000000182,0.11957796155183906,3,1,3,1
1786231892,R_100,580.76,6,-0.13999999999998636,0.09118966803072177,7,1,3,0
1786231902,R_100,580.9,0,-0.10000000000002274,0.10801748829600184,3,1,3,1
1786231920,R_100,581.68,8,-0.20000000000004547,0.12778454088384453,8,1,3,0
1786231926,R_100,581.85,5,-0.13999999999998636,0.1392838827718628,7,1,3,0
1786231940,R_100,581.3,0,-0.2599999999999909,0.13942740046346802,5,1,3,0
1786231946,R_100,581.43,3,-0.12000000000000455,0.12778454088381605,2,1,3,0
1786231948,R_100,581.22,2,-0.2099999999999227,0.13826303434635856,5,1,3,0
1786231968,R_100,581.16,6,-0.12000000000000455,0.13099618315048164,0,1,3,0
1786231974,R_100,580.72,2,-0.17999999999994998,0.14218923228493258,2,1,3,0
1786231976,R_100,580.62,2,-0.10000000000002274,0.1324302751555598,8,1,3,0
1786231998,R_100,580.77,7,-0.11000000000001364,0.13091557924437003,0,1,3,0
1786232002,R_100,580.69,9,-0.10999999999989996,0.12068784344561678,8,1,3,0
1786232006,R_100,580.41,1,-0.2699999999999818,0.11315672514012394,6,1,3,0
1786232010,R_100,580.15,5,-0.21000000000003638,0.11255122290661078,4,1,3,0
1786232016,R_100,580.0,0,-0.10000000000002274,0.09366607354496878,1,1,3,0
1786232024,R_100,579.78,8,-0.13999999999998636,0.09140872800535188,8,1,3,0
1786232038,R_100,579.96,6,-0.14999999999997726,0.09606132300659855,0,1,3,0
1786232044,R_100,579.73,3,-0.2599999999999909,0.11900046685248865,0,1,3,0
1786232050,R_100,579.76,6,-0.11000000000001364,0.1267368226768322,4,1,3,0
1786232056,R_100,579.85,5,-0.11000000000001364,0.13817862835233619,1,1,3,0
1786232066,R_100,580.1,0,-0.12999999999999545,0.13408123574079756,0,1,3,0
1786232078,R_100,579.65,5,-0.17000000000007276,0.12971764207953654,5,1,3,0
1786232082,R_100,579.46,6,-0.18999999999994088,0.1279930553671851,0,1,3,0
1786232088,R_100,579.39,9,-0.15999999999996817,0.13353734392380695,9,1,3,0
1786232114,R_100,578.55,5,-0.14000000000010004,0.11195733314280394,4,1,3,0
1786232118,R_100,578.42,2,-0.22000000000002728,0.13300375934538997,8,1,3,0
1786232142,R_100,578.6,0,-0.2300000000000182,0.14348441649803795,4,1,3,0
1786232146,R_100,578.5,0,-0.13999999999998636,0.12754519896013525,3,1,3,1
1786232158,R_100,578.35,5,-0.18999999999994088,0.13623509092741093,1,1,3,0
1786232210,R_100,578.66,6,-0.20000000000004547,0.12454807193299652,5,1,3,0
1786232224,R_100,578.02,2,-0.20000000000004547,0.12841339493992981,6,1,3,0
1786232226,R_100,577.86,6,-0.15999999999996817,0.12156388352540225,0,1,3,0
1786232232,R_100,577.6,0,-0.11000000000001364,0.08910044269748807,8,1,3,0
1786232234,R_100,577.38,8,-0.22000000000002728,0.07974960814952362,8,1,3,0
1786232236,R_100,577.28,8,-0.10000000000002274,0.07771743691091325,4,1,3,0
1786232242,R_100,577.0,0,-0.3300000000000409,0.11133532932344828,7,1,3,0
1786232252,R_100,576.9,0,-0.14999999999997726,0.13824294235553272,4,1,3,0
1786232262,R_100,577.08,8,-0.12999999999999545,0.11093541664709215,9,1,3,0
1786232274,R_100,577.06,6,-0.10000000000002274,0.09750213672871189,9,1,3,0
1786232276,R_100,576.89,9,-0.16999999999995907,0.11304374767710426,8,1,3,0
1786232278,R_100,576.68,8,-0.21000000000003638,0.10358034991681302,5,1,3,0
1786232282,R_100,576.61,1,-0.13999999999998636,0.10677598564804393,8,1,3,0
1786232284,R_100,576.38,8,-0.2300000000000182,0.11883228143527305,1,1,3,0
1786232286,R_100,576.21,1,-0.16999999999995907,0.12247902314727838,6,1,3,0
1786232292,R_100,576.29,9,-0.10000000000002274,0.12780627701503633,5,1,3,0
1786232312,R_100,576.48,8,-0.12000000000000455,0.0737036106457761,4,1,3,0
1786232316,R_100,576.4,0,-0.13999999999998636,0.08849984306326636,2,1,3,0
1786232336,R_100,576.93,3,-0.15000000000009095,0.10122033173012086,0,1,3,0
1786232344,R_100,576.72,2,-0.15999999999996817,0.1102975772877971,9,1,3,0
1786232346,R_100,576.59,9,-0.12999999999999545,0.10760524563835545,9,1,3,0
1786232362,R_100,576.79,9,-0.12000000000000455,0.10170217958986967,6,1,3,0
1786232366,R_100,576.55,5,-0.21000000000003638,0.1034085747572844,5,1,3,0
1786232384,R_100,576.71,1,-0.12999999999999545,0.1375378735718484,2,1,3,0
1786232396,R_100,575.58,8,-0.2999999999999545,0.13477965556994487,6,1,3,0
1786232456,R_100,576.88,8,-0.15999999999996817,0.11264990013307531,9,1,3,0
1786232466,R_100,576.15,5,-0.19000000000005457,0.14025769933310986,4,1,3,0
1786232492,R_100,576.33,3,-0.14999999999997726,0.14371654200003106,7,1,3,0
1786232500,R_100,575.94,4,-0.14999999999997726,0.12401164819842704,5,1,3,0
1786232604,R_100,576.54,4,-0.19000000000005457,0.13138577633148932,0,1,3,0
1786232614,R_100,576.72,2,-0.12999999999999545,0.12294985427674582,2,1,3,0
1786232634,R_100,576.5,0,-0.13999999999998636,0.13934768666103195,2,1,3,0
1786232642,R_100,576.54,4,-0.15000000000009095,0.12347289401144275,2,1,3,0
1786232666,R_100,576.18,8,-0.12000000000000455,0.14082692293099544,5,1,3,0
1786232668,R_100,576.05,5,-0.12999999999999545,0.1443914432675292,2,1,3,0
1786232696,R_100,576.19,9,-0.11999999999989086,0.06619835513227518,8,1,3,0
1786232712,R_100,576.54,4,-0.10000000000002274,0.11222992272808337,6,1,3,0
1786232722,R_100,576.62,2,-0.10000000000002274,0.12818822965552462,4,1,3,0
1786232796,R_100,577.25,5,-0.2799999999999727,0.13135617398675686,5,1,3,0
1786232800,R_100,577.14,4,-0.11000000000001364,0.11301917241481851,6,1,3,0
1786232822,R_100,577.25,5,-0.11000000000001364,0.11425604773680785,3,1,3,1
1786232836,R_100,576.55,5,-0.2599999999999909,0.11411982007231071,7,1,3,0
1786232840,R_100,576.32,2,-0.14999999999997726,0.11107554986485739,4,1,3,0
1786232856,R_100,576.32,2,-0.16999999999995907,0.13556876074112278,9,1,3,0
1786232868,R_100,576.44,4,-0.14999999999997726,0.12490440789304594,4,1,3,0
1786232870,R_100,576.34,4,-0.10000000000002274,0.1275451989601289,0,1,3,0
1786232900,R_100,576.46,6,-0.2199999999999136,0.12065101187580751,3,1,3,1
1786232908,R_100,576.52,2,-0.11000000000001364,0.12901334986905327,7,1,3,0
1786232950,R_100,576.05,5,-0.15000000000009095,0.11352924243951783,7,1,3,0
1786232988,R_100,576.18,8,-0.32000000000005,0.13110216541986972,9,1,3,0
1786232994,R_100,576.15,5,-0.12999999999999545,0.13337082806138384,2,1,3,0
1786233040,R_100,577.21,1,-0.15999999999996817,0.14161371559437091,2,1,3,0
1786233056,R_100,577.17,7,-0.25,0.13008117123975826,3,1,3,1
1786233058,R_100,577.03,3,-0.13999999999998636,0.13359973386531984,5,1,3,0
1786233068,R_100,577.13,3,-0.10000000000002274,0.13918812209860223,6,1,3,0
1786233084,R_100,577.52,2,-0.19000000000005457,0.13401492454202024,9,1,3,0
1786233086,R_100,577.39,9,-0.12999999999999545,0.1411224842311085,2,1,3,0
1786233096,R_100,577.39,9,-0.11000000000001364,0.11029757728779904,0,1,3,0
1786233098,R_100,577.2,0,-0.18999999999994088,0.1060607792206425,8,1,3,0
1786233118,R_100,577.48,8,-0.14999999999997726,0.13918812209857698,3,1,3,1
1786233130,R_100,577.47,7,-0.30999999999994543,0.13222875800837872,5,1,3,0
1786233138,R_100,577.5,0,-0.12999999999999545,0.14265732056611577,7,1,3,0
1786233140,R_100,577.37,7,-0.12999999999999545,0.1377759856514019,4,1,3,0
1786233156,R_100,576.95,5,-0.15999999999996817,0.12363027317142641,8,1,3,0
1786233162,R_100,577.01,1,-0.14999999999997726,0.13792510044702985,3,1,3,1
1786233202,R_100,577.12,2,-0.11000000000001364,0.0714998057495414,9,1,3,0
1786233218,R_100,577.22,2,-0.11000000000001364,0.08042249547097352,2,1,3,0
1786233222,R_100,577.0,0,-0.22000000000002728,0.0999777753081061,1,1,3,0
1786233230,R_100,576.72,2,-0.2799999999999727,0.11450861200025253,9,1,3,0
1786233308,R_100,577.12,2,-0.12000000000000455,0.1452966314513413,3,1,3,1
1786233324,R_100,577.48,8,-0.13999999999998636,0.13116571367718535,0,1,3,0
1786233326,R_100,577.3,0,-0.18000000000006366,0.1435424830649379,6,1,3,0
1786233376,R_100,577.49,9,-0.12999999999999545,0.1347590442234117,5,1,3,0
1786233378,R_100,577.35,5,-0.13999999999998636,0.13377011790550294,1,1,3,0
1786233406,R_100,577.83,3,-0.14999999999997726,0.0913844139397442,1,1,3,0
1786233410,R_100,577.67,7,-0.2400000000000091,0.12354036677225015,4,1,3,0
1786233412,R_100,577.54,4,-0.12999999999999545,0.13028174597131045,9,1,3,0
1786233414,R_100,577.39,9,-0.14999999999997726,0.12138551991254935,4,1,3,0
1786233416,R_100,577.24,4,-0.14999999999997726,0.12181953866271035,6,1,3,0
1786233426,R_100,576.98,8,-0.12000000000000455,0.10047111248733626,4,1,3,0
1786233430,R_100,577.14,4,-0.10000000000002274,0.12849989191521638,2,1,3,0
1786233434,R_100,577.02,2,-0.10000000000002274,0.122024587686257,7,1,3,0
1786233448,R_100,577.31,1,-0.13000000000010914,0.1354047430648197,3,1,3,1
1786233466,R_100,577.74,4,-0.13999999999998636,0.137759855465137,8,1,3,0
1786233472,R_100,577.52,2,-0.18000000000006366,0.13968615615808716,5,1,3,0
1786233478,R_100,577.5,0,-0.12000000000000455,0.14116971661403982,3,1,3,1
1786233508,R_100,577.46,6,-0.14999999999997726,0.12684198393625332,2,1,3,0
1786233522,R_100,577.81,1,-0.11000000000001364,0.10036046144881225,6,1,3,0
1786233526,R_100,577.54,4,-0.22000000000002728,0.12383232390794617,2,1,3,0
1786233546,R_100,577.51,1,-0.13999999999998636,0.1120565333510796,1,1,3,0
1786233556,R_100,577.45,5,-0.2299999999999045,0.12684636376336866,5,1,3,0
1786233570,R_100,577.12,2,-0.15999999999996817,0.10915839663328329,7,1,3,0
1786233572,R_100,576.97,7,-0.14999999999997726,0.10466878978734591,5,1,3,0
1786233576,R_100,577.07,7,-0.17999999999994998,0.13579396157412896,4,1,3,0
1786233582,R_100,576.88,8,-0.14999999999997726,0.13339998334164088,2,1,3,0
1786233590,R_100,576.74,4,-0.10000000000002274,0.13306639946531582,1,1,3,0
1786233638,R_100,576.69,9,-0.10999999999989996,0.12443650768342944,4,1,3,0
1786233650,R_100,576.97,7,-0.10000000000002274,0.10046558282980236,6,1,3,0
1786233658,R_100,577.02,2,-0.11000000000001364,0.10770845422302247,3,1,3,1
1786233664,R_100,576.98,8,-0.11000000000001364,0.10629623177183378,3,1,3,1
1786233668,R_100,576.82,2,-0.2099999999999227,0.11587828863845431,2,1,3,0
1786233674,R_100,576.62,2,-0.20000000000004547,0.11341173758574044,5,1,3,0
1786233702,R_100,576.64,4,-0.10000000000002274,0.13669105473456256,1,1,3,0
1786233704,R_100,576.51,1,-0.12999999999999545,0.1315759180938001,2,1,3,0
1786233720,R_100,576.52,2,-0.15999999999996817,0.11083521301663245,2,1,3,0
1786233726,R_100,576.37,7,-0.2400000000000091,0.12730104302618142,0,1,3,0
1786233774,R_100,577.1,0,-0.10000000000002274,0.11888836967695648,7,1,3,0
1786233782,R_100,576.88,8,-0.10000000000002274,0.1098281485877877,8,1,3,0
1786233792,R_100,577.04,4,-0.19000000000005457,0.14041209191363624,6,1,3,0
1786233822,R_100,575.98,8,-0.14999999999997726,0.13644697789900875,7,1,3,0
1786233824,R_100,575.77,7,-0.21000000000003638,0.14391741458981785,8,1,3,0
1786233952,R_100,575.53,3,-0.14999999999997726,0.11820885471627568,3,1,3,1
1786233954,R_100,575.23,3,-0.2999999999999545,0.14298407059684298,2,1,3,0
1786233956,R_100,575.12,2,-0.11000000000001364,0.14166078419159134,6,1,3,0
1786234016,R_100,575.5,0,-0.17999999999994998,0.1211243621700631,3,1,3,1
1786234022,R_100,575.58,8,-0.13999999999998636,0.13416821945268723,3,1,3,1
1786234050,R_100,575.73,3,-0.11000000000001364,0.1262669130585399,3,1,3,1
1786234052,R_100,575.63,3,-0.10000000000002274,0.13218253372598804,6,1,3,0
1786234056,R_100,575.44,4,-0.11999999999989086,0.0964998560735743,2,1,3,0
1786234058,R_100,575.32,2,-0.12000000000000455,0.07086763875156293,1,1,3,0
1786234064,R_100,575.23,3,-0.11000000000001364,0.05518655230720041,1,1,3,0
1786234118,R_100,575.57,7,-0.10999999999989996,0.1421423386765826,3,1,3,1
1786234136,R_100,575.49,9,-0.2599999999999909,0.13253511065204474,1,1,3,0
1786234176,R_100,576.16,6,-0.16000000000008185,0.11901913945058018,6,1,3,0
1786234180,R_100,576.09,9,-0.16999999999995907,0.11758684733704448,9,1,3,0
1786234182,R_100,575.99,9,-0.10000000000002274,0.09472767986884743,5,1,3,0
1786234232,R_100,576.72,2,-0.1999999999999318,0.10479609831582168,3,1,3,1
1786234242,R_100,576.98,8,-0.2300000000000182,0.14483707321599967,1,1,3,0
1786234278,R_100,577.36,6,-0.12999999999999545,0.11568155523773226,2,1,3,0
1786234280,R_100,577.22,2,-0.13999999999998636,0.07586537784494848,1,1,3,0
1786234298,R_100,577.67,7,-0.17000000000007276,0.13194695904036474,9,1,3,0
1786234314,R_100,578.03,3,-0.14999999999997726,0.11564312920938362,3,1,3,1
1786234330,R_100,577.26,6,-0.12999999999999545,0.11185804495975012,9,1,3,0
1786234336,R_100,576.93,3,-0.3300000000000409,0.11333333333333882,6,1,3,0
1786234340,R_100,576.71,1,-0.25,0.12833982667556157,1,1,3,0
1786234342,R_100,576.61,1,-0.10000000000002274,0.1263372910549895,1,1,3,0
1786234348,R_100,576.51,1,-0.11000000000001364,0.13406466101600645,1,1,3,0
1786234358,R_100,576.35,5,-0.11000000000001364,0.12792793110012704,4,1,3,0
1786234390,R_100,576.43,3,-0.20000000000004547,0.1353021310500014,6,1,3,0
1786234428,R_100,575.83,3,-0.2899999999999636,0.13806600675843947,9,1,3,0
1786234486,R_100,577.37,7,-0.12000000000000455,0.13140268896285265,1,1,3,0
1786234492,R_100,577.19,9,-0.2199999999999136,0.13810221657243946,0,1,3,0
1786234514,R_100,576.66,6,-0.14999999999997726,0.12348639151293438,2,1,3,0
1786234532,R_100,577.14,4,-0.19000000000005457,0.14118939211020676,2,1,3,0
1786234536,R_100,577.06,6,-0.16000000000008185,0.14096492865646396,4,1,3,0
1786234538,R_100,576.94,4,-0.11999999999989086,0.13633700076568883,9,1,3,0
1786234564,R_100,577.36,6,-0.11000000000001364,0.13253511065209228,1,1,3,0
1786234572,R_100,577.25,5,-0.14999999999997726,0.1403329374499778,1,1,3,0
1786234584,R_100,577.46,6,-0.15999999999996817,0.12613925285615607,8,1,3,0
1786234612,R_100,577.68,8,-0.17000000000007276,0.143697212530003,6,1,3,0
1786234614,R_100,577.46,6,-0.2199999999999136,0.1432208861242647,8,1,3,0
1786234622,R_100,577.5,0,-0.15999999999996817,0.11789354897060442,2,1,3,0
1786234666,R_100,577.45,5,-0.15999999999996817,0.08407007658956053,0,1,3,0
1786234676,R_100,577.51,1,-0.20000000000004547,0.122042797593486,2,1,3,0
1786234690,R_100,577.49,9,-0.13999999999998636,0.1148186976643382,8,1,3,0
1786234692,R_100,577.38,8,-0.11000000000001364,0.11855144218627327,5,1,3,0
1786234698,R_100,577.16,6,-0.3000000000000682,0.13014521803655515,5,1,3,0
1786234704,R_100,577.18,8,-0.12999999999999545,0.14360826345769714,2,1,3,0
1786234736,R_100,577.55,5,-0.2599999999999909,0.1327487183449444,8,1,3,0
1786234740,R_100,577.35,5,-0.12999999999999545,0.1345610146612602,6,1,3,0
1786234792,R_100,577.97,7,-0.13999999999998636,0.11666190466470164,4,1,3,0
1786234802,R_100,577.81,1,-0.13000000000010914,0.11035800328425716,0,1,3,0
1786234804,R_100,577.6,0,-0.2099999999999227,0.12329278612760305,6,1,3,0
1786234810,R_100,577.29,9,-0.2599999999999909,0.104965602831464,6,1,3,0
1786234814,R_100,577.21,1,-0.14999999999997726,0.10562512327408295,9,1,3,0
1786234816,R_100,576.99,9,-0.22000000000002728,0.11411982007229325,6,1,3,0
1786234830,R_100,577.21,1,-0.12000000000000455,0.1220018214800316,1,1,3,0
1786234832,R_100,577.11,1,-0.10000000000002274,0.12176936305072156,4,1,3,0
1786234834,R_100,576.94,4,-0.16999999999995907,0.12419071355513386,4,1,3,0
1786234836,R_100,576.84,4,-0.10000000000002274,0.10824355254085936,2,1,3,0
1786234880,R_100,577.71,1,-0.15999999999996817,0.12752341832864333,9,1,3,0
1786234882,R_100,577.59,9,-0.12000000000000455,0.13228336588130973,2,1,3,0
1786234892,R_100,577.4,0,-0.12000000000000455,0.12631970023187514,7,1,3,0
1786234904,R_100,577.32,2,-0.13999999999998636,0.08550503558921868,3,1,3,1
1786234934,R_100,575.45,5,-0.37000000000000455,0.14148419621205388,5,1,3,0
1786235010,R_100,575.06,6,-0.19000000000005457,0.12357633718116835,6,1,3,0
1786235020,R_100,575.02,2,-0.10000000000002274,0.11245245909075345,8,1,3,0
1786235026,R_100,575.03,3,-0.18000000000006366,0.13093255261140144,8,1,3,0
1786235030,R_100,575.04,4,-0.13999999999998636,0.13489090241953258,2,1,3,0
1786235072,R_100,574.29,9,-0.17000000000007276,0.11813833698957861,5,1,3,0
1786235114,R_100,574.22,2,-0.10000000000002274,0.13476316674488223,1,1,3,0
1786235122,R_100,574.18,8,-0.18000000000006366,0.13630439790735796,7,1,3,0
1786235124,R_100,574.07,7,-0.10999999999989996,0.13542115377180516,1,1,3,0
1786235140,R_100,574.0,0,-0.2999999999999545,0.14416040448826573,4,1,3,0
1786235150,R_100,574.05,5,-0.11000000000001364,0.117378779077703,9,1,3,0
1786235162,R_100,574.16,6,-0.2800000000000864,0.14505171491577382,3,1,3,1
1786235226,R_100,574.29,9,-0.12000000000000455,0.09421606374004904,5,1,3,0
1786235236,R_100,574.24,4,-0.18999999999994088,0.12249716550008079,0,1,3,0
1786235270,R_100,573.37,7,-0.25,0.14167254889749722,6,1,3,0
1786235296,R_100,572.75,5,-0.16999999999995907,0.09439868172336716,6,1,3,0
1786235298,R_100,572.56,6,-0.19000000000005457,0.09487418569405416,9,1,3,0
1786235306,R_100,572.54,4,-0.22000000000002728,0.12038826077877743,1,1,3,0
1786235320,R_100,572.32,2,-0.13999999999998636,0.14514743462349375,5,1,3,0
1786235346,R_100,571.81,1,-0.13000000000010914,0.12509551905998462,9,1,3,0
1786235348,R_100,571.69,9,-0.11999999999989086,0.12260596324086176,9,1,3,0
1786235390,R_100,572.99,9,-0.2400000000000091,0.1414567071580491,2,1,3,0
1786235428,R_100,574.24,4,-0.12999999999999545,0.139240000638395,8,1,3,0
1786235444,R_100,574.44,4,-0.2299999999999045,0.13459816739709515,6,1,3,0
1786235478,R_100,574.68,8,-0.12000000000000455,0.1027402333828322,8,1,3,0
1786235488,R_100,574.81,1,-0.2400000000000091,0.14323252268795425,4,1,3,0
1786235494,R_100,574.84,4,-0.16999999999995907,0.14456448003878392,3,1,3,1
1786235524,R_100,576.01,1,-0.10000000000002274,0.12274635093013772,3,1,3,1
1786235526,R_100,575.83,3,-0.17999999999994998,0.1394274004634549,2,1,3,0
1786235530,R_100,575.59,9,-0.2300000000000182,0.13451559182653278,0,1,3,0
1786235532,R_100,575.4,0,-0.19000000000005457,0.13687382673266912,6,1,3,0
1786235576,R_100,575.67,7,-0.12999999999999545,0.13216572088772158,2,1,3,0
1786235578,R_100,575.52,2,-0.14999999999997726,0.13364962484876325,4,1,3,0
1786235582,R_100,575.33,3,-0.2099999999999227,0.13042239071567543,6,1,3,0
1786235588,R_100,575.33,3,-0.15999999999996817,0.1340978084168947,8,1,3,0
1786235600,R_100,575.44,4,-0.12999999999999545,0.1363003220017376,8,1,3,0
1786235646,R_100,575.85,5,-0.10000000000002274,0.1274057385765083,7,1,3,0
1786235746,R_100,576.22,2,-0.13999999999998636,0.1093211375311715,3,1,3,1
1786235762,R_100,576.09,9,-0.1999999999999318,0.10049322807478861,2,1,3,0
1786235786,R_100,576.1,0,-0.10000000000002274,0.11143508324480639,4,1,3,0
1786235824,R_100,576.04,4,-0.17000000000007276,0.10347302385971015,0,1,3,0
1786235826,R_100,575.9,0,-0.13999999999998636,0.1079145752693315,1,1,3,0
1786235848,R_100,575.63,3,-0.16999999999995907,0.14512829573250613,8,1,3,0
1786235858,R_100,575.64,4,-0.25,0.12429802894654977,0,1,3,0
1786235894,R_100,576.66,6,-0.12999999999999545,0.11970333699981334,3,1,3,1
1786235912,R_100,577.11,1,-0.12000000000000455,0.11679041056524962,3,1,3,1
1786235926,R_100,577.04,4,-0.20000000000004547,0.1325979721648371,7,1,3,0
1786235928,R_100,576.87,7,-0.16999999999995907,0.142848015581453,9,1,3,0
1786235956,R_100,576.42,2,-0.15000000000009095,0.13790495922111579,0,1,3,0
1786235982,R_100,576.21,1,-0.17999999999994998,0.13456101466127354,4,1,3,0
1786235984,R_100,576.04,4,-0.17000000000007276,0.12806248474868873,3,1,3,1
1786236004,R_100,576.11,1,-0.2400000000000091,0.12092697520957917,4,1,3,0
1786236060,R_100,576.85,5,-0.10000000000002274,0.14346892811107131,6,1,3,0
1786236112,R_100,577.27,7,-0.17000000000007276,0.13298287274851286,0,1,3,0
1786236114,R_100,577.1,0,-0.16999999999995907,0.1357448587117192,2,1,3,0
1786236134,R_100,577.6,0,-0.12999999999999545,0.0896908269805085,0,1,3,0
1786236136,R_100,577.5,0,-0.10000000000002274,0.09727395449053076,9,1,3,0
1786236162,R_100,577.92,2,-0.22000000000002728,0.14027354229030978,8,1,3,0
1786236174,R_100,577.89,9,-0.15999999999996817,0.12858633070604647,9,1,3,0
1786236188,R_100,578.22,2,-0.22000000000002728,0.13886844293952605,4,1,3,0
1786236204,R_100,578.21,1,-0.12999999999999545,0.13192590513031066,2,1,3,0
1786236214,R_100,578.4,0,-0.13999999999998636,0.10137389539059904,9,1,3,0
1786236222,R_100,578.44,4,-0.12999999999999545,0.12073846850849385,1,1,3,0
1786236300,R_100,578.37,7,-0.2300000000000182,0.14182931839207472,0,1,3,0
1786236312,R_100,578.47,7,-0.14999999999997726,0.14063348739818857,3,1,3,1
1786236318,R_100,578.46,6,-0.1999999999999318,0.1436972125299647,2,1,3,0
1786236320,R_100,578.32,2,-0.13999999999998636,0.13091557924433783,6,1,3,0
1786236402,R_100,580.17,7,-0.20000000000004547,0.14035273025092962,8,1,3,0
1786236430,R_100,579.29,9,-0.11000000000001364,0.11811482172493898,6,1,3,0
1786236444,R_100,579.35,5,-0.2400000000000091,0.14529663145134117,3,1,3,1
1786236496,R_100,580.18,8,-0.17000000000007276,0.08941787044857906,5,1,3,0
1786236498,R_100,580.05,5,-0.12999999999999545,0.10384282995631658,3,1,3,1
1786236500,R_100,579.93,3,-0.12000000000000455,0.10829999487022998,4,1,3,0
1786236506,R_100,579.8,0,-0.21000000000003638,0.10635893108819956,0,1,3,0
1786236532,R_100,580.44,4,-0.15999999999996817,0.11083521301662899,0,1,3,0
1786236562,R_100,580.12,2,-0.18999999999994088,0.11500724614851413,0,1,3,0
1786236614,R_100,581.56,6,-0.22000000000002728,0.12882373832318833,5,1,3,0
1786236642,R_100,581.4,0,-0.2400000000000091,0.10426462061078474,5,1,3,0
1786236644,R_100,581.15,5,-0.25,0.12436952109651846,1,1,3,0
1786236650,R_100,581.2,0,-0.12999999999999545,0.14208369990178263,2,1,3,0
1786236724,R_100,582.11,1,-0.10000000000002274,0.10311266761277373,2,1,3,0
1786236732,R_100,582.17,7,-0.19000000000005457,0.11633763124822741,4,1,3,0
1786236746,R_100,582.08,8,-0.18999999999994088,0.11871534582072253,5,1,3,0
1786236748,R_100,581.95,5,-0.12999999999999545,0.10924488292110694,9,1,3,0
1786236758,R_100,581.78,8,-0.20000000000004547,0.09608445359277307,3,1,3,1
1786236760,R_100,581.63,3,-0.14999999999997726,0.09949316001056403,9,1,3,0
1786236764,R_100,581.53,3,-0.16000000000008185,0.11127543404644463,0,1,3,0
1786236772,R_100,581.49,9,-0.21000000000003638,0.14173919711925298,8,1,3,0
1786236808,R_100,581.07,7,-0.17999999999994998,0.12356284950493301,8,1,3,0
1786236810,R_100,580.88,8,-0.19000000000005457,0.11364662579925955,7,1,3,0
1786236814,R_100,580.7,0,-0.16999999999995907,0.11647126493498794,7,1,3,0
1786236816,R_100,580.57,7,-0.12999999999999545,0.0854335349197678,9,1,3,0
1786236832,R_100,580.73,3,-0.13999999999998636,0.11037310461439166,7,1,3,0
1786236850,R_100,579.53,3,-0.14999999999997726,0.14292189008918152,3,1,3,1
1786236896,R_100,579.91,1,-0.2300000000000182,0.14410258691486777,6,1,3,0
1786236914,R_100,579.99,9,-0.12999999999999545,0.1376186356889564,9,1,3,0
1786236924,R_100,579.8,0,-0.20000000000004547,0.12470409420349166,3,1,3,1
1786236930,R_100,579.67,7,-0.13999999999998636,0.08604908160141678,5,1,3,0
1786236932,R_100,579.55,5,-0.12000000000000455,0.08680117766739877,3,1,3,1
1786236938,R_100,579.45,5,-0.13999999999998636,0.09661492868313983,5,1,3,0
1786236944,R_100,579.45,5,-0.2400000000000091,0.12903487900563673,4,1,3,0
1786236980,R_100,578.88,8,-0.3300000000000409,0.12596295751794026,9,1,3,0
1786237008,R_100,578.62,2,-0.14999999999997726,0.14445683707521007,2,1,3,0
1786237030,R_100,579.1,0,-0.12000000000000455,0.12108766337749897,3,1,3,1
1786237034,R_100,579.03,3,-0.10000000000002274,0.10805862606320324,8,1,3,0
1786237048,R_100,578.97,7,-0.18999999999994088,0.10700467279517259,6,1,3,0
1786237166,R_100,580.41,1,-0.12000000000000455,0.10629623177182866,9,1,3,0
1786237176,R_100,580.24,4,-0.16999999999995907,0.11203174153387477,0,1,3,0
1786237188,R_100,580.23,3,-0.14999999999997726,0.10574602698076115,7,1,3,0
1786237212,R_100,579.73,3,-0.22000000000002728,0.12620970203947313,5,1,3,0
1786237216,R_100,579.57,7,-0.2799999999999727,0.13160969231447545,2,1,3,0
1786237238,R_100,579.1,0,-0.15999999999996817,0.11849050594877307,8,1,3,0
1786237242,R_100,578.98,8,-0.1999999999999318,0.11656662377271601,5,1,3,0
1786237276,R_100,578.73,3,-0.21000000000003638,0.09486832980504782,0,1,3,0
1786237280,R_100,578.6,0,-0.1999999999999318,0.10625441167309661,3,1,3,1
1786237282,R_100,578.33,3,-0.2699999999999818,0.12948187346324083,4,1,3,0
1786237318,R_100,578.9,0,-0.21000000000003638,0.10778579580715313,5,1,3,0
1786237350,R_100,578.59,9,-0.18999999999994088,0.1366910547345383,8,1,3,0
1786237358,R_100,578.66,6,-0.13999999999998636,0.10086294331084497,7,1,3,0
1786237366,R_100,578.89,9,-0.11000000000001364,0.12330630334432857,2,1,3,0
1786237372,R_100,578.57,7,-0.17999999999994998,0.12087183294713649,0,1,3,0
1786237374,R_100,578.3,0,-0.2700000000000955,0.13960659010234813,2,1,3,0
1786237380,R_100,578.14,4,-0.12000000000000455,0.1412680666912075,5,1,3,0
1786237396,R_100,578.42,2,-0.16000000000008185,0.1388044187577101,5,1,3,0
1786237402,R_100,578.56,6,-0.13000000000010914,0.1373923821275153,8,1,3,0
1786237434,R_100,578.95,5,-0.12000000000000455,0.09723396754448863,6,1,3,0
1786237444,R_100,579.19,9,-0.15999999999996817,0.14159409906097037,1,1,3,0
1786237476,R_100,579.49,9,-0.11000000000001364,0.14159409906099316,3,1,3,1
1786237488,R_100,579.27,7,-0.2899999999999636,0.12657891697364296,7,1,3,0
1786237492,R_100,579.05,5,-0.22000000000002728,0.13727911551126454,5,1,3,0
1786237500,R_100,578.72,2,-0.16999999999995907,0.12299954832797033,7,1,3,0
1786237506,R_100,578.62,2,-0.18999999999994088,0.12920268315065317,3,1,3,1
1786237522,R_100,578.82,2,-0.10999999999989996,0.12660086009887797,4,1,3,0
1786237534,R_100,578.75,5,-0.13999999999998636,0.08096638534326456,6,1,3,0
1786237538,R_100,578.34,4,-0.4199999999999591,0.14024185458618707,5,1,3,0
1786237542,R_100,578.23,3,-0.12000000000000455,0.14263005760823905,9,1,3,0
1786237546,R_100,578.05,5,-0.14000000000010004,0.1417548744997621,7,1,3,0
1786237550,R_100,577.87,7,-0.10000000000002274,0.13070747662028123,8,1,3,0
1786237554,R_100,577.7,0,-0.17999999999994998,0.12946470990624517,4,1,3,0
1786237558,R_100,577.49,9,-0.14999999999997726,0.06536223850375457,3,1,3,1
1786237560,R_100,577.33,3,-0.15999999999996817,0.05977736472388646,2,1,3,0
1786237562,R_100,577.12,2,-0.21000000000003638,0.0688718616949867,4,1,3,0
1786237566,R_100,576.93,3,-0.11000000000001364,0.06477310827460801,7,1,3,0
1786237600,R_100,576.2,0,-0.2199999999999136,0.11009591777671712,7,1,3,0
1786237608,R_100,576.32,2,-0.12000000000000455,0.12810152223917612,3,1,3,1
1786237632,R_100,576.82,2,-0.12999999999999545,0.136662601565546,2,1,3,0
1786237634,R_100,576.72,2,-0.10000000000002274,0.14214624706812443,8,1,3,0
1786237640,R_100,576.59,9,-0.13999999999998636,0.13281566172706524,0,1,3,0
1786237646,R_100,576.47,7,-0.14999999999997726,0.09734817238482525,1,1,3,0
1786237652,R_100,576.37,7,-0.11000000000001364,0.07677528537518807,9,1,3,0
1786237656,R_100,576.36,6,-0.12999999999999545,0.09028350409188425,1,1,3,0
1786237666,R_100,575.93,3,-0.2700000000000955,0.1108753053359404,8,1,3,0
1786237668,R_100,575.78,8,-0.14999999999997726,0.10924488292112051,6,1,3,0
1786237670,R_100,575.66,6,-0.12000000000000455,0.10901579905889337,3,1,3,1
1786237698,R_100,575.92,2,-0.12999999999999545,0.14301903525210508,8,1,3,0
1786237730,R_100,575.02,2,-0.2300000000000182,0.1356670761664661,3,1,3,1
1786237796,R_100,577.68,8,-0.11000000000001364,0.12525973016096284,7,1,3,0
1786237866,R_100,578.4,0,-0.17000000000007276,0.13251415018783444,4,1,3,0
1786237870,R_100,578.33,3,-0.11000000000001364,0.11384199576607602,8,1,3,0
1786237872,R_100,578.18,8,-0.15000000000009095,0.12410121317343156,6,1,3,0
1786237876,R_100,578.07,7,-0.18999999999994088,0.12233378746512301,6,1,3,0
1786237878,R_100,577.86,6,-0.21000000000003638,0.12294985427675398,3,1,3,1
1786237882,R_100,577.78,8,-0.14999999999997726,0.11313708498986307,8,1,3,0
1786237892,R_100,577.59,9,-0.15999999999996817,0.11873874215639262,2,1,3,0
1786237902,R_100,577.58,8,-0.12000000000000455,0.09285592184787214,3,1,3,1
1786237920,R_100,578.5,0,-0.10000000000002274,0.1365446609884191,2,1,3,0
1786237972,R_100,578.85,5,-0.12000000000000455,0.11510381787277013,9,1,3,0
1786238018,R_100,579.72,2,-0.25,0.14377837884124312,3,1,3,1
1786238084,R_100,581.88,8,-0.11000000000001364,0.12517099415509556,9,1,3,0
1786238094,R_100,582.31,1,-0.11000000000001364,0.13099618315050765,4,1,3,0
1786238130,R_100,583.17,7,-0.10000000000002274,0.095777519979007,7,1,3,0
1786238158,R_100,583.8,0,-0.22000000000002728,0.13581441586060303,3,1,3,1
1786238164,R_100,583.53,3,-0.12000000000000455,0.13046923860520276,5,1,3,0
1786238168,R_100,583.47,7,-0.17999999999994998,0.1257024705847629,3,1,3,1
1786238176,R_100,583.65,5,-0.13999999999998636,0.1380056359557636,1,1,3,0
1786238178,R_100,583.51,1,-0.13999999999998636,0.128188229655534,9,1,3,0
1786238180,R_100,583.29,9,-0.22000000000002728,0.1415940990609713,9,1,3,0
1786238194,R_100,582.7,0,-0.17999999999994998,0.11694728157022197,8,1,3,0
1786238196,R_100,582.48,8,-0.22000000000002728,0.1219334973572756,4,1,3,0
1786238234,R_100,581.97,7,-0.1999999999999318,0.13029880190458654,7,1,3,0
1786238248,R_100,582.3,0,-0.18000000000006366,0.1424741691987975,1,1,3,0
1786238264,R_100,581.26,6,-0.21000000000003638,0.1088372893614919,7,1,3,0
1786238268,R_100,581.06,6,-0.11000000000001364,0.0818127944354202,2,1,3,0
1786238282,R_100,580.84,4,-0.2899999999999636,0.13292019326564572,4,1,3,0
1786238284,R_100,580.64,4,-0.20000000000004547,0.13172361637576666,8,1,3,0
1786238296,R_100,580.54,4,-0.13999999999998636,0.11431438132524793,9,1,3,0
1786238298,R_100,580.39,9,-0.14999999999997726,0.11353413583586222,6,1,3,0
1786238300,R_100,580.16,6,-0.2300000000000182,0.12275087689207868,8,1,3,0
1786238340,R_100,580.96,6,-0.15999999999996817,0.11380294860464525,7,1,3,0
1786238372,R_100,581.26,6,-0.11000000000001364,0.14095310488875745,2,1,3,0
1786238374,R_100,581.12,2,-0.13999999999998636,0.12656135973423988,2,1,3,0
1786238386,R_100,581.28,8,-0.19000000000005457,0.13736002976770473,4,1,3,0
1786238388,R_100,581.14,4,-0.13999999999998636,0.13755402978872272,3,1,3,1
1786238412,R_100,581.04,4,-0.2900000000000773,0.12320263344953346,3,1,3,1
1786238448,R_100,581.32,2,-0.13999999999998636,0.09812124019687533,3,1,3,1
1786238452,R_100,581.33,3,-0.1999999999999318,0.13678856352451424,4,1,3,0
1786238470,R_100,581.02,2,-0.15999999999996817,0.14169215456990605,1,1,3,0
1786238490,R_100,581.64,4,-0.18000000000006366,0.12099586769804853,2,1,3,0
1786238504,R_100,581.67,7,-0.20000000000004547,0.1161608080780394,2,1,3,0
1786238508,R_100,581.57,7,-0.14999999999997726,0.12572014777101148,9,1,3,0
1786238536,R_100,582.36,6,-0.12999999999999545,0.08527732536976469,0,1,3,0
1786238542,R_100,582.37,7,-0.2799999999999727,0.14283245818478135,4,1,3,0
1786238616,R_100,583.44,4,-0.13999999999998636,0.1430967038986789,4,1,3,0
1786238670,R_100,585.19,9,-0.10999999999989996,0.10687999500996999,4,1,3,0
1786238684,R_100,585.22,2,-0.11000000000001364,0.13239671026461636,7,1,3,0
1786238708,R_100,584.29,9,-0.11000000000001364,0.1208488495784791,2,1,3,0
1786238712,R_100,584.23,3,-0.18999999999994088,0.1293960329118732,9,1,3,0
1786238718,R_100,584.18,8,-0.16000000000008185,0.12229290885228646,4,1,3,0
1786238726,R_100,584.35,5,-0.17999999999994998,0.13946325680981533,9,1,3,0
1786238732,R_100,584.2,0,-0.12999999999999545,0.12120231020901204,5,1,3,0
1786238736,R_100,583.99,9,-0.2599999999999909,0.14300349646075208,8,1,3,0
1786238778,R_100,584.4,0,-0.11000000000001364,0.10112698288127896,8,1,3,0
1786238780,R_100,584.28,8,-0.12000000000000455,0.10013324456277865,0,1,3,0
1786238782,R_100,584.1,0,-0.17999999999994998,0.10904127658827714,2,1,3,0
1786238784,R_100,583.92,2,-0.18000000000006366,0.11380294860465645,2,1,3,0
1786238790,R_100,583.89,9,-0.12000000000000455,0.11869662543177481,6,1,3,0
1786238818,R_100,583.46,6,-0.12000000000000455,0.126297708257555,0,1,3,0
1786238822,R_100,583.11,1,-0.2899999999999636,0.132702675180265,5,1,3,0
1786238830,R_100,582.91,1,-0.11000000000001364,0.11761046816597963,8,1,3,0
1786238832,R_100,582.78,8,-0.12999999999999545,0.1202589797986856,1,1,3,0
1786238860,R_100,583.03,3,-0.21000000000003638,0.11159948227678562,5,1,3,0
1786238862,R_100,582.85,5,-0.17999999999994998,0.12073846850850205,2,1,3,0
1786238874,R_100,582.54,4,-0.34000000000003183,0.1411421663115364,5,1,3,0
1786238876,R_100,582.35,5,-0.18999999999994088,0.1287590342030028,3,1,3,1
1786238878,R_100,582.13,3,-0.22000000000002728,0.13303717107970364,0,1,3,0
1786238884,R_100,581.75,5,-0.2899999999999636,0.1411106736651114,3,1,3,1
1786238900,R_100,581.54,4,-0.12000000000000455,0.11117553687749948,8,1,3,0
1786238906,R_100,581.67,7,-0.12999999999999545,0.10803291679443448,4,1,3,0
1786238944,R_100,582.34,4,-0.18999999999994088,0.10448285345773815,6,1,3,0
1786238982,R_100,582.93,3,-0.18000000000006366,0.11815714583179045,9,1,3,0
1786238984,R_100,582.79,9,-0.13999999999998636,0.13191327117130625,0,1,3,0
1786239028,R_100,582.21,1,-0.15999999999996817,0.14331007563243953,4,1,3,0
1786239046,R_100,581.9,0,-0.2599999999999909,0.13140691678057892,9,1,3,0
1786239130,R_100,582.15,5,-0.15999999999996817,0.13113182510571464,9,1,3,0
1786239134,R_100,582.17,7,-0.12000000000000455,0.11633285577744247,4,1,3,0
1786239154,R_100,582.89,9,-0.12000000000000455,0.13062244149541813,9,1,3,0
1786239156,R_100,582.79,9,-0.10000000000002274,0.14151953143570045,2,1,3,0
1786239168,R_100,582.83,3,-0.13999999999998636,0.08746427842268578,4,1,3,0
1786239176,R_100,582.8,0,-0.14000000000010004,0.10016098153586403,6,1,3,0
1786239180,R_100,582.66,6,-0.20000000000004547,0.10938718186132643,7,1,3,0
1786239186,R_100,582.68,8,-0.16000000000008185,0.13076271979773535,1,1,3,0
1786239204,R_100,583.09,9,-0.11000000000001364,0.13914420976495576,2,1,3,0
1786239216,R_100,582.65,5,-0.34000000000003183,0.14198591479439274,7,1,3,0
1786239220,R_100,582.53,3,-0.13999999999998636,0.14015864027753103,3,1,3,1
1786239222,R_100,582.33,3,-0.1999999999999318,0.13832730910576824,9,1,3,0
1786239224,R_100,582.19,9,-0.13999999999998636,0.13920408678546714,7,1,3,0
1786239230,R_100,582.11,1,-0.11000000000001364,0.1330162897292159,3,1,3,1
1786239232,R_100,581.83,3,-0.2799999999999727,0.12882373832315303,2,1,3,0
1786239268,R_100,580.92,2,-0.20000000000004547,0.10349449797508485,5,1,3,0
1786239270,R_100,580.75,5,-0.16999999999995907,0.10561986345170336,1,1,3,0
1786239272,R_100,580.41,1,-0.34000000000003183,0.13554826938524953,9,1,3,0
1786239276,R_100,580.18,8,-0.21000000000003638,0.14059002651525573,8,1,3,0
1786239306,R_100,579.73,3,-0.14999999999997726,0.11631375193365744,3,1,3,1
1786239308,R_100,579.53,3,-0.20000000000004547,0.10873004286865073,1,1,3,0
1786239312,R_100,579.46,6,-0.14999999999997726,0.0953123520035287,3,1,3,1
1786239360,R_100,579.66,6,-0.19000000000005457,0.13191327117128643,1,1,3,0
1786239362,R_100,579.51,1,-0.14999999999997726,0.10855106325289013,8,1,3,0
1786239364,R_100,579.28,8,-0.2300000000000182,0.11701851705321513,8,1,3,0
1786239372,R_100,579.1,0,-0.12999999999999545,0.099716264136459,9,1,3,0
1786239398,R_100,578.78,8,-0.10000000000002274,0.08723531395028829,6,1,3,0
1786239494,R_100,578.85,5,-0.15999999999996817,0.14377451481783954,6,1,3,0
1786239508,R_100,578.45,5,-0.31999999999993634,0.1445337330867485,9,1,3,0
1786239516,R_100,578.34,4,-0.16999999999995907,0.13669105473452983,8,1,3,0
1786239550,R_100,578.42,2,-0.2599999999999909,0.1334374593416402,9,1,3,0
1786239564,R_100,578.49,9,-0.10000000000002274,0.1415352331478847,0,1,3,0
1786239594,R_100,577.8,0,-0.12999999999999545,0.12784104713795835,9,1,3,0
1786239596,R_100,577.69,9,-0.10999999999989996,0.12818822965552418,2,1,3,0
1786239600,R_100,577.69,9,-0.2299999999999045,0.13998412608414795,2,1,3,0
1786239604,R_100,577.49,9,-0.12999999999999545,0.1415823278362907,4,1,3,0
1786239662,R_100,577.84,4,-0.25,0.12591443302673289,0,1,3,0
1786239690,R_100,577.78,8,-0.13999999999998636,0.13918812209860196,8,1,3,0
1786239706,R_100,577.82,2,-0.12999999999999545,0.12987600924644038,8,1,3,0
1786239708,R_100,577.68,8,-0.14000000000010004,0.13484147070626323,1,1,3,0
1786239750,R_100,578.02,2,-0.17000000000007276,0.11499275339488134,2,1,3,0
1786239784,R_100,578.95,5,-0.16999999999995907,0.12792793110011724,2,1,3,0
1786239788,R_100,578.87,7,-0.14999999999997726,0.13538422688367033,5,1,3,0
1786239804,R_100,578.91,1,-0.2400000000000091,0.12790621564254356,0,1,3,0
1786239812,R_100,578.75,5,-0.21000000000003638,0.1273708496216191,6,1,3,0
1786239814,R_100,578.56,6,-0.19000000000005457,0.1344123010243784,9,1,3,0
1786239818,R_100,578.33,3,-0.15999999999996817,0.13381579378633868,7,1,3,0
1786239822,R_100,578.15,5,-0.22000000000002728,0.12666666666667206,5,1,3,0
1786239878,R_100,578.99,9,-0.30999999999994543,0.10698390325441308,4,1,3,0
1786239880,R_100,578.74,4,-0.25,0.12445882853375273,7,1,3,0
1786239882,R_100,578.57,7,-0.16999999999995907,0.128478273130751,2,1,3,0
1786239904,R_100,578.41,1,-0.10000000000002274,0.10429125882195135,2,1,3,0
1786239964,R_100,578.28,8,-0.11000000000001364,0.12814921857825973,4,1,3,0
1786239968,R_100,578.2,0,-0.13999999999998636,0.13333749993489344,4,1,3,0
1786239970,R_100,578.04,4,-0.16000000000008185,0.11362707032704744,5,1,3,0
1786239990,R_100,578.25,5,-0.14999999999997726,0.1018113724274395,8,1,3,0
1786240012,R_100,578.13,3,-0.10000000000002274,0.14370107863199125,6,1,3,0
1786240038,R_100,578.3,0,-0.21000000000003638,0.11645218379708243,0,1,3,0
1786240054,R_100,578.67,7,-0.12999999999999545,0.12948187346323808,6,1,3,0
1786240058,R_100,578.76,6,-0.10000000000002274,0.12222020200348582,1,1,3,0
1786240080,R_100,579.6,0,-0.12000000000000455,0.14317433041186095,8,1,3,0
1786240092,R_100,579.38,8,-0.22000000000002728,0.12020815280172324,0,1,3,0
1786240096,R_100,579.16,6,-0.13999999999998636,0.12327025413926355,0,1,3,0
1786240100,R_100,579.16,6,-0.13999999999998636,0.13284912076822306,0,1,3,0
1786240114,R_100,579.14,4,-0.10000000000002274,0.14354248306493678,7,1,3,0
1786240144,R_100,579.52,2,-0.11000000000001364,0.08425490424237195,4,1,3,0
1786240152,R_100,579.17,7,-0.2300000000000182,0.09252627254522647,4,1,3,0
1786240164,R_100,579.11,1,-0.1999999999999318,0.12178761111961112,5,1,3,0
1786240166,R_100,578.95,5,-0.15999999999996817,0.12714383805578128,3,1,3,1
1786240190,R_100,579.38,8,-0.12000000000000455,0.10629623177184484,4,1,3,0
1786240202,R_100,579.58,8,-0.17999999999994998,0.09677580046454841,2,1,3,0
1786240218,R_100,578.7,0,-0.13999999999998636,0.14337596265297808,7,1,3,0
1786240276,R_100,579.18,8,-0.18000000000006366,0.13059266612045523,7,1,3,0
1786240278,R_100,579.07,7,-0.10999999999989996,0.12832683966255654,9,1,3,0
1786240282,R_100,578.81,1,-0.18000000000006366,0.13554826938525488,3,1,3,1
1786240286,R_100,578.9,0,-0.12999999999999545,0.12292725943059336,7,1,3,0
1786240288,R_100,578.77,7,-0.12999999999999545,0.11737877907774244,5,1,3,0
1786240290,R_100,578.45,5,-0.31999999999993634,0.1415195314356938,8,1,3,0
1786240306,R_100,578.37,7,-0.10000000000002274,0.12684636376339542,0,1,3,0
1786240324,R_100,578.59,9,-0.18999999999994088,0.10911767348448574,3,1,3,1
1786240350,R_100,578.9,0,-0.15999999999996817,0.1422985906075129,4,1,3,0
1786240368,R_100,578.91,1,-0.25,0.12527746981975124,3,1,3,1
1786240370,R_100,578.73,3,-0.17999999999994998,0.12798003316487436,4,1,3,0
1786240378,R_100,578.68,8,-0.12000000000000455,0.14082692293100574,1,1,3,0
1786240388,R_100,578.64,4,-0.20000000000004547,0.12789318459817656,3,1,3,1
1786240390,R_100,578.43,3,-0.21000000000003638,0.1321615173439924,5,1,3,0
1786240394,R_100,578.18,8,-0.17000000000007276,0.13535549900580393,3,1,3,1
1786240420,R_100,577.79,9,-0.21000000000003638,0.10965096138808551,3,1,3,1
1786240432,R_100,577.6,0,-0.18999999999994088,0.12384578223651238,7,1,3,0
1786240446,R_100,577.65,5,-0.19000000000005457,0.10349449797506019,1,1,3,0
1786240466,R_100,577.61,1,-0.2799999999999727,0.12411464234506998,0,1,3,0
1786240510,R_100,577.25,5,-0.22000000000002728,0.11123548594460769,6,1,3,0
1786240514,R_100,577.21,1,-0.14999999999997726,0.12559193180030068,9,1,3,0
1786240520,R_100,577.22,2,-0.14999999999997726,0.14407174138831638,0,1,3,0
1786240548,R_100,577.07,7,-0.12999999999999545,0.1352569571018242,1,1,3,0
1786240550,R_100,576.91,1,-0.16000000000008185,0.1387884080974491,6,1,3,0
1786240592,R_100,577.79,9,-0.11000000000001364,0.12090400232323699,3,1,3,1
1786240606,R_100,577.18,8,-0.12000000000000455,0.1415627069534978,7,1,3,0
1786240618,R_100,577.56,6,-0.13000000000010914,0.13293273152656812,4,1,3,0
1786240620,R_100,577.34,4,-0.2199999999999136,0.143917414589834,6,1,3,0
1786240640,R_100,577.06,6,-0.11000000000001364,0.14030126316055072,1,1,3,0
1786240646,R_100,577.02,2,-0.14999999999997726,0.12920268315069022,9,1,3,0
1786240652,R_100,576.74,4,-0.15999999999996817,0.11745448290957836,1,1,3,0
1786240654,R_100,576.61,1,-0.12999999999999545,0.11823235127869822,7,1,3,0
1786240658,R_100,576.55,5,-0.12000000000000455,0.09986657765906895,4,1,3,0
1786240664,R_100,576.68,8,-0.14000000000010004,0.11929887770731934,5,1,3,0
1786240666,R_100,576.55,5,-0.12999999999999545,0.11757267256185634,4,1,3,0
1786240714,R_100,577.06,6,-0.13000000000010914,0.0781807023646207,7,1,3,0
1786240718,R_100,576.85,5,-0.22000000000002728,0.09626929820967026,1,1,3,0
1786240756,R_100,576.48,8,-0.34000000000003183,0.1444529912001228,8,1,3,0
1786240764,R_100,575.74,4,-0.17999999999994998,0.14487159065109426,3,1,3,1
1786240884,R_100,576.57,7,-0.10999999999989996,0.12501111061734743,6,1,3,0
1786240888,R_100,576.42,2,-0.13999999999998636,0.12260596324087912,8,1,3,0
1786240890,R_100,576.28,8,-0.13999999999998636,0.11873874215641916,5,1,3,0
1786240892,R_100,576.05,5,-0.2300000000000182,0.11551334699217101,8,1,3,0
1786240896,R_100,575.77,7,-0.21000000000003638,0.10669270515519311,2,1,3,0
1786240924,R_100,576.37,7,-0.11000000000001364,0.12411464234507005,4,1,3,0
1786240932,R_100,576.25,5,-0.21000000000003638,0.11768602295941334,4,1,3,0
1786241006,R_100,577.49,9,-0.12000000000000455,0.13664227424598552,5,1,3,0
1786241034,R_100,577.26,6,-0.3300000000000409,0.13558105406812468,8,1,3,0
1786241114,R_100,575.4,0,-0.2300000000000182,0.1329995822883947,1,1,3,0
1786241120,R_100,575.13,3,-0.25,0.12847827313079357,7,1,3,0
1786241124,R_100,574.94,4,-0.2299999999999045,0.14424131015611882,4,1,3,0
1786241156,R_100,574.39,9,-0.16999999999995907,0.14032106042928333,4,1,3,0
1786241178,R_100,574.72,2,-0.25,0.1296833751017428,0,1,3,0
1786241180,R_100,574.6,0,-0.12000000000000455,0.12787146323990622,2,1,3,0
1786241188,R_100,574.8,0,-0.15000000000009095,0.13952697867359815,4,1,3,0
1786241202,R_100,574.96,6,-0.11000000000001364,0.11226951698678601,9,1,3,0
1786241214,R_100,575.17,7,-0.18000000000006366,0.11229425630906081,3,1,3,1
1786241220,R_100,575.33,3,-0.12999999999999545,0.14112248423111798,2,1,3,0
1786241262,R_100,575.01,1,-0.18000000000006366,0.10075272259899329,6,1,3,0
1786241280,R_100,575.39,9,-0.20000000000004547,0.14243907079483178,3,1,3,1
1786241286,R_100,575.5,0,-0.14999999999997726,0.14252095362515627,4,1,3,0
1786241312,R_100,575.54,4,-0.11000000000001364,0.11105554165975194,4,1,3,0
1786241316,R_100,575.52,2,-0.12000000000000455,0.10836666154005903,6,1,3,0
1786241318,R_100,575.36,6,-0.15999999999996817,0.08617811013632135,1,1,3,0
1786241322,R_100,575.13,3,-0.17999999999994998,0.09534149149242058,8,1,3,0
1786241328,R_100,574.98,8,-0.11000000000001364,0.08323994767470326,2,1,3,0
1786241342,R_100,575.39,9,-0.10000000000002274,0.11452316602133722,7,1,3,0
1786241348,R_100,575.41,1,-0.11000000000001364,0.11860766323376028,8,1,3,0
1786241358,R_100,575.29,9,-0.12000000000000455,0.09500877152489105,9,1,3,0
1786241362,R_100,575.05,5,-0.14000000000010004,0.10189319026424302,8,1,3,0
1786241408,R_100,576.12,2,-0.11000000000001364,0.12996153277025785,4,1,3,0
1786241422,R_100,576.24,4,-0.13999999999998636,0.1288452991424544,4,1,3,0
1786241424,R_100,576.14,4,-0.10000000000002274,0.13326664999165472,1,1,3,0
1786241426,R_100,576.01,1,-0.12999999999999545,0.12899612397277155,8,1,3,0
1786241440,R_100,576.03,3,-0.21000000000003638,0.1267762683715771,6,1,3,0
1786241442,R_100,575.86,6,-0.16999999999995907,0.1298546195644238,6,1,3,0
1786241444,R_100,575.76,6,-0.10000000000002274,0.1298546195644238,1,1,3,0
1786241456,R_100,575.77,7,-0.12999999999999545,0.12149074038789125,2,1,3,0
1786241458,R_100,575.62,2,-0.14999999999997726,0.12263767773403855,5,1,3,0
1786241514,R_100,576.44,4,-0.14999999999997726,0.14453373308675455,9,1,3,0
1786241516,R_100,576.29,9,-0.15000000000009095,0.1283441553878362,7,1,3,0
1786241522,R_100,576.02,2,-0.3100000000000591,0.10774970997644542,7,1,3,0
1786241576,R_100,574.81,1,-0.12000000000000455,0.061967733539322264,1,1,3,0
1786241588,R_100,574.54,4,-0.12999999999999545,0.07114929530374207,8,1,3,0
1786241592,R_100,574.55,5,-0.12999999999999545,0.09040648944257516,7,1,3,0
1786241630,R_100,575.1,0,-0.10000000000002274,0.1343461532344074,0,1,3,0
1786241634,R_100,575.0,0,-0.20000000000004547,0.10593499054713207,1,1,3,0
1786241642,R_100,575.22,2,-0.10000000000002274,0.1262449118886869,0,1,3,0
1786241650,R_100,575.42,2,-0.11000000000001364,0.13554826938525202,0,1,3,0
1786241652,R_100,575.3,0,-0.12000000000000455,0.14102797200871814,6,1,3,0
1786241680,R_100,575.22,2,-0.15999999999996817,0.10826408042886249,6,1,3,0
1786241744,R_100,576.57,7,-0.14999999999997726,0.13276964177767922,2,1,3,0
1786241772,R_100,576.49,9,-0.22000000000002728,0.10783217413083954,0,1,3,0
1786241778,R_100,576.56,6,-0.15000000000009095,0.12445882853381153,6,1,3,0
1786241782,R_100,576.54,4,-0.12000000000000455,0.12710887721428243,7,1,3,0
1786241784,R_100,576.37,7,-0.16999999999995907,0.1372953021774842,3,1,3,1
1786241830,R_100,575.22,2,-0.13999999999998636,0.11123548594462877,8,1,3,0
1786241834,R_100,575.0,0,-0.17999999999994998,0.11259070417520049,7,1,3,0
1786241840,R_100,574.97,7,-0.14999999999997726,0.09649985607356244,0,1,3,0
1786241866,R_100,575.56,6,-0.15000000000009095,0.10954958288877338,2,1,3,0
1786241906,R_100,575.56,6,-0.11000000000001364,0.12149074038786944,6,1,3,0
1786241950,R_100,575.68,8,-0.12999999999999545,0.11425604773683312,1,1,3,0
1786241954,R_100,575.52,2,-0.19000000000005457,0.12169634341261332,4,1,3,0
1786241970,R_100,575.17,7,-0.10000000000002274,0.13378672912098413,6,1,3,0
1786241972,R_100,575.06,6,-0.11000000000001364,0.13167721476736183,8,1,3,0
1786241974,R_100,574.78,8,-0.2799999999999727,0.14369721252998297,2,1,3,0
1786241976,R_100,574.62,2,-0.15999999999996817,0.14187631546134488,5,1,3,0
1786241980,R_100,574.6,0,-0.14999999999997726,0.13916017948949488,5,1,3,0
1786241988,R_100,574.62,2,-0.15999999999996817,0.13818264885447681,7,1,3,0
1786241996,R_100,574.32,2,-0.14999999999997726,0.11015141094570315,0,1,3,0
1786241998,R_100,574.2,0,-0.12000000000000455,0.09743943988160442,8,1,3,0
1786242010,R_100,574.25,5,-0.12999999999999545,0.11262523893180405,8,1,3,0
1786242018,R_100,574.22,2,-0.1999999999999318,0.12612163441164734,0,1,3,0
1786242020,R_100,574.0,0,-0.22000000000002728,0.14451451291978987,0,1,3,0
1786242034,R_100,574.14,4,-0.16999999999995907,0.13806600675842232,6,1,3,0
1786242036,R_100,573.96,6,-0.17999999999994998,0.14299961149906332,4,1,3,0
1786242038,R_100,573.84,4,-0.12000000000000455,0.13546627296529445,0,1,3,0
1786242090,R_100,574.27,7,-0.13999999999998636,0.14466820275682601,3,1,3,1
1786242110,R_100,574.15,5,-0.11000000000001364,0.12865112168617293,6,1,3,0
1786242112,R_100,573.86,6,-0.2899999999999636,0.1400039681977268,5,1,3,0
1786242176,R_100,573.76,6,-0.10000000000002274,0.05835713800002209,5,1,3,0
1786242182,R_100,573.72,2,-0.2899999999999636,0.1414252845537416,0,1,3,0
1786242204,R_100,573.97,7,-0.11000000000001364,0.12000462954029711,4,1,3,0
1786242206,R_100,573.74,4,-0.2300000000000182,0.09798525966240366,5,1,3,0
1786242208,R_100,573.45,5,-0.2899999999999636,0.12799739580682504,2,1,3,0
1786242244,R_100,572.94,4,-0.2099999999999227,0.1414252845537445,2,1,3,0
1786242256,R_100,572.92,2,-0.10000000000002274,0.09512564790257,7,1,3,0
1786242260,R_100,572.81,1,-0.16000000000008185,0.10308572484425303,0,1,3,0
1786242268,R_100,572.85,5,-0.10000000000002274,0.09261629326302881,9,1,3,0
1786242272,R_100,572.77,7,-0.12000000000000455,0.09077444574331091,5,1,3,0
1786242286,R_100,572.84,4,-0.13999999999998636,0.10671353137151461,9,1,3,0
1786242288,R_100,572.59,9,-0.25,0.12885823390239945,2,1,3,0
1786242308,R_100,572.67,7,-0.11000000000001364,0.060516297162174146,8,1,3,0
1786242318,R_100,572.71,1,-0.25,0.11419281938896393,0,1,3,0
1786242322,R_100,572.58,8,-0.12000000000000455,0.12090400232324273,3,1,3,1
1786242346,R_100,572.89,9,-0.2400000000000091,0.10952422360169942,3,1,3,1
1786242360,R_100,572.62,2,-0.15999999999996817,0.11234866364236276,1,1,3,0
1786242366,R_100,572.62,2,-0.10000000000002274,0.09165757530675597,4,1,3,0
1786242372,R_100,572.42,2,-0.3000000000000682,0.12154560186751417,2,1,3,0
1786242400,R_100,572.09,9,-0.13999999999998636,0.10591401124393728,4,1,3,0
1786242408,R_100,571.92,2,-0.13999999999998636,0.1426767909180424,6,1,3,0
1786242444,R_100,572.47,7,-0.1999999999999318,0.13377011790546223,3,1,3,1
1786242472,R_100,573.03,3,-0.12000000000000455,0.13880842113424452,6,1,3,0
1786242480,R_100,573.01,1,-0.12000000000000455,0.10809460876677446,6,1,3,0
1786242486,R_100,573.14,4,-0.13999999999998636,0.1327529032952947,3,1,3,1
1786242498,R_100,573.2,0,-0.17999999999994998,0.12649549838279064,3,1,3,1
1786242502,R_100,573.1,0,-0.12999999999999545,0.12703455347966291,3,1,3,1
1786242506,R_100,572.91,1,-0.12000000000000455,0.10078028907810399,4,1,3,0
1786242510,R_100,572.72,2,-0.12000000000000455,0.0856673151726414,8,1,3,0
1786242560,R_100,572.31,1,-0.2400000000000091,0.1326817411871077,6,1,3,0
1786242562,R_100,572.16,6,-0.14999999999997726,0.11331372379370126,6,1,3,0
1786242564,R_100,571.96,6,-0.1999999999999318,0.10246408584905764,3,1,3,1
1786242568,R_100,571.91,1,-0.12000000000000455,0.10757942802100388,0,1,3,0
1786242570,R_100,571.8,0,-0.11000000000001364,0.10677078252028119,9,1,3,0
1786242612,R_100,571.24,4,-0.21000000000003638,0.09660917830793056,4,1,3,0
1786242616,R_100,571.21,1,-0.2300000000000182,0.13982528780987594,5,1,3,0
1786242630,R_100,570.99,9,-0.15999999999996817,0.14237665226826376,5,1,3,0
1786242644,R_100,571.34,4,-0.10000000000002274,0.13121653012397144,5,1,3,0
1786242652,R_100,571.56,6,-0.15000000000009095,0.13995634239925528,0,1,3,0
1786242678,R_100,571.17,7,-0.11000000000001364,0.1400158721161591,6,1,3,0
1786242686,R_100,571.34,4,-0.11000000000001364,0.13002563849745818,3,1,3,1
1786242690,R_100,571.21,1,-0.12000000000000455,0.11059937713306482,9,1,3,0
1786242698,R_100,571.56,6,-0.10000000000002274,0.1409846327323038,7,1,3,0
1786242716,R_100,570.91,1,-0.22000000000002728,0.1288625452005195,9,1,3,0
1786242722,R_100,570.81,1,-0.19000000000005457,0.13680480823260657,4,1,3,0
1786242726,R_100,570.5,0,-0.2400000000000091,0.13343745934167278,8,1,3,0
1786242732,R_100,570.49,9,-0.12000000000000455,0.13846780612596257,9,1,3,0
1786242734,R_100,570.39,9,-0.10000000000002274,0.1249177507180157,7,1,3,0
1786242748,R_100,570.52,2,-0.11000000000001364,0.09276014469827772,3,1,3,1
1786242750,R_100,570.23,3,-0.2899999999999636,0.12035133752660684,6,1,3,0
1786242770,R_100,571.02,2,-0.12000000000000455,0.1355195762816486,3,1,3,1
1786242794,R_100,571.85,5,-0.22000000000002728,0.1293402060029573,6,1,3,0
1786242800,R_100,571.8,0,-0.14000000000010004,0.14007934259634833,8,1,3,0
1786242814,R_100,571.72,2,-0.2599999999999909,0.14103191128254872,6,1,3,0
1786242816,R_100,571.56,6,-0.16000000000008185,0.14071247279474008,1,1,3,0
1786242818,R_100,571.41,1,-0.14999999999997726,0.1446105882092726,9,1,3,0
1786242820,R_100,571.29,9,-0.12000000000000455,0.14340695783525734,5,1,3,0
1786242850,R_100,571.32,2,-0.15999999999996817,0.12851286144022914,7,1,3,0
1786242854,R_100,571.05,5,-0.22000000000002728,0.13194695904037568,9,1,3,0
1786242888,R_100,571.89,9,-0.12999999999999545,0.11528226229563661,2,1,3,0
1786242912,R_100,571.97,7,-0.12999999999999545,0.1114600077756136,8,1,3,0
1786242914,R_100,571.78,8,-0.19000000000005457,0.09686760724483127,0,1,3,0
1786242916,R_100,571.6,0,-0.17999999999994998,0.10469001862643872,4,1,3,0
1786242920,R_100,571.41,1,-0.12999999999999545,0.0885939551487108,9,1,3,0
1786242942,R_100,572.15,5,-0.14999999999997726,0.1292886520757206,9,1,3,0
1786242958,R_100,571.39,9,-0.12000000000000455,0.12936168074216722,0,1,3,0
1786242974,R_100,571.41,1,-0.10000000000002274,0.086948260477148,6,1,3,0
1786242980,R_100,571.54,4,-0.12999999999999545,0.11452316602136424,0,1,3,0
1786243000,R_100,571.68,8,-0.10000000000002274,0.0769126488658059,5,1,3,0
1786243006,R_100,571.59,9,-0.1999999999999318,0.11450861200024144,4,1,3,0
1786243008,R_100,571.34,4,-0.25,0.1338490028186775,2,1,3,0
1786243012,R_100,571.31,1,-0.11000000000001364,0.14025373831420312,7,1,3,0
1786243024,R_100,571.46,6,-0.13999999999998636,0.13928787137115256,4,1,3,0
1786243026,R_100,571.24,4,-0.22000000000002728,0.14206805880750473,9,1,3,0
1786243064,R_100,571.69,9,-0.18999999999994088,0.11970333699978573,3,1,3,1
1786243078,R_100,571.66,6,-0.11000000000001364,0.09592242235841231,7,1,3,0
1786243124,R_100,572.25,5,-0.14999999999997726,0.12642081403876915,2,1,3,0
1786243126,R_100,572.12,2,-0.12999999999999545,0.1340356503157219,3,1,3,1
1786243132,R_100,572.05,5,-0.15000000000009095,0.1413270438852332,3,1,3,1
1786243134,R_100,571.83,3,-0.2199999999999136,0.10069204977994178,4,1,3,0
1786243138,R_100,571.82,2,-0.12000000000000455,0.11568155523772919,0,1,3,0
1786243182,R_100,571.35,5,-0.18999999999994088,0.09971626413643289,8,1,3,0
1786243186,R_100,571.06,6,-0.22000000000002728,0.11777568132304594,2,1,3,0
1786243190,R_100,571.05,5,-0.17000000000007276,0.13275290329533163,8,1,3,0
1786243220,R_100,571.1,0,-0.10000000000002274,0.08628763269179827,9,1,3,0
1786243222,R_100,570.89,9,-0.21000000000003638,0.10110500592069399,5,1,3,0
1786243226,R_100,570.75,5,-0.10000000000002274,0.0919903376568668,4,1,3,0
1786243242,R_100,570.82,2,-0.13999999999998636,0.10573026477260648,6,1,3,0
1786243252,R_100,570.96,6,-0.16999999999995907,0.13002563849743234,0,1,3,0
1786243266,R_100,571.27,7,-0.13999999999998636,0.1359779393872333,8,1,3,0
1786243304,R_100,572.73,3,-0.16999999999995907,0.09681597664296447,9,1,3,0
1786243306,R_100,572.59,9,-0.13999999999998636,0.11795008360412233,6,1,3,0
1786243308,R_100,572.46,6,-0.12999999999999545,0.1314238266914315,5,1,3,0
1786243310,R_100,572.35,5,-0.11000000000001364,0.13656093471006323,2,1,3,0
1786243326,R_100,572.5,0,-0.11000000000001364,0.09938142012805849,1,1,3,0
1786243338,R_100,572.33,3,-0.16999999999995907,0.13434615323443388,8,1,3,0
1786243434,R_100,573.0,0,-0.14999999999997726,0.14003570973146234,5,1,3,0
1786243442,R_100,572.77,7,-0.2400000000000091,0.1427546457698763,3,1,3,1
1786243446,R_100,572.72,2,-0.2099999999999227,0.1390283744020687,4,1,3,0
1786243452,R_100,572.76,6,-0.12999999999999545,0.13979747255700348,6,1,3,0
1786243454,R_100,572.66,6,-0.10000000000002274,0.13623509092738811,6,1,3,0
1786243498,R_100,573.73,3,-0.10000000000002274,0.14304622407535456,3,1,3,1
1786243500,R_100,573.63,3,-0.10000000000002274,0.1254547284437239,8,1,3,0
1786243512,R_100,573.33,3,-0.11000000000001364,0.04217687623436859,3,1,3,1
1786243522,R_100,573.34,4,-0.11000000000001364,0.06899275324263923,9,1,3,0
1786243524,R_100,573.19,9,-0.14999999999997726,0.07885288693368467,0,1,3,0
1786243544,R_100,573.86,6,-0.21000000000003638,0.14345343805181998,5,1,3,0
1786243572,R_100,574.7,0,-0.10999999999989996,0.09811557810388571,2,1,3,0
1786243578,R_100,574.57,7,-0.14999999999997726,0.12875471943883374,3,1,3,1
1786243610,R_100,575.31,1,-0.13000000000010914,0.09531235200355545,0,1,3,0
1786243630,R_100,575.53,3,-0.17000000000007276,0.14061768499495322,7,1,3,0
1786243652,R_100,575.59,9,-0.10000000000002274,0.13472605951005043,5,1,3,0
1786243654,R_100,575.35,5,-0.2400000000000091,0.09982762921933983,3,1,3,1
1786243658,R_100,575.15,5,-0.18000000000006366,0.0828385310240516,0,1,3,0
1786243680,R_100,575.6,0,-0.10000000000002274,0.10466878978737276,8,1,3,0
1786243696,R_100,575.84,4,-0.25,0.13505554412906337,6,1,3,0
1786243704,R_100,575.65,5,-0.25,0.14009917122445187,4,1,3,0
1786243706,R_100,575.54,4,-0.11000000000001364,0.14391741458983545,5,1,3,0
1786243720,R_100,575.55,5,-0.14000000000010004,0.1150313966803121,7,1,3,0
1786243722,R_100,575.37,7,-0.17999999999994998,0.12083505745896461,4,1,3,0
1786243746,R_100,575.67,7,-0.15000000000009095,0.13795732029228644,4,1,3,0
1786243792,R_100,576.08,8,-0.12000000000000455,0.12389960093200442,8,1,3,0
1786243794,R_100,575.98,8,-0.10000000000002274,0.12818822965554144,6,1,3,0
1786243800,R_100,575.34,4,-0.15999999999996817,0.13777598565142954,7,1,3,0
1786243804,R_100,575.36,6,-0.11000000000001364,0.14476033833739865,0,1,3,0
1786243806,R_100,575.2,0,-0.15999999999996817,0.14476033833739865,2,1,3,0
1786243830,R_100,576.07,7,-0.16999999999995907,0.13687382673266016,0,1,3,0
1786243844,R_100,575.95,5,-0.16999999999995907,0.09267026371914551,4,1,3,0
1786243848,R_100,575.83,3,-0.11000000000001364,0.08608135686661796,8,1,3,0
1786243896,R_100,576.15,5,-0.15999999999996817,0.1226059632408727,6,1,3,0
1786243922,R_100,576.39,9,-0.16999999999995907,0.09761602782780503,0,1,3,0
1786243930,R_100,576.56,6,-0.14000000000010004,0.1398769300333555,5,1,3,0
1786243932,R_100,576.45,5,-0.10999999999989996,0.14437990010924087,0,1,3,0
1786243940,R_100,576.23,3,-0.12000000000000455,0.14142528455378478,9,1,3,0
1786243978,R_100,576.76,6,-0.19000000000005457,0.14304622407537695,5,1,3,0
1786244012,R_100,577.81,1,-0.13000000000010914,0.11813363431115256,3,1,3,1
1786244028,R_100,578.09,9,-0.11000000000001364,0.12913816889930566,7,1,3,0
1786244030,R_100,577.97,7,-0.12000000000000455,0.13597793938723526,6,1,3,0
1786244036,R_100,577.82,2,-0.13999999999998636,0.1413427669807352,1,1,3,0
1786244040,R_100,577.55,5,-0.2599999999999909,0.11286176402029394,5,1,3,0
1786244048,R_100,577.44,4,-0.2199999999999136,0.13302046626152148,5,1,3,0
1786244102,R_100,577.67,7,-0.12000000000000455,0.13609228894803152,4,1,3,0
1786244114,R_100,578.15,5,-0.11000000000001364,0.13184165586879035,7,1,3,0
1786244138,R_100,577.69,9,-0.11999999999989086,0.11479450238477959,9,1,3,0
1786244140,R_100,577.49,9,-0.20000000000004547,0.11656662377273115,5,1,3,0
1786244142,R_100,577.35,5,-0.13999999999998636,0.12057731498455149,1,1,3,0
1786244146,R_100,577.0,0,-0.30999999999994543,0.1404318735583304,5,1,3,0
1786244148,R_100,576.85,5,-0.14999999999997726,0.14009520572331646,3,1,3,1
1786244152,R_100,576.93,3,-0.10000000000002274,0.13306639946530396,3,1,3,1
1786244154,R_100,576.73,3,-0.1999999999999318,0.13425100868643386,5,1,3,0
1786244276,R_100,578.48,8,-0.13999999999998636,0.14161371559438163,3,1,3,1
1786244288,R_100,578.7,0,-0.2099999999999227,0.12099586769801228,5,1,3,0
1786244316,R_100,579.2,0,-0.2999999999999545,0.13654466098841447,3,1,3,1
1786244322,R_100,579.12,2,-0.13999999999998636,0.12705641791474945,5,1,3,0
1786244364,R_100,578.35,5,-0.22000000000002728,0.1315548048026655,3,1,3,1
1786244376,R_100,577.97,7,-0.14999999999997726,0.13920408678546636,6,1,3,0
1786244380,R_100,577.74,4,-0.22000000000002728,0.11631375193365852,2,1,3,0
1786244388,R_100,577.68,8,-0.25,0.14321700705959542,9,1,3,0
1786244448,R_100,579.49,9,-0.10000000000002274,0.13862819979275687,7,1,3,0
1786244450,R_100,579.37,7,-0.12000000000000455,0.13395272798018812,9,1,3,0
1786244506,R_100,579.67,7,-0.12000000000000455,0.08685236515680597,0,1,3,0
1786244542,R_100,580.12,2,-0.17999999999994998,0.09211104409593261,2,1,3,0
1786244550,R_100,580.26,6,-0.2300000000000182,0.13574895129531883,0,1,3,0
1786244566,R_100,580.19,9,-0.10999999999989996,0.14383632673593844,4,1,3,0
1786244574,R_100,580.03,3,-0.13999999999998636,0.09237604307030813,4,1,3,0
1786244580,R_100,579.79,9,-0.15000000000009095,0.0725794583733867,3,1,3,1
1786244582,R_100,579.63,3,-0.15999999999996817,0.07848566748136607,9,1,3,0
1786244584,R_100,579.49,9,-0.13999999999998636,0.08116512661096068,0,1,3,0
1786244592,R_100,579.51,1,-0.15999999999996817,0.11946175585142259,9,1,3,0
1786244632,R_100,580.31,1,-0.11000000000001364,0.09288583195396427,2,1,3,0
1786244636,R_100,580.22,2,-0.1999999999999318,0.1272137309150712,2,1,3,0
1786244660,R_100,580.99,9,-0.11000000000001364,0.09153627089239737,7,1,3,0
1786244748,R_100,582.08,8,-0.13999999999998636,0.144975093646389,3,1,3,1
1786244756,R_100,582.11,1,-0.12000000000000455,0.10587728746052158,2,1,3,0
1786244762,R_100,581.87,7,-0.2400000000000091,0.12175111224680074,1,1,3,0
1786244800,R_100,581.98,8,-0.2300000000000182,0.1359738536958326,4,1,3,0
1786244826,R_100,582.55,5,-0.10000000000002274,0.13826303434638365,8,1,3,0
1786244846,R_100,582.82,2,-0.15999999999996817,0.09381423725164363,2,1,3,0
1786244848,R_100,582.62,2,-0.20000000000004547,0.11805836597961375,8,1,3,0
1786244866,R_100,582.36,6,-0.13999999999998636,0.08099382692527969,3,1,3,1
1786244870,R_100,582.18,8,-0.25,0.09368979548370267,6,1,3,0
1786244876,R_100,582.17,7,-0.19000000000005457,0.12824022596501589,3,1,3,1
1786244878,R_100,582.03,3,-0.13999999999998636,0.13101738646285793,5,1,3,0
1786244884,R_100,581.98,8,-0.12999999999999545,0.140222046134783,7,1,3,0
1786244894,R_100,581.91,1,-0.21000000000003638,0.1412051305331887,9,1,3,0
1786244934,R_100,583.05,5,-0.2700000000000955,0.12987600924645126,1,1,3,0
1786244942,R_100,582.7,0,-0.12000000000000455,0.1376347824255892,9,1,3,0
1786244952,R_100,582.68,8,-0.11000000000001364,0.12598059815350654,9,1,3,0
1786244954,R_100,582.49,9,-0.18999999999994088,0.1133529394805752,9,1,3,0
1786244966,R_100,582.67,7,-0.13999999999998636,0.13048627003125468,0,1,3,0
1786244990,R_100,583.09,9,-0.12000000000000455,0.12165981715877258,4,1,3,0
1786245026,R_100,583.94,4,-0.15999999999996817,0.1199814800523657,8,1,3,0
1786245028,R_100,583.78,8,-0.16000000000008185,0.12714383805579815,9,1,3,0
1786245032,R_100,583.48,8,-0.21000000000003638,0.1416921545699339,9,1,3,0
1786245036,R_100,583.34,4,-0.14999999999997726,0.1320816245946405,9,1,3,0
1786245040,R_100,583.18,8,-0.21000000000003638,0.1405900265152465,5,1,3,0
1786245048,R_100,583.3,0,-0.17000000000007276,0.1338988009240362,8,1,3,0
1786245060,R_100,583.26,6,-0.22000000000002728,0.1280451309326654,2,1,3,0
1786245086,R_100,583.07,7,-0.2099999999999227,0.12596736790841556,0,1,3,0
1786245122,R_100,582.82,2,-0.16999999999995907,0.1320774183743791,6,1,3,0
1786245126,R_100,582.55,5,-0.21000000000003638,0.14244297104455403,3,1,3,1
1786245180,R_100,583.44,4,-0.15999999999996817,0.13519122259476476,1,1,3,0
1786245188,R_100,583.68,8,-0.14000000000010004,0.12824022596501242,9,1,3,0
1786245274,R_100,584.62,2,-0.12999999999999545,0.11547486498994435,5,1,3,0
1786245278,R_100,584.32,2,-0.2299999999999045,0.1047748909699899,2,1,3,0
1786245280,R_100,584.12,2,-0.20000000000004547,0.11450861200023248,3,1,3,1
1786245302,R_100,584.67,7,-0.21000000000003638,0.1268595023375581,5,1,3,0
1786245308,R_100,584.59,9,-0.12000000000000455,0.1379573202922656,0,1,3,0
1786245324,R_100,584.68,8,-0.10000000000002274,0.14008330854648984,2,1,3,0
1786245330,R_100,584.53,3,-0.19000000000005457,0.13864823595463133,3,1,3,1
1786245350,R_100,585.03,3,-0.12000000000000455,0.11323525167640515,0,1,3,0
1786245352,R_100,584.8,0,-0.2300000000000182,0.1437629221245013,3,1,3,1
1786245364,R_100,584.66,6,-0.12999999999999545,0.1408071967857661,4,1,3,0
1786245368,R_100,584.45,5,-0.18999999999994088,0.1272792206135663,9,1,3,0
1786245410,R_100,584.29,9,-0.15000000000009095,0.08947377020981649,9,1,3,0
1786245416,R_100,584.16,6,-0.16000000000008185,0.11123548594463856,2,1,3,0
1786245446,R_100,584.91,1,-0.22000000000002728,0.14387108426955048,2,1,3,0
1786245458,R_100,585.18,8,-0.16000000000008185,0.13886844293952874,4,1,3,0
1786245468,R_100,585.3,0,-0.16000000000008185,0.1250599856069451,9,1,3,0
1786245474,R_100,585.25,5,-0.15999999999996817,0.12882373832320698,8,1,3,0
1786245478,R_100,585.28,8,-0.10000000000002274,0.12918548250053846,6,1,3,0
1786245524,R_100,584.41,1,-0.11000000000001364,0.1418175666912293,8,1,3,0
1786245530,R_100,584.39,9,-0.18000000000006366,0.12728358539542556,4,1,3,0
1786245570,R_100,585.24,4,-0.12000000000000455,0.09534149149243101,3,1,3,1
1786245576,R_100,585.11,1,-0.10000000000002274,0.09693067396627865,5,1,3,0
1786245580,R_100,585.02,2,-0.12999999999999545,0.09723396754450817,7,1,3,0
1786245582,R_100,584.87,7,-0.14999999999997726,0.08680117766737205,4,1,3,0
1786245600,R_100,585.37,7,-0.12000000000000455,0.13753787357184732,0,1,3,0
1786245602,R_100,585.2,0,-0.16999999999995907,0.14063743772156395,5,1,3,0
1786245610,R_100,585.21,1,-0.16999999999995907,0.10362861037804943,1,1,3,0
1786245612,R_100,585.11,1,-0.10000000000002274,0.1007747763855187,6,1,3,0
1786245614,R_100,584.96,6,-0.14999999999997726,0.10566719242769172,7,1,3,0
1786245618,R_100,584.77,7,-0.10000000000002274,0.10432854089097619,9,1,3,0
1786245622,R_100,584.51,1,-0.18000000000006366,0.10418466511172537,6,1,3,0
1786245646,R_100,584.36,6,-0.10000000000002274,0.12050357302216369,3,1,3,1
1786245648,R_100,584.23,3,-0.12999999999999545,0.12375603240065941,7,1,3,0
1786245654,R_100,584.33,3,-0.14999999999997726,0.13918812209858586,8,1,3,0
1786245670,R_100,584.68,8,-0.18000000000006366,0.11939197814110773,9,1,3,0
1786245678,R_100,584.83,3,-0.11000000000001364,0.11711343029541176,0,1,3,0
1786245756,R_100,585.99,9,-0.11000000000001364,0.13558515159607537,6,1,3,0
1786245758,R_100,585.86,6,-0.12999999999999545,0.1389004439637685,6,1,3,0
1786245772,R_100,586.07,7,-0.17999999999994998,0.12810152223920596,5,1,3,0
1786245778,R_100,586.19,9,-0.11999999999989086,0.12867271142967188,2,1,3,0
1786245782,R_100,586.07,7,-0.14999999999997726,0.13614126650079028,7,1,3,0
1786245784,R_100,585.97,7,-0.10000000000002274,0.13639811012048406,3,1,3,1
1786245800,R_100,585.75,5,-0.15999999999996817,0.06750308634920046,6,1,3,0
1786245808,R_100,585.88,8,-0.2699999999999818,0.13782436488355373,6,1,3,0
1786245862,R_100,586.41,1,-0.14999999999997726,0.08666666666666986,6,1,3,0
1786245864,R_100,586.26,6,-0.14999999999997726,0.09240610850419177,9,1,3,0
1786245866,R_100,586.09,9,-0.16999999999995907,0.09912954487268369,8,1,3,0
1786245874,R_100,585.79,9,-0.21000000000003638,0.08907549856409848,6,1,3,0
1786245892,R_100,585.58,8,-0.11000000000001364,0.07885288693368978,7,1,3,0
1786245898,R_100,585.61,1,-0.14999999999997726,0.08512082915216139,1,1,3,0
1786245902,R_100,585.48,8,-0.12999999999999545,0.08643558937792295,7,1,3,0
1786245906,R_100,585.6,0,-0.16999999999995907,0.14149990184525635,1,1,3,0
1786245928,R_100,585.43,3,-0.15000000000009095,0.12795832654946057,3,1,3,1
1786245940,R_100,584.97,7,-0.25,0.105309068935211,9,1,3,0
1786245946,R_100,584.99,9,-0.2599999999999909,0.14003570973148122,9,1,3,0
1786245948,R_100,584.89,9,-0.10000000000002274,0.1372912556898176,7,1,3,0
1786245952,R_100,584.76,6,-0.11000000000001364,0.13769935043823217,7,1,3,0
1786245970,R_100,584.26,6,-0.2300000000000182,0.1375540297887081,7,1,3,0
1786245978,R_100,584.26,6,-0.12999999999999545,0.1229679271644137,7,1,3,0
1786245982,R_100,584.16,6,-0.11000000000001364,0.09910712498212532,2,1,3,0
1786245986,R_100,583.95,5,-0.16999999999995907,0.104264620610784,6,1,3,0
1786245990,R_100,583.62,2,-0.34000000000003183,0.12859929151351734,3,1,3,1
1786246014,R_100,583.51,1,-0.16999999999995907,0.12090400232323859,3,1,3,1
1786246016,R_100,583.33,3,-0.17999999999994998,0.1282575533838006,3,1,3,1
1786246018,R_100,583.03,3,-0.3000000000000682,0.1443337182443011,4,1,3,0
1786246024,R_100,582.48,8,-0.13999999999998636,0.14314328485820685,1,1,3,0
1786246034,R_100,582.15,5,-0.2699999999999818,0.12920268315065775,0,1,3,0
1786246040,R_100,582.13,3,-0.13999999999998636,0.1258261587358353,4,1,3,0
1786246044,R_100,581.97,7,-0.16999999999995907,0.128534474407077,1,1,3,0
1786246062,R_100,582.22,2,-0.18999999999994088,0.13644697789900764,2,1,3,0
1786246068,R_100,582.11,1,-0.1999999999999318,0.11318127053533579,7,1,3,0
1786246172,R_100,581.6,0,-0.2099999999999227,0.08859395514868196,2,1,3,0
1786246178,R_100,581.61,1,-0.15999999999996817,0.10850499220463741,5,1,3,0
1786246214,R_100,581.88,8,-0.16999999999995907,0.13531855420122688,2,1,3,0
1786246250,R_100,581.08,8,-0.16999999999995907,0.1310640216755773,8,1,3,0
1786246290,R_100,581.32,2,-0.17999999999994998,0.10979273402392165,5,1,3,0
1786246352,R_100,582.14,4,-0.13999999999998636,0.10906165432655228,1,1,3,0
1786246354,R_100,582.01,1,-0.12999999999999545,0.1064633478923394,1,1,3,0
1786246356,R_100,581.91,1,-0.10000000000002274,0.10276726672979333,6,1,3,0
1786246364,R_100,582.14,4,-0.13999999999998636,0.1297219248152559,2,1,3,0
1786246406,R_100,582.32,2,-0.2099999999999227,0.09593979593702844,3,1,3,1
1786246408,R_100,582.13,3,-0.19000000000005457,0.11276819882690922,8,1,3,0
1786246442,R_100,582.31,1,-0.2300000000000182,0.13974580097052658,0,1,3,0
1786246466,R_100,583.09,9,-0.2099999999999227,0.12454807193293355,4,1,3,0
1786246486,R_100,583.53,3,-0.22000000000002728,0.14477568856683257,3,1,3,1
1786246502,R_100,583.59,9,-0.10000000000002274,0.14531574817158618,3,1,3,1
1786246514,R_100,583.46,6,-0.17999999999994998,0.10854594521317801,0,1,3,0
1786246544,R_100,583.29,9,-0.13999999999998636,0.11647126493495132,5,1,3,0
1786246552,R_100,583.16,6,-0.17000000000007276,0.09425733098515106,9,1,3,0
1786246560,R_100,583.0,0,-0.11000000000001364,0.07916929820190367,8,1,3,0
1786246564,R_100,582.94,4,-0.2399999999998954,0.12249716550007542,6,1,3,0
1786246572,R_100,582.7,0,-0.17999999999994998,0.11616080807796525,5,1,3,0
1786246580,R_100,582.68,8,-0.10000000000002274,0.12336035739964739,3,1,3,1
1786246590,R_100,583.13,3,-0.11000000000001364,0.13874436925512024,4,1,3,0
1786246606,R_100,583.42,2,-0.20000000000004547,0.1396065901023357,2,1,3,0
1786246626,R_100,583.15,5,-0.18000000000006366,0.08512082915219857,9,1,3,0
1786246634,R_100,583.09,9,-0.18999999999994088,0.12603350524541782,6,1,3,0
1786246642,R_100,583.02,2,-0.14999999999997726,0.12937456387474108,1,1,3,0
1786246646,R_100,582.95,5,-0.15999999999996817,0.1300427280208672,4,1,3,0
1786246656,R_100,583.12,2,-0.14999999999997726,0.1331832488632764,3,1,3,1
1786246662,R_100,583.05,5,-0.16000000000008185,0.1371171437534822,3,1,3,1
1786246686,R_100,582.89,9,-0.32000000000005,0.14533103973726724,1,1,3,0
1786246750,R_100,582.24,4,-0.2300000000000182,0.13248060654719962,6,1,3,0
1786246752,R_100,582.06,6,-0.18000000000006366,0.13433374689764027,8,1,3,0
1786246790,R_100,582.15,5,-0.17000000000007276,0.14291022823206095,7,1,3,0
1786246806,R_100,581.78,8,-0.25,0.13771548771130063,3,1,3,1
1786246810,R_100,581.72,2,-0.11000000000001364,0.12046668511345258,6,1,3,0
1786246820,R_100,581.5,0,-0.15999999999996817,0.11470251377659027,5,1,3,0
1786246824,R_100,581.26,6,-0.19000000000005457,0.10456789394670161,2,1,3,0
1786246828,R_100,581.12,2,-0.20000000000004547,0.09768998583958688,4,1,3,0
1786246870,R_100,581.46,6,-0.1999999999999318,0.13050755618820462,0,1,3,0
1786246874,R_100,581.35,5,-0.14999999999997726,0.12925427136718315,7,1,3,0
1786246956,R_100,581.8,0,-0.21000000000003638,0.11421227799340454,0,1,3,0
1786246966,R_100,581.56,6,-0.11000000000001364,0.10319345371141449,3,1,3,1
1786246968,R_100,581.33,3,-0.2299999999999045,0.11740244176903529,6,1,3,0
1786246972,R_100,581.43,3,-0.12999999999999545,0.1425326473322775,0,1,3,0
1786247024,R_100,581.62,2,-0.12999999999999545,0.13960261060912246,4,1,3,0
1786247028,R_100,581.46,6,-0.17999999999994998,0.1346641913963688,1,1,3,0
1786247094,R_100,582.8,0,-0.14000000000010004,0.1367235653914055,9,1,3,0
1786247112,R_100,582.27,7,-0.12999999999999545,0.13752171545693315,4,1,3,0
1786247134,R_100,582.11,1,-0.11000000000001364,0.09956014374347663,9,1,3,0
1786247150,R_100,581.93,3,-0.34000000000003183,0.12970050972231112,4,1,3,0
1786247156,R_100,581.67,7,-0.12999999999999545,0.12532624093408776,8,1,3,0
1786247158,R_100,581.48,8,-0.18999999999994088,0.1326817411871171,2,1,3,0
1786247160,R_100,581.32,2,-0.15999999999996817,0.11777568132306147,5,1,3,0
1786247248,R_100,582.43,3,-0.12999999999999545,0.14462211295498476,3,1,3,1
1786247258,R_100,582.63,3,-0.10000000000002274,0.13524052647046692,3,1,3,1
1786247270,R_100,582.94,4,-0.10999999999989996,0.10650508595053229,3,1,3,1
1786247272,R_100,582.83,3,-0.11000000000001364,0.11532080856847361,6,1,3,0
1786247292,R_100,583.36,6,-0.12000000000000455,0.1037143513052231,3,1,3,1
1786247300,R_100,583.16,6,-0.20000000000004547,0.09117138927439722,5,1,3,0
1786247302,R_100,583.05,5,-0.11000000000001364,0.09204467514324277,5,1,3,0
1786247304,R_100,582.75,5,-0.2999999999999545,0.1155902725626634,8,1,3,0
1786247308,R_100,582.66,6,-0.12000000000000455,0.11392492654765624,2,1,3,0
1786247352,R_100,582.52,2,-0.15999999999996817,0.13998412608417912,7,1,3,0
1786247358,R_100,582.46,6,-0.14999999999997726,0.12529520696692692,4,1,3,0
1786247364,R_100,582.59,9,-0.11000000000001364,0.13890044396375348,2,1,3,0
1786247372,R_100,582.54,4,-0.2900000000000773,0.1425794125702993,3,1,3,1
1786247400,R_100,582.68,8,-0.11000000000001364,0.14017449443066166,6,1,3,0
1786247402,R_100,582.56,6,-0.12000000000000455,0.13540064007728111,8,1,3,0
1786247410,R_100,582.32,2,-0.2199999999999136,0.13011106366825223,3,1,3,1
1786247412,R_100,582.13,3,-0.19000000000005457,0.13011106366825223,9,1,3,0
1786247446,R_100,582.65,5,-0.15999999999996817,0.11294541454465729,4,1,3,0
1786247448,R_100,582.34,4,-0.30999999999994543,0.13946325680978383,6,1,3,0
1786247478,R_100,582.26,6,-0.21000000000003638,0.1423766522682391,5,1,3,0
1786247480,R_100,582.15,5,-0.11000000000001364,0.14353087163084785,6,1,3,0
1786247580,R_100,584.46,6,-0.11000000000001364,0.1260555433132485,2,1,3,0
1786247584,R_100,584.3,0,-0.12000000000000455,0.11851394667108715,3,1,3,1
1786247590,R_100,584.24,4,-0.16999999999995907,0.11481385901631147,9,1,3,0
1786247594,R_100,584.07,7,-0.2199999999999136,0.12789318459815602,1,1,3,0
1786247604,R_100,584.05,5,-0.12999999999999545,0.12376052143819959,5,1,3,0
1786247626,R_100,584.07,7,-0.17999999999994998,0.08270429251253833,1,1,3,0
1786247634,R_100,584.15,5,-0.11000000000001364,0.12532624093407252,1,1,3,0
1786247638,R_100,583.91,1,-0.20000000000004547,0.14049120178067195,3,1,3,1
1786247642,R_100,583.66,6,-0.17000000000007276,0.1389684216727723,3,1,3,1
1786247654,R_100,583.74,4,-0.12999999999999545,0.11110055505412617,7,1,3,0
1786247696,R_100,584.33,3,-0.2099999999999227,0.143077290689722,5,1,3,0
1786247704,R_100,584.2,0,-0.2199999999999136,0.1197404600699774,2,1,3,0
1786247748,R_100,585.46,6,-0.12000000000000455,0.13971796989331337,1,1,3,0
1786247758,R_100,585.34,4,-0.10000000000002274,0.05839520528262061,5,1,3,0
1786247766,R_100,585.54,4,-0.12000000000000455,0.10936178491593719,0,1,3,0
1786247792,R_100,585.88,8,-0.11000000000001364,0.112175457803062,6,1,3,0
1786247800,R_100,585.95,5,-0.10999999999989996,0.1334166406412388,2,1,3,0
1786247838,R_100,585.78,8,-0.18000000000006366,0.1037089945740355,6,1,3,0
1786247840,R_100,585.66,6,-0.12000000000000455,0.1037089945740355,1,1,3,0
1786247844,R_100,585.49,9,-0.22000000000002728,0.10853058964592793,8,1,3,0
1786247846,R_100,585.38,8,-0.11000000000001364,0.10853058964592793,4,1,3,0
1786247858,R_100,585.31,1,-0.22000000000002728,0.11963370019449757,9,1,3,0
1786247860,R_100,585.19,9,-0.11999999999989086,0.11963370019448985,0,1,3,0
1786247866,R_100,585.02,2,-0.2599999999999909,0.142610580875948,7,1,3,0
1786247894,R_100,585.73,3,-0.13999999999998636,0.11700427342622646,5,1,3,0
1786247986,R_100,587.34,4,-0.1999999999999318,0.12660086009888807,4,1,3,0
1786247996,R_100,587.12,2,-0.2999999999999545,0.12605554331324625,6,1,3,0
1786248000,R_100,587.02,2,-0.13999999999998636,0.12629770825754133,6,1,3,0
1786248062,R_100,588.56,6,-0.16000000000008185,0.09777525249266253,4,1,3,0
1786248066,R_100,588.41,1,-0.12999999999999545,0.09843779761861199,4,1,3,0
1786248076,R_100,588.14,4,-0.11000000000001364,0.07208020224415752,8,1,3,0
1786248082,R_100,587.97,7,-0.2999999999999545,0.12386820953467995,6,1,3,0
1786248088,R_100,587.93,3,-0.10000000000002274,0.13033716959397987,2,1,3,0
1786248090,R_100,587.82,2,-0.10999999999989996,0.1316729956284432,7,1,3,0
1786248092,R_100,587.67,7,-0.15000000000009095,0.13273197722391775,7,1,3,0
1786248106,R_100,587.7,0,-0.15999999999996817,0.09877584050093573,5,1,3,0
1786248108,R_100,587.45,5,-0.25,0.11933147112140882,2,1,3,0
1786248110,R_100,587.32,2,-0.12999999999999545,0.12064640713902955,1,1,3,0
1786248124,R_100,587.36,6,-0.22000000000002728,0.1394433377556942,7,1,3,0
1786248128,R_100,586.96,6,-0.11000000000001364,0.1430190352521217,0,1,3,0
1786248156,R_100,587.37,7,-0.10000000000002274,0.1315928062876936,0,1,3,0
1786248186,R_100,587.49,9,-0.13999999999998636,0.11390054140930536,9,1,3,0
1786248224,R_100,588.56,6,-0.10000000000002274,0.11805836597962906,2,1,3,0
1786248230,R_100,588.65,5,-0.18000000000006366,0.14126806669122002,7,1,3,0
1786248266,R_100,589.4,0,-0.14999999999997726,0.12322066926182428,8,1,3,0
1786248272,R_100,589.61,1,-0.11000000000001364,0.13140268896283408,2,1,3,0
1786248288,R_100,589.94,4,-0.11999999999989086,0.107310556589531,2,1,3,0
1786248298,R_100,590.01,1,-0.10000000000002274,0.11470251377657542,9,1,3,0
1786248304,R_100,590.05,5,-0.10000000000002274,0.11929887770731107,6,1,3,0
1786248330,R_100,590.35,5,-0.2999999999999545,0.12968337510171374,6,1,3,0
1786248348,R_100,590.21,1,-0.2400000000000091,0.1383393572985437,1,1,3,0
1786248350,R_100,590.01,1,-0.20000000000004547,0.12020353109992016,0,1,3,0
1786248352,R_100,589.9,0,-0.11000000000001364,0.12130768959780075,5,1,3,0
1786248374,R_100,589.39,9,-0.20000000000004547,0.14500574701252683,4,1,3,0
1786248446,R_100,590.1,0,-0.10000000000002274,0.1363655218724755,3,1,3,1
1786248482,R_100,591.05,5,-0.17000000000007276,0.1031719169369582,9,1,3,0
1786248484,R_100,590.79,9,-0.2599999999999909,0.12773235907769973,5,1,3,0
1786248534,R_100,591.68,8,-0.18000000000006366,0.14289078968841268,8,1,3,0
1786248544,R_100,591.79,9,-0.15000000000009095,0.1260335052454418,6,1,3,0
1786248546,R_100,591.66,6,-0.12999999999999545,0.12145415230086089,2,1,3,0
1786248576,R_100,591.08,8,-0.14999999999997726,0.09707385504519771,7,1,3,0
1786248616,R_100,591.47,7,-0.14999999999997726,0.13259797216479705,3,1,3,1
1786248620,R_100,591.31,1,-0.12000000000000455,0.11728408057171208,6,1,3,0
1786248626,R_100,591.25,5,-0.2699999999999818,0.12879354711233887,4,1,3,0
1786248628,R_100,591.14,4,-0.11000000000001364,0.12903487900563715,5,1,3,0
1786248652,R_100,592.12,2,-0.13999999999998636,0.13381579378631528,0,1,3,0
1786248658,R_100,592.06,6,-0.12000000000000455,0.12420413304983119,3,1,3,1
1786248666,R_100,592.25,5,-0.10000000000002274,0.10877601859887817,8,1,3,0
1786248674,R_100,592.06,6,-0.12000000000000455,0.10699948078796141,8,1,3,0
1786248678,R_100,591.86,6,-0.12000000000000455,0.10498677165351379,3,1,3,1
1786248698,R_100,591.84,4,-0.14999999999997726,0.08283853102404375,8,1,3,0
1786248702,R_100,591.79,9,-0.19000000000005457,0.11374435272917509,0,1,3,0
1786248704,R_100,591.6,0,-0.18999999999994088,0.1269470580815271,6,1,3,0
1786248710,R_100,591.33,3,-0.14999999999997726,0.10211649121359226,6,1,3,0
1786248812,R_100,591.87,7,-0.15999999999996817,0.121659817158788,5,1,3,0
1786248818,R_100,591.7,0,-0.17999999999994998,0.12928865207570298,6,1,3,0
1786248826,R_100,591.56,6,-0.2900000000000773,0.12598500792643666,7,1,3,0
1786248840,R_100,591.29,9,-0.20000000000004547,0.11728881731296968,8,1,3,0
1786248842,R_100,591.18,8,-0.11000000000001364,0.11448435118685904,5,1,3,0
1786248884,R_100,592.16,6,-0.12999999999999545,0.13784451788561655,9,1,3,0
1786248936,R_100,592.49,9,-0.2400000000000091,0.13217833071691906,6,1,3,0
1786248960,R_100,593.06,6,-0.17000000000007276,0.13383239933256977,8,1,3,0
1786249012,R_100,593.08,8,-0.30999999999994543,0.12997863072230056,7,1,3,0
1786249014,R_100,592.97,7,-0.11000000000001364,0.1297390543445609,2,1,3,0
1786249018,R_100,592.99,9,-0.12999999999999545,0.1451014970441086,4,1,3,0
1786249032,R_100,592.62,2,-0.12999999999999545,0.1213076895977987,8,1,3,0
1786249034,R_100,592.38,8,-0.2400000000000091,0.13510900948658047,2,1,3,0
1786249042,R_100,592.38,8,-0.12000000000000455,0.13050755618821971,9,1,3,0
1786249104,R_100,592.98,8,-0.16999999999995907,0.1443183210052512,0,1,3,0
1786249118,R_100,593.36,6,-0.10000000000002274,0.11855144218626533,5,1,3,0
1786249122,R_100,593.31,1,-0.14000000000010004,0.13141959941771916,8,1,3,0
1786249132,R_100,593.49,9,-0.12000000000000455,0.10413666234543839,8,1,3,0
1786249136,R_100,593.32,2,-0.15999999999996817,0.11587349423690076,8,1,3,0
1786249138,R_100,593.18,8,-0.14000000000010004,0.11979612310553223,1,1,3,0
1786249150,R_100,593.01,1,-0.14999999999997726,0.07831560082981234,8,1,3,0
1786249152,R_100,592.88,8,-0.12999999999999545,0.07922541679705891,0,1,3,0
1786249164,R_100,592.46,6,-0.18999999999994088,0.059525904725014546,2,1,3,0
1786249170,R_100,592.18,8,-0.18000000000006366,0.06464432603785551,3,1,3,1
1786249200,R_100,593.2,0,-0.10999999999989996,0.10553567064159701,0,1,3,0
1786249216,R_100,592.81,1,-0.13000000000010914,0.13233375314796156,9,1,3,0
1786249218,R_100,592.59,9,-0.2199999999999136,0.1295119042147636,1,1,3,0
1786249220,R_100,592.41,1,-0.18000000000006366,0.13362052403896446,2,1,3,0
1786249226,R_100,592.59,9,-0.12000000000000455,0.13453211099545703,1,1,3,0
1786249240,R_100,592.65,5,-0.12000000000000455,0.13209424245171672,9,1,3,0
1786249242,R_100,592.49,9,-0.15999999999996817,0.12587913073880383,9,1,3,0
1786249244,R_100,592.39,9,-0.10000000000002274,0.1229091805629974,5,1,3,0
1786249256,R_100,592.37,7,-0.20000000000004547,0.14366627996852172,0,1,3,0
1786249276,R_100,592.1,0,-0.15999999999996817,0.13800563595577303,7,1,3,0
1786249280,R_100,591.85,5,-0.22000000000002728,0.14494826663331795,3,1,3,1
1786249294,R_100,591.22,2,-0.11000000000001364,0.1453119250287369,5,1,3,0
1786249312,R_100,591.39,9,-0.13999999999998636,0.10956479564370564,0,1,3,0
1786249356,R_100,591.61,1,-0.10000000000002274,0.1104334892845227,3,1,3,1
1786249364,R_100,592.09,9,-0.12000000000000455,0.13192590513027533,2,1,3,0
1786249380,R_100,591.7,0,-0.12000000000000455,0.12980326994682728,2,1,3,0
1786249394,R_100,591.91,1,-0.14999999999997726,0.1109354166471097,3,1,3,1
1786249446,R_100,592.47,7,-0.10000000000002274,0.1369346965203434,3,1,3,1
1786249464,R_100,592.89,9,-0.20000000000004547,0.1291682795598486,4,1,3,0
1786249466,R_100,592.74,4,-0.14999999999997726,0.1356506952105896,3,1,3,1
1786249496,R_100,592.11,1,-0.12999999999999545,0.13499382701935686,6,1,3,0
1786249504,R_100,592.13,3,-0.10000000000002274,0.12844800071970278,3,1,3,1
1786249534,R_100,591.23,3,-0.18999999999994088,0.14376292212452665,5,1,3,0
1786249560,R_100,591.44,4,-0.13999999999998636,0.09732534213771794,6,1,3,0
1786249566,R_100,591.27,7,-0.2699999999999818,0.12624491188866563,4,1,3,0
1786249600,R_100,592.76,6,-0.16999999999995907,0.13250157231772836,6,1,3,0
1786249620,R_100,593.6,0,-0.12999999999999545,0.13712929827154718,2,1,3,0
1786249698,R_100,593.02,2,-0.11000000000001364,0.14112248423111587,1,1,3,0
1786249710,R_100,593.08,8,-0.15999999999996817,0.11276819882693749,7,1,3,0
1786249712,R_100,592.97,7,-0.11000000000001364,0.11654279137821963,4,1,3,0
1786249720,R_100,592.99,9,-0.15999999999996817,0.0881665091365785,7,1,3,0
1786249722,R_100,592.87,7,-0.12000000000000455,0.09240610850417871,9,1,3,0
1786249740,R_100,592.9,0,-0.3000000000000682,0.1403527302509563,8,1,3,0
1786249746,R_100,592.87,7,-0.10000000000002274,0.13952697867361277,4,1,3,0
1786249784,R_100,593.65,5,-0.11000000000001364,0.08694826047713203,7,1,3,0
1786249788,R_100,593.49,9,-0.17999999999994998,0.10405126941399756,7,1,3,0
1786249794,R_100,593.29,9,-0.16000000000008185,0.11308305698811912,3,1,3,1
1786249798,R_100,593.18,8,-0.25,0.1312715590759154,7,1,3,0
1786249818,R_100,593.27,7,-0.22000000000002728,0.1407480017620198,9,1,3,0
1786249820,R_100,593.09,9,-0.17999999999994998,0.11203174153384303,3,1,3,1
1786249842,R_100,594.0,0,-0.11000000000001364,0.09369572502997577,4,1,3,0
1786249854,R_100,594.32,2,-0.13999999999998636,0.12401164819842397,1,1,3,0
1786249858,R_100,594.11,1,-0.1999999999999318,0.13999999999998863,6,1,3,0
1786249864,R_100,593.95,5,-0.15999999999996817,0.13444949485462482,4,1,3,0
1786249866,R_100,593.84,4,-0.11000000000001364,0.12094075684675462,0,1,3,0
1786249874,R_100,593.73,3,-0.22000000000002728,0.106296231771816,1,1,3,0
1786249884,R_100,593.77,7,-0.20000000000004547,0.13497324837825084,7,1,3,0
1786249936,R_100,594.13,3,-0.12000000000000455,0.10115444736750455,4,1,3,0
1786249990,R_100,595.5,0,-0.12000000000000455,0.11824644697502304,5,1,3,0
1786250002,R_100,595.83,3,-0.12999999999999545,0.12703455347965775,2,1,3,0
1786250030,R_100,597.09,9,-0.12999999999999545,0.10507140429249992,7,1,3,0
1786250048,R_100,596.76,6,-0.11000000000001364,0.07574812062208748,2,1,3,0
1786250052,R_100,596.54,4,-0.18000000000006366,0.08260347046786636,8,1,3,0
1786250054,R_100,596.38,8,-0.15999999999996817,0.058651513194473315,5,1,3,0
1786250060,R_100,596.2,0,-0.17999999999994998,0.08299933065326796,4,1,3,0
1786250064,R_100,596.0,0,-0.13999999999998636,0.07676804890926014,8,1,3,0
1786250066,R_100,595.88,8,-0.12000000000000455,0.07709301740971503,1,1,3,0
1786250070,R_100,595.78,8,-0.12999999999999545,0.08643558937793583,6,1,3,0
1786250072,R_100,595.56,6,-0.22000000000002728,0.09162726425881716,6,1,3,0
1786250108,R_100,595.39,9,-0.2300000000000182,0.13896842167279586,8,1,3,0
1786250110,R_100,595.18,8,-0.21000000000003638,0.11673331429661116,3,1,3,1
1786250130,R_100,595.92,2,-0.11000000000001364,0.11899579824512897,5,1,3,0
1786250134,R_100,595.72,2,-0.12999999999999545,0.13641847382225913,9,1,3,0
1786250146,R_100,596.08,8,-0.12999999999999545,0.1283225103661157,4,1,3,0
1786250150,R_100,595.91,1,-0.12999999999999545,0.12296792716439325,7,1,3,0
1786250152,R_100,595.77,7,-0.13999999999998636,0.1291682795598105,4,1,3,0
1786250172,R_100,596.08,8,-0.18999999999994088,0.10979273402388703,8,1,3,0
1786250204,R_100,596.28,8,-0.14999999999997726,0.12766710182694155,0,1,3,0
1786250206,R_100,596.1,0,-0.17999999999994998,0.12936168074219517,2,1,3,0
1786250220,R_100,595.88,8,-0.21000000000003638,0.13108521401491785,7,1,3,0
1786250232,R_100,596.09,9,-0.14999999999997726,0.13292019326566093,0,1,3,0
1786250234,R_100,595.9,0,-0.19000000000005457,0.14134276698077547,0,1,3,0
1786250256,R_100,595.98,8,-0.17999999999994998,0.13660974424329528,2,1,3,0
1786250262,R_100,595.85,5,-0.1999999999999318,0.1418919776919254,0,1,3,0
1786250264,R_100,595.7,0,-0.14999999999997726,0.13420134127493336,7,1,3,0
1786250268,R_100,595.57,7,-0.1999999999999318,0.14145670715801295,1,1,3,0
1786250272,R_100,595.35,5,-0.15999999999996817,0.10934146311233299,1,1,3,0
1786250314,R_100,596.27,7,-0.15999999999996817,0.1335165407980099,8,1,3,0
1786250324,R_100,596.38,8,-0.13999999999998636,0.11813833698959281,5,1,3,0
1786250332,R_100,596.59,9,-0.10000000000002274,0.12851286144023547,8,1,3,0
1786250342,R_100,596.77,7,-0.11000000000001364,0.12518874638810046,3,1,3,1
1786250348,R_100,596.98,8,-0.11000000000001364,0.13532265967762333,3,1,3,1
1786250370,R_100,596.3,0,-0.12000000000000455,0.1286727114296723,7,1,3,0
1786250398,R_100,596.03,3,-0.21000000000003638,0.09180292902615189,0,1,3,0
1786250442,R_100,595.13,3,-0.10000000000002274,0.12359881337076328,6,1,3,0
1786250448,R_100,595.11,1,-0.11000000000001364,0.08124722217471936,1,1,3,0
1786250450,R_100,594.91,1,-0.20000000000004547,0.0923098646467985,3,1,3,1
1786250452,R_100,594.73,3,-0.17999999999994998,0.09129317852087829,1,1,3,0
1786250468,R_100,594.9,0,-0.12000000000000455,0.1420054772026526,1,1,3,0
1786250496,R_100,594.34,4,-0.10000000000002274,0.1437938338965386,5,1,3,0
1786250502,R_100,594.46,6,-0.14999999999997726,0.12440525176481518,8,1,3,0
1786250504,R_100,594.18,8,-0.2800000000000864,0.143453438051843,7,1,3,0
1786250568,R_100,595.38,8,-0.12000000000000455,0.13040109065665714,8,1,3,0
1786250574,R_100,594.96,6,-0.13999999999998636,0.11276327219248178,2,1,3,0
1786250598,R_100,595.43,3,-0.12000000000000455,0.13320410404086516,2,1,3,0
1786250606,R_100,595.41,1,-0.18000000000006366,0.12055427546685167,3,1,3,1
1786250608,R_100,595.23,3,-0.17999999999994998,0.13395272798018867,8,1,3,0
1786250612,R_100,594.99,9,-0.18999999999994088,0.1291381688993101,5,1,3,0
1786250614,R_100,594.75,5,-0.2400000000000091,0.13864422895389863,9,1,3,0
1786250630,R_100,594.87,7,-0.17999999999994998,0.12395787815041028,6,1,3,0
1786250632,R_100,594.76,6,-0.11000000000001364,0.11479934184866934,5,1,3,0
1786250634,R_100,594.45,5,-0.30999999999994543,0.13055437351708812,6,1,3,0
1786250656,R_100,594.39,9,-0.20000000000004547,0.08083591061182595,7,1,3,0
1786250662,R_100,594.35,5,-0.11000000000001364,0.08664102184686248,3,1,3,1
1786250668,R_100,594.32,2,-0.16999999999995907,0.10750193796702842,9,1,3,0
1786250680,R_100,594.48,8,-0.14999999999997726,0.11612254063893994,0,1,3,0
1786250682,R_100,594.3,0,-0.18000000000006366,0.12536613046060974,8,1,3,0
1786250708,R_100,595.2,0,-0.17999999999994998,0.13318324886325927,9,1,3,0
1786250734,R_100,594.49,9,-0.2400000000000091,0.1019204482809002,9,1,3,0
1786250740,R_100,594.49,9,-0.13999999999998636,0.13474667590211825,5,1,3,0
1786250760,R_100,594.63,3,-0.11000000000001364,0.1400158721161233,5,1,3,0
1786250766,R_100,594.91,1,-0.13999999999998636,0.13258121200899325,5,1,3,0
1786250792,R_100,594.45,5,-0.15999999999996817,0.13695498043758408,9,1,3,0
1786250798,R_100,594.16,6,-0.14999999999997726,0.09383200117466943,3,1,3,1
1786250800,R_100,593.93,3,-0.2300000000000182,0.06579429222120546,7,1,3,0
1786250802,R_100,593.67,7,-0.2599999999999909,0.08069834088890594,5,1,3,0
1786250836,R_100,594.68,8,-0.15000000000009095,0.10891382934333733,8,1,3,0
1786250850,R_100,594.78,8,-0.18000000000006366,0.1245257670792482,7,1,3,0
1786250852,R_100,594.67,7,-0.11000000000001364,0.12970050972232286,8,1,3,0
1786250856,R_100,594.57,7,-0.10999999999989996,0.11268934682963107,2,1,3,0
1786250884,R_100,594.31,1,-0.2800000000000864,0.12851718432440515,6,1,3,0
1786250928,R_100,593.72,2,-0.30999999999994543,0.12875903420298362,0,1,3,0
1786250940,R_100,593.76,6,-0.12000000000000455,0.13674388062682866,7,1,3,0
1786250952,R_100,593.89,9,-0.10000000000002274,0.0934523051258501,5,1,3,0
1786250966,R_100,594.03,3,-0.2400000000000091,0.1328992935354505,5,1,3,0
1786251020,R_100,594.43,3,-0.12999999999999545,0.08854377448471254,3,1,3,1
1786251026,R_100,594.21,1,-0.1999999999999318,0.09924156835158361,6,1,3,0
1786251040,R_100,594.53,3,-0.14999999999997726,0.13157169570658234,7,1,3,0
1786251096,R_100,595.48,8,-0.10000000000002274,0.1290520997289407,1,1,3,0
1786251104,R_100,595.51,1,-0.11000000000001364,0.14329844536646802,5,1,3,0
1786251114,R_100,595.49,9,-0.16999999999995907,0.11589746426140095,1,1,3,0
1786251154,R_100,596.82,2,-0.13999999999998636,0.10972693379474695,0,1,3,0
1786251156,R_100,596.6,0,-0.22000000000002728,0.1297690255800611,3,1,3,1
1786251178,R_100,597.04,4,-0.18000000000006366,0.11560949595756971,7,1,3,0
1786251182,R_100,596.83,3,-0.13999999999998636,0.10469001862644121,5,1,3,0
1786251196,R_100,596.83,3,-0.12000000000000455,0.10743990568373683,6,1,3,0
1786251198,R_100,596.66,6,-0.17000000000007276,0.10601886624557467,4,1,3,0
1786251210,R_100,596.89,9,-0.12000000000000455,0.14195460933381035,4,1,3,0
1786251224,R_100,596.41,1,-0.12999999999999545,0.11244751862293123,3,1,3,1
1786251228,R_100,596.31,1,-0.12000000000000455,0.08192137151633601,2,1,3,0
1786251230,R_100,596.12,2,-0.18999999999994088,0.08932462644138925,5,1,3,0
1786251234,R_100,595.77,7,-0.37999999999999545,0.12795832654944325,7,1,3,0
1786251268,R_100,595.18,8,-0.12999999999999545,0.12623170934613576,9,1,3,0
1786251304,R_100,595.87,7,-0.2300000000000182,0.13784451788557675,3,1,3,1
1786251306,R_100,595.73,3,-0.13999999999998636,0.14307729068970385,3,1,3,1
1786251334,R_100,595.43,3,-0.22000000000002728,0.14164117417695607,5,1,3,0
1786251336,R_100,595.25,5,-0.17999999999994998,0.14263005760825734,0,1,3,0
1786251340,R_100,595.22,2,-0.17999999999994998,0.1289487408925712,2,1,3,0
1786251342,R_100,595.12,2,-0.10000000000002274,0.12832683966255629,9,1,3,0
1786251376,R_100,596.27,7,-0.11000000000001364,0.10564090116995829,6,1,3,0
1786251378,R_100,596.16,6,-0.11000000000001364,0.12036980056845721,1,1,3,0
1786251406,R_100,597.35,5,-0.14999999999997726,0.14033293744994516,9,1,3,0
1786251438,R_100,598.16,6,-0.20000000000004547,0.1304862700312643,3,1,3,1
1786251442,R_100,598.12,2,-0.11000000000001364,0.11682845924215074,3,1,3,1
1786251454,R_100,597.81,1,-0.12000000000000455,0.1266842093115612,7,1,3,0
1786251456,R_100,597.67,7,-0.13999999999998636,0.12879354711236068,6,1,3,0
1786251460,R_100,597.69,9,-0.16999999999995907,0.14446837408622146,8,1,3,0
1786251486,R_100,598.59,9,-0.11000000000001364,0.11823235127870703,3,1,3,1
1786251492,R_100,598.77,7,-0.13999999999998636,0.1282402259650053,3,1,3,1
1786251504,R_100,598.35,5,-0.10000000000002274,0.13632070031119256,9,1,3,0
1786251518,R_100,598.29,9,-0.12999999999999545,0.09912954487270308,0,1,3,0
1786251558,R_100,598.67,7,-0.22000000000002728,0.12771931029497946,4,1,3,0
1786251590,R_100,598.44,4,-0.12999999999999545,0.12077987323132583,4,1,3,0
1786251592,R_100,598.34,4,-0.10000000000002274,0.1210876633774899,2,1,3,0
1786251606,R_100,598.71,1,-0.13999999999998636,0.11942454614619788,6,1,3,0
1786251608,R_100,598.56,6,-0.15000000000009095,0.13016655996583398,0,1,3,0
1786251614,R_100,598.47,7,-0.13999999999998636,0.1309155792443919,2,1,3,0
1786251616,R_100,598.22,2,-0.25,0.13169408997118215,6,1,3,0
1786251626,R_100,598.32,2,-0.10999999999989996,0.1318627232305534,5,1,3,0
1786251634,R_100,598.19,9,-0.2399999999998954,0.13725887949415444,4,1,3,0
1786251666,R_100,598.66,6,-0.16000000000008185,0.11635195648455986,0,1,3,0
1786251670,R_100,598.56,6,-0.14000000000010004,0.1094481104857272,7,1,3,0
1786251676,R_100,598.61,1,-0.21000000000003638,0.12184233892849733,0,1,3,0
1786251678,R_100,598.5,0,-0.11000000000001364,0.12454807193302479,3,1,3,1
1786251680,R_100,598.33,3,-0.16999999999995907,0.13163923764934204,3,1,3,1
1786251682,R_100,598.13,3,-0.20000000000004547,0.13727506854653324,1,1,3,0
1786251692,R_100,598.06,6,-0.11000000000001364,0.11901913945058454,1,1,3,0
1786251694,R_100,597.91,1,-0.14999999999997726,0.11308305698811533,8,1,3,0
1786251744,R_100,598.01,1,-0.12000000000000455,0.09829660330968369,5,1,3,0
1786251812,R_100,597.79,9,-0.20000000000004547,0.1411224842310939,4,1,3,0
1786251816,R_100,597.63,3,-0.11000000000001364,0.12191071414042136,4,1,3,0
1786251830,R_100,597.4,0,-0.19000000000005457,0.09503800409427719,2,1,3,0
1786251834,R_100,597.16,6,-0.2599999999999909,0.10952422360169894,4,1,3,0
1786251836,R_100,597.04,4,-0.12000000000000455,0.11009591777677499,3,1,3,1
1786251838,R_100,596.83,3,-0.2099999999999227,0.11994906326343059,0,1,3,0
1786251842,R_100,596.65,5,-0.14999999999997726,0.12077987323131828,2,1,3,0
1786251854,R_100,596.36,6,-0.25,0.14529663145133584,0,1,3,0
1786251858,R_100,596.18,8,-0.12000000000000455,0.1379412113103776,7,1,3,0
1786251860,R_100,595.97,7,-0.2099999999999227,0.14445683707520643,0,1,3,0
1786251868,R_100,595.63,3,-0.16999999999995907,0.09620002309999096,3,1,3,1
1786251870,R_100,595.43,3,-0.20000000000004547,0.08273115763991759,6,1,3,0
1786251876,R_100,595.62,2,-0.10000000000002274,0.1330663994653291,6,1,3,0
1786251902,R_100,595.98,8,-0.1999999999999318,0.11110055505411075,9,1,3,0
1786251968,R_100,597.32,2,-0.18999999999994088,0.12536613046057915,1,1,3,0
1786251990,R_100,597.51,1,-0.19000000000005457,0.11274356350190623,7,1,3,0
1786252000,R_100,597.34,4,-0.15999999999996817,0.13326664999164278,0,1,3,0
1786252004,R_100,597.16,6,-0.13999999999998636,0.11852800887927904,7,1,3,0
1786252014,R_100,596.72,2,-0.2400000000000091,0.11272385136545969,1,1,3,0
1786252060,R_100,597.25,5,-0.21000000000003638,0.13059266612041934,6,1,3,0
1786252080,R_100,597.4,0,-0.12999999999999545,0.0872098363463313,2,1,3,0
1786252088,R_100,597.41,1,-0.2699999999999818,0.13519122259475236,4,1,3,0
1786252092,R_100,597.43,3,-0.11000000000001364,0.13727911551126157,7,1,3,0
1786252104,R_100,597.45,5,-0.17999999999994998,0.14277021164561152,9,1,3,0
1786252116,R_100,597.6,0,-0.12999999999999545,0.10629623177182017,6,1,3,0
1786252124,R_100,597.58,8,-0.11000000000001364,0.10089047967419376,7,1,3,0
1786252136,R_100,597.74,4,-0.14999999999997726,0.10627009613870107,9,1,3,0
1786252138,R_100,597.59,9,-0.14999999999997726,0.11643309953214401,5,1,3,0
1786252190,R_100,598.2,0,-0.14999999999997726,0.12041133206175089,2,1,3,0
1786252216,R_100,597.87,7,-0.21000000000003638,0.14063743772157156,7,1,3,0
1786252224,R_100,597.63,3,-0.2400000000000091,0.14422590305182054,5,1,3,0
1786252230,R_100,597.1,0,-0.4199999999999591,0.14382087624695875,1,1,3,0
1786252244,R_100,596.96,6,-0.12999999999999545,0.14522396496446335,7,1,3,0
1786252332,R_100,597.94,4,-0.13999999999998636,0.12629770825752246,0,1,3,0
1786252350,R_100,598.46,6,-0.14999999999997726,0.131723616375761,5,1,3,0
1786252358,R_100,598.43,3,-0.14000000000010004,0.1176671388092389,5,1,3,0
1786252360,R_100,598.25,5,-0.17999999999994998,0.11749231653364263,1,1,3,0
1786252372,R_100,598.78,8,-0.14999999999997726,0.14461058820923114,9,1,3,0
1786252398,R_100,599.36,6,-0.15999999999996817,0.12465507967543561,9,1,3,0
1786252404,R_100,599.36,6,-0.12999999999999545,0.1020021786259797,2,1,3,0
1786252412,R_100,599.35,5,-0.16999999999995907,0.12518430856586524,5,1,3,0
1786252414,R_100,599.25,5,-0.10000000000002274,0.11751595636338093,3,1,3,1
1786252466,R_100,600.4,0,-0.19000000000005457,0.14261058087598089,1,1,3,0
1786252492,R_100,600.18,8,-0.14000000000010004,0.13499382701937065,5,1,3,0
1786252496,R_100,599.96,6,-0.18999999999994088,0.14126806669119557,1,1,3,0
1786252500,R_100,599.77,7,-0.13999999999998636,0.1008629433108812,5,1,3,0
1786252506,R_100,599.58,8,-0.11000000000001364,0.09114091653406385,4,1,3,0
1786252508,R_100,599.34,4,-0.2400000000000091,0.0971596624119362,2,1,3,0
1786252518,R_100,599.22,2,-0.25,0.1285344744071169,4,1,3,0
1786252564,R_100,598.92,2,-0.13999999999998636,0.08608135686665914,3,1,3,1
1786252606,R_100,599.83,3,-0.2099999999999227,0.10049322807477444,1,1,3,0
1786252624,R_100,599.77,7,-0.19000000000005457,0.10285372569279744,1,1,3,0
1786252626,R_100,599.61,1,-0.15999999999996817,0.09378462323621135,3,1,3,1
1786252636,R_100,599.6,0,-0.12999999999999545,0.11153474794880527,2,1,3,0
1786252662,R_100,598.33,3,-0.12999999999999545,0.12518874638808594,6,1,3,0
1786252710,R_100,598.31,1,-0.13000000000010914,0.10519822558709095,0,1,3,0
1786252712,R_100,598.2,0,-0.10999999999989996,0.1142171421265584,0,1,3,0
1786252714,R_100,598.0,0,-0.20000000000004547,0.13278637815012406,7,1,3,0
1786252738,R_100,599.01,1,-0.18000000000006366,0.12004165943542024,1,1,3,0
1786252740,R_100,598.91,1,-0.10000000000002274,0.13142382669147987,9,1,3,0
1786252776,R_100,599.21,1,-0.13999999999998636,0.130728726758895,8,1,3,0
1786252778,R_100,599.08,8,-0.12999999999999545,0.1280147560938983,7,1,3,0
1786252780,R_100,598.97,7,-0.11000000000001364,0.1312715590759273,5,1,3,0
1786252782,R_100,598.85,5,-0.12000000000000455,0.13451559182654754,4,1,3,0
1786252788,R_100,598.82,2,-0.14999999999997726,0.11825114516711412,3,1,3,1
1786252856,R_100,598.02,2,-0.17000000000007276,0.13834337312966585,6,1,3,0
1786252858,R_100,597.86,6,-0.15999999999996817,0.1366626015655718,3,1,3,1
1786252892,R_100,598.08,8,-0.12000000000000455,0.0748405712906545,5,1,3,0
1786252894,R_100,597.95,5,-0.12999999999999545,0.07989576542804487,5,1,3,0
1786252896,R_100,597.65,5,-0.3000000000000682,0.11652372195301106,4,1,3,0
1786252906,R_100,597.05,5,-0.11000000000001364,0.13723054405717214,7,1,3,0
1786252940,R_100,596.88,8,-0.13999999999998636,0.14261447643519606,0,1,3,0
1786252996,R_100,597.32,2,-0.14999999999997726,0.1373559851869055,6,1,3,0
1786253010,R_100,597.37,7,-0.17999999999994998,0.13377011790545607,2,1,3,0
1786253122,R_100,597.79,9,-0.16000000000008185,0.11005554153344581,9,1,3,0
1786253126,R_100,597.75,5,-0.13999999999998636,0.09068259663979246,2,1,3,0
1786253132,R_100,597.77,7,-0.11000000000001364,0.10405126941400618,7,1,3,0
1786253134,R_100,597.67,7,-0.10000000000002274,0.10591401124392072,4,1,3,0
1786253136,R_100,597.44,4,-0.2299999999999045,0.12083505745894552,2,1,3,0
1786253162,R_100,597.62,2,-0.21000000000003638,0.09510812560215731,8,1,3,0
1786253164,R_100,597.48,8,-0.13999999999998636,0.09926955446885188,7,1,3,0
1786253166,R_100,597.37,7,-0.11000000000001364,0.09908470001860965,9,1,3,0
1786253172,R_100,597.25,5,-0.11000000000001364,0.1017677093515729,7,1,3,0
1786253186,R_100,597.31,1,-0.2800000000000864,0.14009520572338657,8,1,3,0
1786253216,R_100,597.96,6,-0.14999999999997726,0.14049120178068894,3,1,3,1
1786253220,R_100,598.0,0,-0.12999999999999545,0.13226236552145582,3,1,3,1
1786253246,R_100,597.68,8,-0.20000000000004547,0.137198153534719,4,1,3,0
1786253272,R_100,596.71,1,-0.2799999999999727,0.1338988009240284,6,1,3,0
1786253398,R_100,597.4,0,-0.17000000000007276,0.12449453357029425,2,1,3,0
1786253400,R_100,597.22,2,-0.17999999999994998,0.1337493509849032,2,1,3,0
1786253440,R_100,596.94,4,-0.14999999999997726,0.13192590513026722,6,1,3,0
1786253474,R_100,595.99,9,-0.13999999999998636,0.1279279311001158,3,1,3,1
1786253476,R_100,595.73,3,-0.2599999999999909,0.13906033862240538,9,1,3,0
1786253484,R_100,595.76,6,-0.10000000000002274,0.12877629181386527,2,1,3,0
1786253498,R_100,595.66,6,-0.12000000000000455,0.09741663102366319,7,1,3,0
1786253500,R_100,595.37,7,-0.2899999999999636,0.13108097582113526,6,1,3,0
1786253526,R_100,594.71,1,-0.13999999999998636,0.09392668535738993,0,1,3,0
1786253530,R_100,594.53,3,-0.17000000000007276,0.09468661761600289,6,1,3,0
1786253536,R_100,594.45,5,-0.10999999999989996,0.09386160024204797,9,1,3,0
1786253540,R_100,594.37,7,-0.22000000000002728,0.12472636716695006,1,1,3,0
1786253552,R_100,594.33,3,-0.11000000000001364,0.12454807193296949,1,1,3,0
1786253554,R_100,594.21,1,-0.12000000000000455,0.12176936305072207,4,1,3,0
1786253558,R_100,594.01,1,-0.12999999999999545,0.10654159333853701,8,1,3,0
1786253560,R_100,593.88,8,-0.12999999999999545,0.09445163371330932,1,1,3,0
1786253564,R_100,593.79,9,-0.12000000000000455,0.09967168326283425,0,1,3,0
1786253566,R_100,593.5,0,-0.2899999999999636,0.12479316220584163,3,1,3,1
1786253600,R_100,594.09,9,-0.14999999999997726,0.1152581643288032,2,1,3,0
1786253606,R_100,594.07,7,-0.16999999999995907,0.1076207332358366,3,1,3,1
1786253634,R_100,593.84,4,-0.2099999999999227,0.13888844444370915,0,1,3,0
1786253638,R_100,593.69,9,-0.10999999999989996,0.1169045194449738,5,1,3,0
1786253642,R_100,593.67,7,-0.18000000000006366,0.1328491207681911,9,1,3,0
1786253682,R_100,593.61,1,-0.16999999999995907,0.11136027618098726,0,1,3,0
1786253684,R_100,593.3,0,-0.3100000000000591,0.1318627232305489,7,1,3,0
1786253688,R_100,593.17,7,-0.10000000000002274,0.12587471725666127,4,1,3,0
1786253694,R_100,593.23,3,-0.13999999999998636,0.1332541431501021,8,1,3,0
1786253708,R_100,593.73,3,-0.12000000000000455,0.13150411907364573,3,1,3,1
1786253814,R_100,594.26,6,-0.11000000000001364,0.11489125293074699,2,1,3,0
1786253822,R_100,594.43,3,-0.12000000000000455,0.10692157042533589,8,1,3,0
1786253824,R_100,594.28,8,-0.14999999999997726,0.11756794725697231,8,1,3,0
1786253866,R_100,594.57,7,-0.12999999999999545,0.13125462954799338,2,1,3,0
1786253868,R_100,594.42,2,-0.15000000000009095,0.13259797216484592,0,1,3,0
1786253984,R_100,594.33,3,-0.16999999999995907,0.12815355372883655,3,1,3,1
1786253986,R_100,594.23,3,-0.10000000000002274,0.1315716957065903,0,1,3,0
1786254004,R_100,594.33,3,-0.2299999999999045,0.11690451944499833,2,1,3,0
1786254006,R_100,594.12,2,-0.21000000000003638,0.13160969231447814,3,1,3,1
1786254026,R_100,594.48,8,-0.10000000000002274,0.08044321668801191,7,1,3,0
1786254040,R_100,594.6,0,-0.10000000000002274,0.11491059326471022,9,1,3,0
1786254042,R_100,594.39,9,-0.21000000000003638,0.13540474306482098,4,1,3,0
1786254068,R_100,593.72,2,-0.12999999999999545,0.12398924684554417,8,1,3,0
1786254090,R_100,593.59,9,-0.12999999999999545,0.08974655672749574,1,1,3,0
1786254098,R_100,593.56,6,-0.21000000000003638,0.1304010906566447,4,1,3,0
1786254102,R_100,593.34,4,-0.1999999999999318,0.117964213029014,7,1,3,0
1786254112,R_100,593.32,2,-0.13999999999998636,0.1419272113913812,6,1,3,0
1786254122,R_100,593.66,6,-0.14999999999997726,0.14242346872776895,1,1,3,0
1786254140,R_100,592.68,8,-0.22000000000002728,0.1414252845537431,9,1,3,0
1786254172,R_100,594.13,3,-0.11000000000001364,0.11520513105856686,6,1,3,0
1786254176,R_100,594.25,5,-0.11000000000001364,0.12773235907770253,1,1,3,0
1786254186,R_100,594.15,5,-0.17000000000007276,0.12266032592309421,5,1,3,0
1786254194,R_100,594.04,4,-0.13999999999998636,0.08740709353366927,9,1,3,0
1786254208,R_100,594.19,9,-0.11999999999989086,0.09570788891204897,6,1,3,0
1786254216,R_100,594.29,9,-0.18000000000006366,0.11095544651394816,4,1,3,0
1786254218,R_100,594.14,4,-0.14999999999997726,0.11110055505410897,1,1,3,0
1786254258,R_100,594.19,9,-0.12999999999999545,0.14000396819773597,1,1,3,0
1786254264,R_100,594.16,6,-0.21000000000003638,0.14158232783633107,9,1,3,0
1786254272,R_100,594.05,5,-0.12000000000000455,0.10720696494786994,3,1,3,1
1786254296,R_100,594.02,2,-0.21000000000003638,0.11813833698959911,2,1,3,0
1786254298,R_100,593.92,2,-0.10000000000002274,0.12114729327008725,3,1,3,1
1786254340,R_100,595.07,7,-0.12999999999999545,0.14391355429948896,3,1,3,1
1786254362,R_100,595.27,7,-0.21000000000003638,0.12903057346571148,4,1,3,0
1786254408,R_100,595.63,3,-0.19000000000005457,0.1176435293588198,7,1,3,0
1786254412,R_100,595.52,2,-0.25,0.14470276047432035,7,1,3,0
1786254430,R_100,595.67,7,-0.20000000000004547,0.12927146286444668,9,1,3,0
1786254432,R_100,595.39,9,-0.2799999999999727,0.13565069521057527,5,1,3,0
1786254436,R_100,595.15,5,-0.20000000000004547,0.11890705987826426,8,1,3,0
1786254460,R_100,595.06,6,-0.11000000000001364,0.13097921802923973,4,1,3,0
1786254464,R_100,595.0,0,-0.13999999999998636,0.1404318735583455,2,1,3,0
1786254488,R_100,595.01,1,-0.18000000000006366,0.13135617398679264,1,1,3,0
1786254498,R_100,594.87,7,-0.21000000000003638,0.11682845924215955,0,1,3,0
1786254510,R_100,595.31,1,-0.10000000000002274,0.14031710119902238,7,1,3,0
1786254514,R_100,595.23,3,-0.13999999999998636,0.1434495652756901,1,1,3,0
1786254552,R_100,594.98,8,-0.17999999999994998,0.14175487449975896,2,1,3,0
1786254602,R_100,596.52,2,-0.22000000000002728,0.13825901618178585,9,1,3,0
1786254604,R_100,596.39,9,-0.12999999999999545,0.1402220461347698,7,1,3,0
1786254624,R_100,596.93,3,-0.14000000000010004,0.11654279137820156,0,1,3,0
1786254698,R_100,598.12,2,-0.20000000000004547,0.13334999895845642,8,1,3,0
1786254700,R_100,597.98,8,-0.13999999999998636,0.10881176406988034,9,1,3,0
1786254704,R_100,597.97,7,-0.12000000000000455,0.09393259994984321,5,1,3,0
1786254710,R_100,597.95,5,-0.2199999999999136,0.12626691305853302,2,1,3,0
1786254778,R_100,599.74,4,-0.11000000000001364,0.11117553687750038,0,1,3,0
1786254788,R_100,599.77,7,-0.12999999999999545,0.08011103405759469,5,1,3,0
1786254796,R_100,599.91,1,-0.12999999999999545,0.11187294380480305,6,1,3,0
1786254798,R_100,599.76,6,-0.14999999999997726,0.11707547423206356,4,1,3,0
1786254802,R_100,599.62,2,-0.22000000000002728,0.13721434975168287,3,1,3,1
1786254806,R_100,599.41,1,-0.12000000000000455,0.1305075561882236,1,1,3,0
1786254816,R_100,599.54,4,-0.11000000000001364,0.1138273546502323,5,1,3,0
1786254826,R_100,599.57,7,-0.15999999999996817,0.09191783770786414,5,1,3,0
1786254832,R_100,599.51,1,-0.18000000000006366,0.1060398248039191,6,1,3,0
1786254862,R_100,599.9,0,-0.21000000000003638,0.13705230145217223,0,1,3,0
1786254868,R_100,599.68,8,-0.12999999999999545,0.11993053545005077,1,1,3,0
1786254870,R_100,599.51,1,-0.16999999999995907,0.12493998559308879,5,1,3,0
1786254936,R_100,601.63,3,-0.12000000000000455,0.11659998094149433,8,1,3,0
1786254948,R_100,602.14,4,-0.11000000000001364,0.13030306553910523,8,1,3,0
1786254986,R_100,602.72,2,-0.12999999999999545,0.09837004964246504,3,1,3,1
1786255030,R_100,603.55,5,-0.17000000000007276,0.12708702180441422,1,1,3,0
1786255138,R_100,603.86,6,-0.13999999999998636,0.13603921003396974,6,1,3,0
1786255142,R_100,603.83,3,-0.2299999999999045,0.11508451001084435,3,1,3,1
1786255144,R_100,603.63,3,-0.20000000000004547,0.12843069899536555,9,1,3,0
1786255176,R_100,603.81,1,-0.10000000000002274,0.0948917511928644,5,1,3,0
1786255180,R_100,603.51,1,-0.2400000000000091,0.11843892002961351,3,1,3,1
1786255190,R_100,603.44,4,-0.12999999999999545,0.11642832797715971,4,1,3,0
1786255192,R_100,603.34,4,-0.10000000000002274,0.11711343029540758,5,1,3,0
1786255200,R_100,603.29,9,-0.17000000000007276,0.12007405122581907,2,1,3,0
1786255234,R_100,603.3,0,-0.18000000000006366,0.12556096350201532,0,1,3,0
1786255240,R_100,603.07,7,-0.13999999999998636,0.1168332144554818,6,1,3,0
1786255278,R_100,603.24,4,-0.12999999999999545,0.10627009613871358,7,1,3,0
1786255282,R_100,603.17,7,-0.10000000000002274,0.09191783770786795,3,1,3,1
1786255284,R_100,602.93,3,-0.2400000000000091,0.11631375193368486,3,1,3,1
1786255316,R_100,603.27,7,-0.14999999999997726,0.13469719125998655,9,1,3,0
1786255322,R_100,603.3,0,-0.11000000000001364,0.12677626837155465,0,1,3,0
1786255328,R_100,603.28,8,-0.19000000000005457,0.13914021704739832,0,1,3,0
1786255330,R_100,603.1,0,-0.17999999999994998,0.13299958228839717,4,1,3,0
1786255380,R_100,603.26,6,-0.14999999999997726,0.13609228894800296,9,1,3,0
1786255404,R_100,602.84,4,-0.16999999999995907,0.12979042936806584,5,1,3,0
1786255406,R_100,602.65,5,-0.19000000000005457,0.12038826077872004,6,1,3,0
1786255412,R_100,602.32,2,-0.25,0.10322036836033364,2,1,3,0
1786255522,R_100,602.57,7,-0.2199999999999136,0.11999999999998279,5,1,3,0
1786255524,R_100,602.45,5,-0.12000000000000455,0.12410121317339236,6,1,3,0
1786255546,R_100,603.19,9,-0.2199999999999136,0.12472636716690637,9,1,3,0
1786255556,R_100,603.09,9,-0.12000000000000455,0.1420524159910167,6,1,3,0
1786255572,R_100,603.51,1,-0.18000000000006366,0.11510864433222748,8,1,3,0
1786255574,R_100,603.38,8,-0.12999999999999545,0.12338287293355231,6,1,3,0
1786255576,R_100,603.26,6,-0.12000000000000455,0.12338287293355231,2,1,3,0
1786255578,R_100,603.12,2,-0.13999999999998636,0.1309961831505187,7,1,3,0
1786255708,R_100,605.05,5,-0.12999999999999545,0.1410476672775932,7,1,3,0
1786255724,R_100,604.95,5,-0.13999999999998636,0.1407480017619916,3,1,3,1
1786255726,R_100,604.83,3,-0.12000000000000455,0.14315880847659565,1,1,3,0
1786255738,R_100,604.01,1,-0.15999999999996817,0.1288452991424841,4,1,3,0
1786255740,R_100,603.74,4,-0.2699999999999818,0.13550317749453858,3,1,3,1
1786255742,R_100,603.63,3,-0.11000000000001364,0.12755826555388824,8,1,3,0
1786255752,R_100,603.78,8,-0.10000000000002274,0.1289961239727765,0,1,3,0
1786255770,R_100,604.11,1,-0.1999999999999318,0.12463725143167212,6,1,3,0
1786255780,R_100,604.08,8,-0.15999999999996817,0.13428411008834534,7,1,3,0
1786255798,R_100,604.18,8,-0.15000000000009095,0.14057026712644952,2,1,3,0
1786255808,R_100,603.85,5,-0.2699999999999818,0.13982528780988246,5,1,3,0
1786255826,R_100,603.52,2,-0.2799999999999727,0.12569805089974997,1,1,3,0
1786255828,R_100,603.41,1,-0.11000000000001364,0.10437113266287114,3,1,3,1
1786255832,R_100,603.22,2,-0.2099999999999227,0.10467409740074213,9,1,3,0
1786255836,R_100,603.17,7,-0.12000000000000455,0.11207140580894193,5,1,3,0
1786255848,R_100,603.33,3,-0.15999999999996817,0.12389960093199251,1,1,3,0
1786255858,R_100,603.18,8,-0.25,0.1295333504889274,9,1,3,0
1786255886,R_100,604.09,9,-0.14999999999997726,0.13293691068407637,4,1,3,0
1786255888,R_100,603.94,4,-0.14999999999997726,0.14437990010925672,6,1,3,0
1786255898,R_100,604.29,9,-0.12999999999999545,0.14006347767272093,0,1,3,0
1786255908,R_100,604.25,5,-0.17999999999994998,0.14114216631152782,9,1,3,0
1786255934,R_100,603.95,5,-0.2400000000000091,0.13110216541988207,0,1,3,0
1786255936,R_100,603.7,0,-0.25,0.13245124889307847,3,1,3,1
1786255938,R_100,603.53,3,-0.17000000000007276,0.13150834363054648,7,1,3,0
1786256004,R_100,602.76,6,-0.14999999999997726,0.12682446311514653,1,1,3,0
1786256012,R_100,602.63,3,-0.2999999999999545,0.13207741837436984,2,1,3,0
1786256014,R_100,602.52,2,-0.11000000000001364,0.12833982667552374,7,1,3,0
1786256040,R_100,602.67,7,-0.12000000000000455,0.14312387796746245,6,1,3,0
1786256152,R_100,602.11,1,-0.12000000000000455,0.13029880190459342,1,1,3,0
1786256158,R_100,601.99,9,-0.25,0.13950706871774746,1,1,3,0
1786256206,R_100,602.58,8,-0.11000000000001364,0.11053405709452853,0,1,3,0
1786256336,R_100,601.91,1,-0.11000000000001364,0.14335658726098188,9,1,3,0
1786256380,R_100,602.31,1,-0.15000000000009095,0.10975224624376735,1,1,3,0
1786256382,R_100,602.11,1,-0.1999999999999318,0.12327025413922804,9,1,3,0
1786256386,R_100,602.09,9,-0.1999999999999318,0.13467656729278957,6,1,3,0
1786256412,R_100,601.98,8,-0.18999999999994088,0.09250225222480718,9,1,3,0
1786256418,R_100,602.05,5,-0.12999999999999545,0.10447753612882577,2,1,3,0
1786256420,R_100,601.82,2,-0.2299999999999045,0.12260596324083062,6,1,3,0
1786256476,R_100,602.02,2,-0.12000000000000455,0.07800284895083101,1,1,3,0
1786256490,R_100,602.46,6,-0.13999999999998636,0.11974046007003536,6,1,3,0
1786256492,R_100,602.26,6,-0.20000000000004547,0.1395389232835024,0,1,3,0
1786256498,R_100,601.9,0,-0.10000000000002274,0.13436682791690344,0,1,3,0
1786256544,R_100,602.84,4,-0.2599999999999909,0.13549907748763976,8,1,3,0
1786256548,R_100,602.62,2,-0.15999999999996817,0.1426884718538982,1,1,3,0
1786256594,R_100,601.68,8,-0.3000000000000682,0.13858010118502948,7,1,3,0
1786256662,R_100,602.77,7,-0.12999999999999545,0.13612086132875834,0,1,3,0
1786256664,R_100,602.6,0,-0.16999999999995907,0.13834337312962383,7,1,3,0
1786256670,R_100,602.43,3,-0.12000000000000455,0.11278790321265322,5,1,3,0
1786256810,R_100,604.51,1,-0.22000000000002728,0.14205241599106125,3,1,3,1
1786256834,R_100,604.43,3,-0.19000000000005457,0.09698224350650758,3,1,3,1
1786256842,R_100,604.24,4,-0.18999999999994088,0.10812030336620879,1,1,3,0
1786256864,R_100,604.85,5,-0.1999999999999318,0.11964763079790787,4,1,3,0
1786256870,R_100,604.78,8,-0.16000000000008185,0.1171134302953927,8,1,3,0
1786256888,R_100,605.16,6,-0.12000000000000455,0.10942272768185804,7,1,3,0
1786256892,R_100,605.12,2,-0.25,0.14057026712645365,1,1,3,0
1786256968,R_100,604.39,9,-0.2300000000000182,0.13703608608279094,0,1,3,0
1786256976,R_100,604.39,9,-0.11000000000001364,0.12703455347967935,4,1,3,0
1786256978,R_100,604.24,4,-0.14999999999997726,0.1298246680891102,7,1,3,0
1786256988,R_100,604.09,9,-0.13999999999998636,0.1446835627613991,9,1,3,0
1786256992,R_100,603.96,6,-0.12999999999999545,0.13222875800838974,6,1,3,0
1786257086,R_100,602.27,7,-0.13999999999998636,0.13838753958038347,0,1,3,0
1786257088,R_100,602.1,0,-0.16999999999995907,0.13251834254589198,4,1,3,0
1786257108,R_100,601.91,1,-0.11000000000001364,0.13924000063839329,0,1,3,0
1786257110,R_100,601.8,0,-0.11000000000001364,0.10720696494787318,4,1,3,0
1786257116,R_100,601.77,7,-0.20000000000004547,0.12185601704015415,2,1,3,0
1786257118,R_100,601.62,2,-0.14999999999997726,0.12901765598380935,8,1,3,0
1786257148,R_100,601.5,0,-0.10000000000002274,0.12287753614427026,0,1,3,0
1786257150,R_100,601.4,0,-0.10000000000002274,0.11928024890054682,3,1,3,1
1786257152,R_100,601.23,3,-0.16999999999995907,0.11583513188052014,1,1,3,0
1786257168,R_100,601.65,5,-0.11000000000001364,0.1328533025558705,5,1,3,0
1786257174,R_100,601.6,0,-0.13999999999998636,0.12215200002911998,8,1,3,0
1786257176,R_100,601.48,8,-0.12000000000000455,0.13209424245171322,1,1,3,0
1786257198,R_100,602.5,0,-0.10000000000002274,0.13868028779254918,6,1,3,0
1786257216,R_100,602.41,1,-0.13999999999998636,0.11493476410555838,3,1,3,1
1786257232,R_100,602.24,4,-0.11000000000001364,0.08553102101318676,7,1,3,0
1786257248,R_100,602.53,3,-0.12000000000000455,0.1112005195831255,1,1,3,0
1786257250,R_100,602.31,1,-0.22000000000002728,0.13158858444241803,0,1,3,0
1786257252,R_100,602.1,0,-0.2099999999999227,0.14377451481786027,7,1,3,0
1786257282,R_100,600.78,8,-0.13999999999998636,0.1335373439238065,9,1,3,0
1786257294,R_100,600.68,8,-0.22000000000002728,0.11614645926588063,4,1,3,0
1786257356,R_100,600.46,6,-0.2099999999999227,0.12668420931151017,2,1,3,0
1786257364,R_100,600.56,6,-0.20000000000004547,0.13806600675841194,4,1,3,0
1786257376,R_100,600.41,1,-0.18000000000006366,0.13648361725049168,6,1,3,0
1786257378,R_100,600.26,6,-0.14999999999997726,0.12988884136488563,8,1,3,0
1786257400,R_100,600.21,1,-0.2099999999999227,0.09764447984621968,9,1,3,0
1786257410,R_100,600.28,8,-0.17000000000007276,0.1173977096123275,0,1,3,0
1786257412,R_100,600.1,0,-0.17999999999994998,0.12985461956441258,5,1,3,0
1786257418,R_100,600.06,6,-0.12000000000000455,0.13150411907362475,8,1,3,0
1786257420,R_100,599.88,8,-0.17999999999994998,0.12737084962161277,3,1,3,1
1786257430,R_100,599.52,2,-0.2899999999999636,0.11529671865810551,2,1,3,0
1786257432,R_100,599.32,2,-0.1999999999999318,0.1174544829095418,9,1,3,0
1786257456,R_100,598.97,7,-0.15999999999996817,0.13381579378631855,4,1,3,0
1786257458,R_100,598.84,4,-0.12999999999999545,0.13341664064124764,3,1,3,1
1786257468,R_100,599.03,3,-0.13999999999998636,0.12247448713912835,9,1,3,0
1786257472,R_100,598.86,6,-0.12999999999999545,0.10975224624376383,8,1,3,0
1786257476,R_100,598.58,8,-0.2999999999999545,0.13403565031569153,1,1,3,0
1786257486,R_100,598.54,4,-0.12000000000000455,0.11879487456207143,5,1,3,0
1786257530,R_100,599.23,3,-0.25,0.13990472948878993,4,1,3,0
1786257540,R_100,599.46,6,-0.13999999999998636,0.13737620689996158,1,1,3,0
1786257550,R_100,599.37,7,-0.20000000000004547,0.12249263016380998,9,1,3,0
1786257614,R_100,600.6,0,-0.22000000000002728,0.09585289655392544,5,1,3,0
1786257616,R_100,600.45,5,-0.14999999999997726,0.10864826019980037,2,1,3,0
1786257618,R_100,600.22,2,-0.2300000000000182,0.11685223337380068,3,1,3,1
1786257630,R_100,600.37,7,-0.15999999999996817,0.13538422688367968,0,1,3,0
1786257636,R_100,600.28,8,-0.11000000000001364,0.12156845351032299,5,1,3,0
1786257642,R_100,600.13,3,-0.11000000000001364,0.09545214042185003,2,1,3,0
1786257652,R_100,600.34,4,-0.2199999999999136,0.1419859147943888,7,1,3,0
1786257686,R_100,599.03,3,-0.14999999999997726,0.14525456581082652,3,1,3,1
1786257698,R_100,599.17,7,-0.18000000000006366,0.1391282382073128,3,1,3,1
1786257716,R_100,598.75,5,-0.10000000000002274,0.12489995996797225,8,1,3,0
1786257728,R_100,598.59,9,-0.13999999999998636,0.07156193898372545,0,1,3,0
1786257738,R_100,598.76,6,-0.10000000000002274,0.09953223933312591,4,1,3,0
1786257746,R_100,598.67,7,-0.18000000000006366,0.11862171433221869,6,1,3,0
1786257748,R_100,598.56,6,-0.11000000000001364,0.1151858401791728,7,1,3,0
1786257760,R_100,598.86,6,-0.12000000000000455,0.12398924684558742,7,1,3,0
1786257764,R_100,598.57,7,-0.1999999999999318,0.14069667926271798,3,1,3,1
1786257808,R_100,598.78,8,-0.12000000000000455,0.13574485871171119,2,1,3,0
1786257816,R_100,598.59,9,-0.2400000000000091,0.11880890351970276,2,1,3,0
1786257856,R_100,598.62,2,-0.14999999999997726,0.06896859188547487,2,1,3,0
1786257858,R_100,598.52,2,-0.10000000000002274,0.06003702561290787,3,1,3,1
1786257862,R_100,598.26,6,-0.16999999999995907,0.06924994985959437,3,1,3,1
1786257868,R_100,598.35,5,-0.18999999999994088,0.1352364185006625,9,1,3,0
1786257922,R_100,599.52,2,-0.17000000000007276,0.1439907404430712,9,1,3,0
1786257950,R_100,599.47,7,-0.17999999999994998,0.13383655039717915,4,1,3,0
1786258000,R_100,599.83,3,-0.1999999999999318,0.13644697789901736,7,1,3,0
1786258012,R_100,599.91,1,-0.12000000000000455,0.1394592732265807,0,1,3,0
1786258090,R_100,599.55,5,-0.2400000000000091,0.14469892113548524,7,1,3,0
1786258166,R_100,600.43,3,-0.11000000000001364,0.13963842196503395,9,1,3,0
1786258178,R_100,600.68,8,-0.10000000000002274,0.12249263016381111,7,1,3,0
1786258180,R_100,600.57,7,-0.10999999999989996,0.12719189352226215,8,1,3,0
1786258214,R_100,600.61,1,-0.16999999999995907,0.13830722645218457,5,1,3,0
1786258258,R_100,600.64,4,-0.14999999999997726,0.10456789394665933,8,1,3,0
1786258270,R_100,600.92,2,-0.12999999999999545,0.1113353293234375,6,1,3,0
1786258278,R_100,600.79,9,-0.22000000000002728,0.124208605892593,1,1,3,0
1786258314,R_100,601.35,5,-0.12999999999999545,0.12425779653607069,9,1,3,0
1786258322,R_100,601.44,4,-0.11999999999989086,0.12726175998921604,6,1,3,0
1786258332,R_100,601.04,4,-0.3100000000000591,0.1444683740862036,0,1,3,0
1786258340,R_100,600.8,0,-0.25,0.12833982667555685,1,1,3,0
1786258342,R_100,600.61,1,-0.18999999999994088,0.13283657461541204,3,1,3,1
1786258350,R_100,600.27,7,-0.19000000000005457,0.1275234183286549,1,1,3,0
1786258352,R_100,600.11,1,-0.15999999999996817,0.10853058964590849,8,1,3,0
1786258358,R_100,600.03,3,-0.2900000000000773,0.1413270438852335,4,1,3,0
1786258362,R_100,600.0,0,-0.13999999999998636,0.14129952425809053,8,1,3,0
1786258372,R_100,599.75,5,-0.12000000000000455,0.141829318392083,6,1,3,0
1786258376,R_100,599.65,5,-0.11000000000001364,0.12329278612763865,1,1,3,0
1786258382,R_100,599.7,0,-0.12000000000000455,0.11401754250992471,6,1,3,0
1786258398,R_100,599.76,6,-0.16999999999995907,0.1368900613225348,0,1,3,0
1786258404,R_100,599.86,6,-0.15999999999996817,0.13432961119739023,8,1,3,0
1786258406,R_100,599.68,8,-0.18000000000006366,0.14371654200002126,5,1,3,0
1786258432,R_100,599.45,5,-0.25,0.14412957133544538,6,1,3,0
1786258456,R_100,599.93,3,-0.2600000000001046,0.1356302162335646,6,1,3,0
1786258462,R_100,599.87,7,-0.13999999999998636,0.1407756292040084,8,1,3,0
1786258466,R_100,599.65,5,-0.12999999999999545,0.14408716497704294,7,1,3,0
1786258500,R_100,599.87,7,-0.2699999999999818,0.14329844536645772,8,1,3,0
1786258560,R_100,602.09,9,-0.10000000000002274,0.10379466909882555,8,1,3,0
1786258566,R_100,601.95,5,-0.17999999999994998,0.12084884957848802,5,1,3,0
1786258568,R_100,601.85,5,-0.10000000000002274,0.1246149625401722,6,1,3,0
1786258572,R_100,601.92,2,-0.13999999999998636,0.13920807767111154,2,1,3,0
1786258576,R_100,601.84,4,-0.17999999999994998,0.1343461532344056,6,1,3,0
1786258678,R_100,602.67,7,-0.13999999999998636,0.12130768959780433,4,1,3,0
1786258730,R_100,602.81,1,-0.37000000000000455,0.13441230102437438,2,1,3,0
1786258736,R_100,602.73,3,-0.14999999999997726,0.141770550146661,0,1,3,0
1786258762,R_100,602.45,5,-0.2199999999999136,0.1274362585765808,8,1,3,0
1786258768,R_100,602.4,0,-0.10000000000002274,0.12686388155987757,5,1,3,0
1786258774,R_100,602.18,8,-0.12000000000000455,0.10181137242741048,1,1,3,0
1786258794,R_100,602.51,1,-0.21000000000003638,0.1280668228352209,4,1,3,0
1786258822,R_100,602.89,9,-0.12999999999999545,0.10145606602532314,8,1,3,0
1786258824,R_100,602.78,8,-0.11000000000001364,0.11249197502242556,4,1,3,0
1786258924,R_100,603.48,8,-0.21000000000003638,0.10013324456277536,8,1,3,0
1786258926,R_100,603.28,8,-0.20000000000004547,0.10293471501665073,2,1,3,0
1786258934,R_100,603.13,3,-0.22000000000002728,0.1196104789166615,5,1,3,0
1786258966,R_100,603.11,1,-0.2999999999999545,0.12571572870746411,2,1,3,0
1786258996,R_100,603.35,5,-0.2099999999999227,0.14112248423106888,6,1,3,0
1786259050,R_100,603.78,8,-0.32000000000005,0.10708771067577638,5,1,3,0
1786259064,R_100,603.82,2,-0.12999999999999545,0.12473972903612299,3,1,3,1
1786259088,R_100,604.12,2,-0.11000000000001364,0.09129317852086409,1,1,3,0
1786259096,R_100,604.24,4,-0.12999999999999545,0.11116054455906238,3,1,3,1
1786259102,R_100,604.12,2,-0.13999999999998636,0.10174041041350274,6,1,3,0
1786259104,R_100,603.86,6,-0.2599999999999909,0.12668859459318588,4,1,3,0
1786259110,R_100,603.91,1,-0.12999999999999545,0.12622730819173314,8,1,3,0
1786259150,R_100,604.35,5,-0.11000000000001364,0.12320263344951277,4,1,3,0
1786259156,R_100,604.42,2,-0.15000000000009095,0.1300470000508751,7,1,3,0
1786259158,R_100,604.27,7,-0.14999999999997726,0.1408111422359321,1,1,3,0
1786259162,R_100,604.3,0,-0.11000000000001364,0.12392201849015023,7,1,3,0
1786259166,R_100,604.16,6,-0.11000000000001364,0.11516172203568627,0,1,3,0
1786259168,R_100,604.0,0,-0.15999999999996817,0.12075687236022553,5,1,3,0
1786259174,R_100,603.83,3,-0.15999999999996817,0.10013324456276097,4,1,3,0
1786259182,R_100,603.87,7,-0.13999999999998636,0.10285372569277566,1,1,3,0
1786259186,R_100,603.81,1,-0.10000000000002274,0.10543560435954207,3,1,3,1
1786259188,R_100,603.63,3,-0.17999999999994998,0.10822302075906362,3,1,3,1
1786259200,R_100,603.82,2,-0.12000000000000455,0.11049886877248413,7,1,3,0
1786259210,R_100,604.19,9,-0.15999999999996817,0.1211243621700843,0,1,3,0
1786259216,R_100,604.25,5,-0.10000000000002274,0.1302134998974947,0,1,3,0
1786259226,R_100,603.89,9,-0.12999999999999545,0.12165981715878639,7,1,3,0
1786259234,R_100,603.86,6,-0.15999999999996817,0.10969148655307114,0,1,3,0
1786259240,R_100,603.57,7,-0.12999999999999545,0.10492854711660098,8,1,3,0
1786259258,R_100,604.06,6,-0.10000000000002274,0.0964019363567604,5,1,3,0
1786259266,R_100,604.21,1,-0.11000000000001364,0.11296508801886791,0,1,3,0
1786259332,R_100,604.77,7,-0.18000000000006366,0.10306955580254533,3,1,3,1
1786259334,R_100,604.63,3,-0.13999999999998636,0.10836666154003496,3,1,3,1
1786259338,R_100,604.46,6,-0.16999999999995907,0.10664583129843368,8,1,3,0
1786259342,R_100,604.4,0,-0.18000000000006366,0.11923832344417988,8,1,3,0
1786259346,R_100,604.2,0,-0.17999999999994998,0.10044346115546886,5,1,3,0
1786259348,R_100,604.05,5,-0.15000000000009095,0.1020947272553088,1,1,3,0
1786259366,R_100,603.91,1,-0.2900000000000773,0.12196994165233567,0,1,3,0
1786259368,R_100,603.8,0,-0.11000000000001364,0.11815714583179643,0,1,3,0
1786259400,R_100,603.74,4,-0.12000000000000455,0.14035273025092077,5,1,3,0
1786259404,R_100,603.42,2,-0.2300000000000182,0.1165666237727449,8,1,3,0
1786259408,R_100,603.08,8,-0.2999999999999545,0.1015436414115146,8,1,3,0
1786259410,R_100,602.78,8,-0.3000000000000682,0.11337744239683008,4,1,3,0
1786259414,R_100,602.73,3,-0.11000000000001364,0.12465062285356705,1,1,3,0
1786259418,R_100,602.52,2,-0.19000000000005457,0.12001851708986283,6,1,3,0
1786259420,R_100,602.36,6,-0.15999999999996817,0.1201665510864196,2,1,3,0
1786259428,R_100,602.15,5,-0.21000000000003638,0.12365273955722998,6,1,3,0
1786259432,R_100,602.13,3,-0.2300000000000182,0.14027354229031513,4,1,3,0
1786259480,R_100,602.89,9,-0.11000000000001364,0.10855106325288237,8,1,3,0
1786259486,R_100,602.98,8,-0.15999999999996817,0.12251530516631143,7,1,3,0
1786259490,R_100,602.97,7,-0.10000000000002274,0.12418624006796712,7,1,3,0
1786259498,R_100,602.84,4,-0.18999999999994088,0.12685950233755183,0,1,3,0
1786259500,R_100,602.7,0,-0.13999999999998636,0.12965338406689342,9,1,3,0
1786259526,R_100,602.32,2,-0.10999999999989996,0.09122012448528524,4,1,3,0
1786259532,R_100,601.95,5,-0.1999999999999318,0.06412661087426248,5,1,3,0
1786259536,R_100,602.08,8,-0.16999999999995907,0.13709688382872967,2,1,3,0
1786259558,R_100,602.27,7,-0.13999999999998636,0.10731573354667696,6,1,3,0
1786259652,R_100,601.54,4,-0.10000000000002274,0.13934768666103173,9,1,3,0
1786259660,R_100,601.61,1,-0.11000000000001364,0.12440525176481299,8,1,3,0
1786259664,R_100,601.64,4,-0.13999999999998636,0.10979273402390098,2,1,3,0
1786259678,R_100,601.49,9,-0.16999999999995907,0.1026374417278554,7,1,3,0
1786259680,R_100,601.17,7,-0.32000000000005,0.13785660827266033,4,1,3,0
1786259716,R_100,601.39,9,-0.12999999999999545,0.09288583195393613,1,1,3,0
1786259720,R_100,601.16,6,-0.35000000000002274,0.14439529078193167,8,1,3,0
1786259780,R_100,599.93,3,-0.10000000000002274,0.13969808715780493,8,1,3,0
1786259802,R_100,600.36,6,-0.2899999999999636,0.14405245958019738,8,1,3,0
1786259822,R_100,600.43,3,-0.11000000000001364,0.08807194029127169,0,1,3,0
1786259828,R_100,600.31,1,-0.10000000000002274,0.066374359172481,4,1,3,0
1786259830,R_100,600.14,4,-0.16999999999995907,0.08003471469029107,0,1,3,0
1786259866,R_100,600.05,5,-0.2900000000000773,0.11327939893123928,0,1,3,0
1786259868,R_100,599.9,0,-0.14999999999997726,0.11445037740824382,0,1,3,0
1786259870,R_100,599.7,0,-0.1999999999999318,0.11796421302901523,4,1,3,0
1786259872,R_100,599.54,4,-0.16000000000008185,0.11843892002960153,2,1,3,0
1786259922,R_100,599.78,8,-0.2300000000000182,0.10826408042887467,3,1,3,1
1786259928,R_100,599.7,0,-0.13999999999998636,0.12696893758359123,8,1,3,0
1786259966,R_100,599.29,9,-0.22000000000002728,0.13245124889307505,2,1,3,0
1786259998,R_100,599.99,9,-0.16999999999995907,0.14523926619357316,5,1,3,0
1786260018,R_100,599.88,8,-0.13999999999998636,0.1164712649349655,3,1,3,1
1786260032,R_100,600.18,8,-0.20000000000004547,0.1396662688936369,0,1,3,0
1786260046,R_100,600.37,7,-0.18999999999994088,0.13620246367488195,4,1,3,0
1786260072,R_100,599.85,5,-0.12999999999999545,0.14153523314787997,7,1,3,0
1786260082,R_100,600.11,1,-0.12000000000000455,0.1334208046412074,2,1,3,0
1786260084,R_100,599.92,2,-0.19000000000005457,0.13342080464122377,9,1,3,0
1786260152,R_100,599.9,0,-0.21000000000003638,0.13565069521059275,1,1,3,0
1786260228,R_100,600.17,7,-0.10000000000002274,0.13784451788559454,7,1,3,0
1786260238,R_100,600.16,6,-0.13999999999998636,0.11157458890302806,3,1,3,1
1786260240,R_100,600.03,3,-0.12999999999999545,0.11925695879994956,8,1,3,0
1786260262,R_100,600.65,5,-0.10000000000002274,0.10306955580255074,8,1,3,0
1786260264,R_100,600.48,8,-0.16999999999995907,0.11015645439302817,0,1,3,0
1786260268,R_100,600.27,7,-0.2300000000000182,0.13530213104998495,3,1,3,1
1786260302,R_100,599.86,6,-0.18999999999994088,0.11545080722493885,9,1,3,0
1786260318,R_100,599.79,9,-0.11000000000001364,0.0948449026334547,0,1,3,0
1786260322,R_100,599.56,6,-0.14000000000010004,0.08192137151629074,1,1,3,0
1786260332,R_100,599.79,9,-0.12999999999999545,0.10543560435958312,5,1,3,0
1786260336,R_100,599.74,4,-0.11000000000001364,0.11276327219250253,3,1,3,1
1786260342,R_100,599.66,6,-0.21000000000003638,0.12472191289248122,8,1,3,0
1786260352,R_100,599.57,7,-0.17999999999994998,0.12336035739967752,6,1,3,0
1786260372,R_100,598.75,5,-0.10000000000002274,0.1414841962120736,9,1,3,0
1786260374,R_100,598.59,9,-0.15999999999996817,0.12111060142602233,1,1,3,0
1786260376,R_100,598.31,1,-0.2800000000000864,0.13679262488241403,3,1,3,1
1786260418,R_100,598.65,5,-0.14999999999997726,0.1294260835809833,7,1,3,0
1786260426,R_100,598.28,8,-0.18000000000006366,0.11834506984051135,7,1,3,0
1786260428,R_100,598.17,7,-0.11000000000001364,0.11276327219247637,3,1,3,1
1786260434,R_100,598.23,3,-0.11000000000001364,0.13882042757143018,1,1,3,0
1786260446,R_100,598.57,7,-0.1999999999999318,0.14410258691486535,4,1,3,0
1786260456,R_100,598.77,7,-0.13999999999998636,0.14531192502872478,3,1,3,1
1786260534,R_100,598.35,5,-0.12999999999999545,0.1291166569855187,4,1,3,0
1786260542,R_100,598.49,9,-0.11000000000001364,0.14500957822771812,7,1,3,0
1786260548,R_100,598.26,6,-0.12000000000000455,0.11493476410555546,6,1,3,0
1786260590,R_100,598.85,5,-0.13999999999998636,0.13182479955522336,0,1,3,0
1786260592,R_100,598.7,0,-0.14999999999997726,0.13960261060913087,5,1,3,0
1786260606,R_100,598.2,0,-0.14999999999997726,0.1442567156149304,0,1,3,0
1786260620,R_100,598.05,5,-0.16000000000008185,0.12615686884017752,3,1,3,1
1786260622,R_100,597.93,3,-0.12000000000000455,0.1178511301977671,6,1,3,0
1786260628,R_100,597.81,1,-0.11000000000001364,0.086210337096126,8,1,3,0
1786260696,R_100,600.43,3,-0.11000000000001364,0.1421306128570132,1,1,3,0
1786260814,R_100,600.95,5,-0.1999999999999318,0.10198039027183887,7,1,3,0
1786260820,R_100,600.74,4,-0.20000000000004547,0.11113555286725894,3,1,3,1
1786260874,R_100,600.39,9,-0.11000000000001364,0.137355985186885,0,1,3,0
1786260966,R_100,600.58,8,-0.12000000000000455,0.09741092797468191,7,1,3,0
1786260970,R_100,600.77,7,-0.10000000000002274,0.12467290536973905,8,1,3,0
1786261002,R_100,601.34,4,-0.14999999999997726,0.12961481396816532,2,1,3,0
1786261010,R_100,601.52,2,-0.11000000000001364,0.11402241495036139,7,1,3,0
1786261012,R_100,601.37,7,-0.14999999999997726,0.12658330590300568,6,1,3,0
1786261046,R_100,601.99,9,-0.17999999999994998,0.11976365614545606,5,1,3,0
1786261148,R_100,601.38,8,-0.22000000000002728,0.12120231020903098,7,1,3,0
1786261154,R_100,601.22,2,-0.2099999999999227,0.12429355932183789,0,1,3,0
1786261160,R_100,601.25,5,-0.12999999999999545,0.13123346456685242,4,1,3,0
1786261164,R_100,601.11,1,-0.12999999999999545,0.1235403667722289,2,1,3,0
1786261168,R_100,601.1,0,-0.12000000000000455,0.12163698268022485,5,1,3,0
1786261182,R_100,601.29,9,-0.10000000000002274,0.12411911841273951,8,1,3,0
1786261238,R_100,602.27,7,-0.15999999999996817,0.13125462954798597,8,1,3,0
1786261360,R_100,604.31,1,-0.10000000000002274,0.1248154192753678,8,1,3,0
1786261454,R_100,605.21,1,-0.2699999999999818,0.14431447143878923,8,1,3,0
1786261456,R_100,605.08,8,-0.12999999999999545,0.11374923687164873,3,1,3,1
1786261462,R_100,605.08,8,-0.2099999999999227,0.1412484021541472,7,1,3,0
1786261464,R_100,604.97,7,-0.11000000000001364,0.1279930553671378,5,1,3,0
1786261466,R_100,604.85,5,-0.12000000000000455,0.1266184118610541,3,1,3,1
1786261472,R_100,604.59,9,-0.25,0.14309670389865042,0,1,3,0
1786261484,R_100,604.79,9,-0.11000000000001364,0.14489843186021498,9,1,3,0
1786261498,R_100,604.99,9,-0.10000000000002274,0.14499425275966552,5,1,3,0
1786261504,R_100,605.06,6,-0.10000000000002274,0.12009718287010755,2,1,3,0
1786261514,R_100,604.68,8,-0.2300000000000182,0.12853447440711147,1,1,3,0
1786261516,R_100,604.41,1,-0.2699999999999818,0.12461496254016338,3,1,3,1
1786261520,R_100,604.52,2,-0.11000000000001364,0.13792510044706904,1,1,3,0
1786261522,R_100,604.31,1,-0.21000000000003638,0.1424585709757277,4,1,3,0
1786261596,R_100,601.39,9,-0.11000000000001364,0.11650464940648282,2,1,3,0
1786261600,R_100,601.5,0,-0.12000000000000455,0.14158232783632096,8,1,3,0
1786261612,R_100,601.79,9,-0.20000000000004547,0.13795732029227517,8,1,3,0
1786261624,R_100,602.11,1,-0.18999999999994088,0.1371292982715381,1,1,3,0
1786261658,R_100,602.17,7,-0.18000000000006366,0.12000462954033153,8,1,3,0
1786261664,R_100,602.01,1,-0.11000000000001364,0.09689054534772884,4,1,3,0
1786261710,R_100,601.95,5,-0.13999999999998636,0.08824838682818562,8,1,3,0
1786261738,R_100,602.86,6,-0.17999999999994998,0.11974046006998051,3,1,3,1
1786261776,R_100,601.88,8,-0.12999999999999545,0.12338287293355814,3,1,3,1
1786261804,R_100,602.02,2,-0.22000000000002728,0.10332795684937082,4,1,3,0
1786261854,R_100,601.58,8,-0.18999999999994088,0.13097921802923398,0,1,3,0
1786261856,R_100,601.4,0,-0.18000000000006366,0.1346765672928138,3,1,3,1
1786261864,R_100,601.28,8,-0.3000000000000682,0.1429257771634617,1,1,3,0
1786261882,R_100,601.36,6,-0.21000000000003638,0.1441295713354444,9,1,3,0
1786261896,R_100,601.4,0,-0.14999999999997726,0.1147170431975881,0,1,3,0
1786261900,R_100,601.26,6,-0.13999999999998636,0.12050357302216577,6,1,3,0
1786261912,R_100,601.63,3,-0.13999999999998636,0.11804424782445681,5,1,3,0
1786261954,R_100,601.55,5,-0.15000000000009095,0.11274356350190774,8,1,3,0
1786261992,R_100,602.88,8,-0.12999999999999545,0.14283245818479645,9,1,3,0
1786262046,R_100,603.26,6,-0.10000000000002274,0.13243027515554154,6,1,3,0
1786262054,R_100,603.2,0,-0.15999999999996817,0.12606876430476197,6,1,3,0
1786262066,R_100,603.14,4,-0.12000000000000455,0.13206059215374044,0,1,3,0
1786262076,R_100,602.83,3,-0.12999999999999545,0.1413466974813682,4,1,3,0
1786262114,R_100,603.19,9,-0.14999999999997726,0.12952906151814064,0,1,3,0
1786262144,R_100,602.9,0,-0.12999999999999545,0.11849050594877789,4,1,3,0
1786262182,R_100,603.4,0,-0.3300000000000409,0.14353087163087036,0,1,3,0
1786262184,R_100,603.3,0,-0.10000000000002274,0.12675873846714575,4,1,3,0
1786262200,R_100,603.54,4,-0.10000000000002274,0.14082692293103494,1,1,3,0
1786262204,R_100,603.43,3,-0.18000000000006366,0.10478019320888056,5,1,3,0
1786262226,R_100,603.77,7,-0.22000000000002728,0.14335658726096934,6,1,3,0
1786262266,R_100,604.39,9,-0.13999999999998636,0.11477514248883842,7,1,3,0
1786262270,R_100,604.15,5,-0.22000000000002728,0.1359289029848596,0,1,3,0
1786262280,R_100,603.9,0,-0.11000000000001364,0.11425604773685717,7,1,3,0
1786262284,R_100,603.93,3,-0.2400000000000091,0.1415784038773021,1,1,3,0
1786262294,R_100,603.79,9,-0.11000000000001364,0.13474667590210795,4,1,3,0
1786262302,R_100,603.62,2,-0.20000000000004547,0.10885770528541763,5,1,3,0
1786262348,R_100,603.65,5,-0.11000000000001364,0.09393259994982668,9,1,3,0
1786262370,R_100,603.88,8,-0.12999999999999545,0.11059937713307214,7,1,3,0
1786262384,R_100,604.22,2,-0.12000000000000455,0.1418175666912441,0,1,3,0
1786262396,R_100,604.35,5,-0.12999999999999545,0.13784451788558852,7,1,3,0
1786262400,R_100,604.56,6,-0.11000000000001364,0.1338157937863126,3,1,3,1
1786262402,R_100,604.43,3,-0.12999999999999545,0.14098463273229853,5,1,3,0
1786262440,R_100,604.37,7,-0.12999999999999545,0.1424390707947978,4,1,3,0
1786262456,R_100,604.43,3,-0.21000000000003638,0.11758684733703484,9,1,3,0
1786262460,R_100,604.38,8,-0.11000000000001364,0.11713714658941,3,1,3,1
1786262468,R_100,604.6,0,-0.10000000000002274,0.13284912076822217,4,1,3,0
1786262470,R_100,604.44,4,-0.15999999999996817,0.14063743772157372,5,1,3,0
1786262490,R_100,604.84,4,-0.11000000000001364,0.13808210118140637,2,1,3,0
1786262494,R_100,604.67,7,-0.15000000000009095,0.12445882853380763,5,1,3,0
1786262526,R_100,605.67,7,-0.12000000000000455,0.13587576024526982,6,1,3,0
1786262540,R_100,606.0,0,-0.12000000000000455,0.14198591479439096,4,1,3,0
1786262560,R_100,605.56,6,-0.2600000000001046,0.1275582655538577,5,1,3,0
1786262562,R_100,605.45,5,-0.10999999999989996,0.11090035567519929,5,1,3,0
1786262564,R_100,605.35,5,-0.10000000000002274,0.10875558734048998,6,1,3,0
1786262566,R_100,605.16,6,-0.19000000000005457,0.11508451001087293,6,1,3,0
1786262568,R_100,604.86,6,-0.2999999999999545,0.12795832654942696,0,1,3,0
1786262606,R_100,604.98,8,-0.10000000000002274,0.1370360860828011,4,1,3,0
1786262608,R_100,604.84,4,-0.13999999999998636,0.14153523314788194,3,1,3,1
1786262634,R_100,605.26,6,-0.20000000000004547,0.10914312723310532,2,1,3,0
1786262638,R_100,605.1,0,-0.12000000000000455,0.10723287224023462,5,1,3,0
1786262640,R_100,604.95,5,-0.14999999999997726,0.1178322725081961,0,1,3,0
1786262642,R_100,604.8,0,-0.15000000000009095,0.12114729327009251,0,1,3,0
1786262648,R_100,604.93,3,-0.11000000000001364,0.13141959941772585,9,1,3,0
1786262662,R_100,604.69,9,-0.2399999999998954,0.14231811003678532,3,1,3,1
1786262666,R_100,604.6,0,-0.12999999999999545,0.1178699848703259,5,1,3,0
1786262670,R_100,604.32,2,-0.2299999999999045,0.13064370546555776,6,1,3,0
1786262672,R_100,604.06,6,-0.2600000000001046,0.14483707321599548,6,1,3,0
1786262748,R_100,604.39,9,-0.2400000000000091,0.12729667884294907,7,1,3,0
1786262778,R_100,604.02,2,-0.2799999999999727,0.13546627296528627,7,1,3,0
1786262782,R_100,603.94,4,-0.12999999999999545,0.13461467643279543,1,1,3,0
1786262846,R_100,605.23,3,-0.10000000000002274,0.11608904628203877,3,1,3,1
1786262848,R_100,605.13,3,-0.10000000000002274,0.12892719737212205,5,1,3,0
1786262862,R_100,605.32,2,-0.15999999999996817,0.13896842167276544,0,1,3,0
1786262868,R_100,605.4,0,-0.12000000000000455,0.13976567691833047,8,1,3,0
1786262878,R_100,605.54,4,-0.18000000000006366,0.12302212989721509,6,1,3,0
1786262900,R_100,605.71,1,-0.14999999999997726,0.12616127245181555,0,1,3,0
1786262904,R_100,605.65,5,-0.14999999999997726,0.1328533025558386,3,1,3,1
1786262906,R_100,605.53,3,-0.12000000000000455,0.09215928240458945,1,1,3,0
1786262932,R_100,604.17,7,-0.15000000000009095,0.13141959941771147,8,1,3,0
1786262942,R_100,603.66,6,-0.3100000000000591,0.11650464940653475,8,1,3,0
1786262946,R_100,603.66,6,-0.12000000000000455,0.131807941086035,3,1,3,1
1786262948,R_100,603.53,3,-0.12999999999999545,0.12287753614430197,4,1,3,0
1786262984,R_100,602.63,3,-0.11000000000001364,0.1367235653914177,5,1,3,0
1786262996,R_100,602.72,2,-0.18999999999994088,0.13507199726236543,7,1,3,0
1786263000,R_100,602.75,5,-0.12000000000000455,0.14195460933378645,9,1,3,0
1786263004,R_100,602.68,8,-0.11000000000001364,0.12903487900563484,3,1,3,1
1786263020,R_100,602.9,0,-0.14999999999997726,0.11740244176901572,9,1,3,0
1786263062,R_100,603.12,2,-0.2300000000000182,0.1319469590403698,3,1,3,1
1786263084,R_100,603.6,0,-0.16999999999995907,0.1287590342030149,9,1,3,0
1786263108,R_100,603.96,6,-0.11000000000001364,0.14112642086678356,4,1,3,0
1786263114,R_100,603.77,7,-0.12999999999999545,0.12194716524425749,5,1,3,0
1786263174,R_100,602.53,3,-0.13999999999998636,0.10181137242741305,5,1,3,0
1786263186,R_100,602.5,0,-0.19000000000005457,0.10413666234542834,6,1,3,0
1786263188,R_100,602.36,6,-0.13999999999998636,0.11076000080253745,4,1,3,0
1786263198,R_100,602.42,2,-0.18000000000006366,0.1141587588502309,3,1,3,1
1786263214,R_100,602.68,8,-0.2400000000000091,0.13323329580518706,9,1,3,0
1786263282,R_100,602.91,1,-0.14999999999997726,0.11713714658944152,7,1,3,0
1786263286,R_100,602.83,3,-0.13999999999998636,0.09345230512583502,9,1,3,0
1786263290,R_100,602.83,3,-0.15999999999996817,0.11817595168033536,3,1,3,1
1786263294,R_100,602.75,5,-0.17999999999994998,0.13410195126592162,3,1,3,1
1786263296,R_100,602.63,3,-0.12000000000000455,0.13499382701933665,2,1,3,0
1786263306,R_100,602.69,9,-0.13999999999998636,0.1278193169195145,5,1,3,0
1786263310,R_100,602.48,8,-0.2699999999999818,0.13418478138577902,9,1,3,0
1786263408,R_100,603.46,6,-0.2199999999999136,0.13353734392379005,5,1,3,0
1786263410,R_100,603.35,5,-0.11000000000001364,0.13628401716023883,3,1,3,1
1786263448,R_100,604.0,0,-0.10000000000002274,0.1361208613287817,9,1,3,0
1786263510,R_100,603.71,1,-0.2199999999999136,0.12454807193296165,9,1,3,0
1786263520,R_100,603.63,3,-0.13999999999998636,0.12358083274609288,7,1,3,0
1786263582,R_100,604.36,6,-0.13999999999998636,0.11541711792930211,2,1,3,0
1786263606,R_100,604.78,8,-0.12000000000000455,0.13253511065206902,2,1,3,0
1786263614,R_100,605.11,1,-0.12999999999999545,0.12231107881135915,2,1,3,0
1786263664,R_100,605.66,6,-0.12999999999999545,0.11073491871232513,8,1,3,0
1786263670,R_100,605.29,9,-0.34000000000003183,0.10368756488177268,7,1,3,0
1786263672,R_100,604.97,7,-0.31999999999993634,0.12640323483904461,8,1,3,0
1786263706,R_100,604.67,7,-0.19000000000005457,0.10729502421929983,1,1,3,0
1786263714,R_100,604.55,5,-0.19000000000005457,0.1252597301609722,5,1,3,0
1786263718,R_100,604.55,5,-0.10000000000002274,0.12345039489608964,6,1,3,0
1786263722,R_100,604.43,3,-0.2300000000000182,0.1346971912600193,9,1,3,0
1786263726,R_100,604.26,6,-0.2300000000000182,0.14270793795567568,6,1,3,0
1786263772,R_100,603.51,1,-0.11000000000001364,0.12065101187582705,8,1,3,0
1786263776,R_100,603.17,7,-0.3100000000000591,0.11909380056633126,1,1,3,0
1786263780,R_100,602.93,3,-0.18000000000006366,0.11537378866585161,2,1,3,0
1786263802,R_100,603.54,4,-0.10000000000002274,0.14140564188022017,6,1,3,0
1786263818,R_100,603.23,3,-0.12999999999999545,0.12422649565298491,4,1,3,0
1786263836,R_100,603.52,2,-0.10000000000002274,0.08194849330863795,7,1,3,0
1786263842,R_100,603.56,6,-0.10000000000002274,0.07944949478897152,5,1,3,0
1786263852,R_100,603.73,3,-0.16999999999995907,0.1327654573549229,3,1,3,1
1786263854,R_100,603.63,3,-0.10000000000002274,0.13731148693550838,9,1,3,0
1786263902,R_100,603.3,0,-0.12999999999999545,0.12372011423639254,9,1,3,0
1786263904,R_100,603.19,9,-0.10999999999989996,0.12543258481483632,7,1,3,0
1786263906,R_100,603.07,7,-0.12000000000000455,0.10791457526929994,2,1,3,0
1786263916,R_100,603.38,8,-0.11000000000001364,0.11808189248707217,6,1,3,0
1786263926,R_100,603.54,4,-0.10000000000002274,0.11195733314278657,8,1,3,0
1786263946,R_100,604.13,3,-0.12000000000000455,0.13568345514468874,1,1,3,0
1786263958,R_100,603.83,3,-0.25,0.1281535537288488,8,1,3,0
1786263968,R_100,604.11,1,-0.13999999999998636,0.13416407864998803,1,1,3,0
1786264008,R_100,605.48,8,-0.2400000000000091,0.13358725820807588,9,1,3,0
1786264078,R_100,607.27,7,-0.10000000000002274,0.12747112962899435,5,1,3,0
1786264132,R_100,606.28,8,-0.11000000000001364,0.14392899483967855,9,1,3,0
1786264224,R_100,607.77,7,-0.14999999999997726,0.14109098719149504,7,1,3,0
1786264226,R_100,607.67,7,-0.10000000000002274,0.12708702180441817,5,1,3,0
1786264232,R_100,607.52,2,-0.12000000000000455,0.10994948334981736,5,1,3,0
1786264236,R_100,607.41,1,-0.13999999999998636,0.095312352003543,5,1,3,0
1786264238,R_100,607.25,5,-0.15999999999996817,0.07888106377467557,7,1,3,0
1786264240,R_100,606.97,7,-0.2799999999999727,0.09085397319018727,6,1,3,0
1786264252,R_100,607.26,6,-0.12000000000000455,0.1369671493460968,3,1,3,1
1786264256,R_100,607.12,2,-0.11000000000001364,0.13320410404086752,3,1,3,1
1786264260,R_100,606.97,7,-0.15999999999996817,0.09988882709180302,8,1,3,0
1786264328,R_100,607.95,5,-0.12999999999999545,0.13219934442601383,2,1,3,0
1786264330,R_100,607.72,2,-0.2300000000000182,0.1445913782584227,5,1,3,0
1786264378,R_100,607.79,9,-0.2300000000000182,0.13343329586142685,1,1,3,0
1786264406,R_100,607.39,9,-0.14999999999997726,0.1446989211355017,5,1,3,0
1786264416,R_100,606.97,7,-0.10000000000002274,0.13614126650081163,4,1,3,0
1786264442,R_100,606.93,3,-0.11000000000001364,0.108653373420048,2,1,3,0
1786264444,R_100,606.82,2,-0.10999999999989996,0.11276327219247582,7,1,3,0
1786264448,R_100,606.59,9,-0.17999999999994998,0.12138094304020555,5,1,3,0
1786264450,R_100,606.45,5,-0.13999999999998636,0.110332829807488,1,1,3,0
1786264504,R_100,607.49,9,-0.30999999999994543,0.13674388062681433,7,1,3,0
1786264536,R_100,607.24,4,-0.21000000000003638,0.13461467643280545,6,1,3,0
1786264540,R_100,607.2,0,-0.15999999999996817,0.12688139693779885,4,1,3,0
1786264634,R_100,608.65,5,-0.13999999999998636,0.0848266205595482,7,1,3,0
1786264638,R_100,608.48,8,-0.18999999999994088,0.09310090105779072,6,1,3,0
1786264646,R_100,608.69,9,-0.12999999999999545,0.11855144218624625,4,1,3,0
1786264674,R_100,608.44,4,-0.2099999999999227,0.14400617270718416,3,1,3,1
1786264676,R_100,608.33,3,-0.11000000000001364,0.14425671561488554,0,1,3,0
1786264680,R_100,608.29,9,-0.11000000000001364,0.1318079410859871,3,1,3,1
1786264682,R_100,608.13,3,-0.15999999999996817,0.13646733430871458,4,1,3,0
1786264704,R_100,608.51,1,-0.13999999999998636,0.09534149149244141,2,1,3,0
1786264746,R_100,607.9,0,-0.12000000000000455,0.10422198531128067,2,1,3,0
1786264748,R_100,607.72,2,-0.17999999999994998,0.0978888258292152,2,1,3,0
1786264758,R_100,607.82,2,-0.16999999999995907,0.10928555866778175,0,1,3,0
1786264762,R_100,607.49,9,-0.30999999999994543,0.13680886910818138,6,1,3,0
1786264840,R_100,608.67,7,-0.19000000000005457,0.1336870308676877,6,1,3,0
1786264864,R_100,609.01,1,-0.19000000000005457,0.12780193008455124,6,1,3,0
1786264964,R_100,609.01,1,-0.14999999999997726,0.11149987543590048,8,1,3,0
1786264970,R_100,608.85,5,-0.15999999999996817,0.09475699915515372,8,1,3,0
1786265016,R_100,607.96,6,-0.18999999999994088,0.1450057470125393,0,1,3,0
1786265022,R_100,607.72,2,-0.11000000000001364,0.09743373816771041,4,1,3,0
1786265032,R_100,607.67,7,-0.13999999999998636,0.10080233683358636,3,1,3,1
1786265036,R_100,607.4,0,-0.3300000000000409,0.1340978084169481,7,1,3,0
1786265104,R_100,605.9,0,-0.2300000000000182,0.11146000777558832,4,1,3,0
1786265110,R_100,605.73,3,-0.11000000000001364,0.10723287224024251,3,1,3,1
1786265116,R_100,605.7,0,-0.12000000000000455,0.10058164179745009,3,1,3,1
1786265210,R_100,606.94,4,-0.16999999999995907,0.11948500603280036,9,1,3,0
1786265212,R_100,606.79,9,-0.15000000000009095,0.11621818561078798,4,1,3,0
1786265214,R_100,606.54,4,-0.25,0.13808210118137734,5,1,3,0
1786265220,R_100,606.41,1,-0.11000000000001364,0.1227689790713499,2,1,3,0
1786265222,R_100,606.12,2,-0.2899999999999636,0.12218383235472188,0,1,3,0
1786265234,R_100,605.88,8,-0.12999999999999545,0.10895462868141043,7,1,3,0
1786265236,R_100,605.67,7,-0.21000000000003638,0.1181148217249021,0,1,3,0
1786265240,R_100,605.48,8,-0.22000000000002728,0.12120231020900307,2,1,3,0
1786265296,R_100,605.52,2,-0.19000000000005457,0.13467656729284008,8,1,3,0
1786265316,R_100,605.93,3,-0.12000000000000455,0.135519576281635,5,1,3,0
1786265380,R_100,606.3,0,-0.14000000000010004,0.13391954466935688,6,1,3,0
1786265388,R_100,606.44,4,-0.13999999999998636,0.14171959795471817,8,1,3,0
1786265402,R_100,605.89,9,-0.12999999999999545,0.12074306973441348,6,1,3,0
1786265424,R_100,605.81,1,-0.2400000000000091,0.13994046353123551,6,1,3,0
1786265488,R_100,607.35,5,-0.13999999999998636,0.1388844443733399,2,1,3,0
1786265524,R_100,607.35,5,-0.11000000000001364,0.13794121131039644,0,1,3,0
1786265542,R_100,608.07,7,-0.12000000000000455,0.12123897429824813,8,1,3,0
1786265602,R_100,609.16,6,-0.19000000000005457,0.11926161718398676,1,1,3,0
1786265632,R_100,610.51,1,-0.10000000000002274,0.134064661016029,1,1,3,0
1786265638,R_100,610.6,0,-0.11000000000001364,0.12340088240276836,4,1,3,0
1786265652,R_100,610.48,8,-0.11000000000001364,0.07972870666620326,6,1,3,0
1786265656,R_100,610.46,6,-0.1999999999999318,0.10721214690713562,4,1,3,0
1786265670,R_100,609.96,6,-0.2899999999999636,0.12806682283521467,7,1,3,0
1786265676,R_100,609.75,5,-0.35000000000002274,0.14448760039071798,3,1,3,1
1786265754,R_100,611.21,1,-0.18999999999994088,0.1291854825004997,8,1,3,0
1786265774,R_100,611.77,7,-0.21000000000003638,0.1308264329390464,8,1,3,0
1786265780,R_100,611.61,1,-0.2300000000000182,0.12393546707864453,6,1,3,0
1786265812,R_100,611.93,3,-0.18000000000006366,0.11916841490559027,0,1,3,0
1786265816,R_100,611.89,9,-0.11000000000001364,0.12329278612763052,4,1,3,0
1786265858,R_100,612.68,8,-0.12000000000000455,0.13186272323051754,2,1,3,0
1786265862,R_100,612.55,5,-0.17000000000007276,0.1395588286947956,1,1,3,0
1786265884,R_100,612.66,6,-0.19000000000005457,0.1326021618727815,6,1,3,0
1786265906,R_100,613.19,9,-0.15999999999996817,0.1325854022465811,3,1,3,1
1786265922,R_100,613.02,2,-0.18000000000006366,0.09915756260732539,9,1,3,0
1786265936,R_100,613.23,3,-0.10000000000002274,0.10089047967422167,9,1,3,0
1786265938,R_100,613.09,9,-0.13999999999998636,0.10739335795726794,3,1,3,1
1786266058,R_100,614.62,2,-0.21000000000003638,0.11035800328426504,0,1,3,0
1786266066,R_100,614.69,9,-0.2199999999999136,0.14420664185657106,5,1,3,0
1786266142,R_100,613.81,1,-0.2800000000000864,0.14327905949191888,2,1,3,0
1786266156,R_100,613.64,4,-0.11000000000001364,0.11564312920939035,1,1,3,0
1786266210,R_100,614.33,3,-0.2400000000000091,0.12740573857650292,0,1,3,0
1786266302,R_100,615.42,2,-0.16000000000008185,0.10274564062124361,2,1,3,0
1786266306,R_100,615.08,8,-0.2400000000000091,0.14507086390987411,4,1,3,0
1786266348,R_100,614.32,2,-0.12000000000000455,0.13638589044001417,9,1,3,0
1786266354,R_100,614.53,3,-0.14999999999997726,0.1400991712244344,4,1,3,0
1786266360,R_100,614.3,0,-0.2300000000000182,0.13276545735492284,2,1,3,0
1786266376,R_100,614.23,3,-0.12999999999999545,0.1430190352520898,7,1,3,0
1786266428,R_100,614.54,4,-0.22000000000002728,0.11843892002961046,7,1,3,0
1786266494,R_100,615.36,6,-0.12999999999999545,0.13093255261138997,1,1,3,0
1786266502,R_100,615.6,0,-0.12999999999999545,0.13793718377097702,9,1,3,0
1786266690,R_100,616.77,7,-0.15999999999996817,0.13952697867357605,0,1,3,0
1786266692,R_100,616.6,0,-0.16999999999995907,0.13952697867357605,9,1,3,0
1786266700,R_100,616.63,3,-0.12000000000000455,0.11292081788187344,9,1,3,0
1786266704,R_100,616.45,5,-0.13999999999998636,0.10850499220465058,2,1,3,0
1786266708,R_100,616.3,0,-0.12000000000000455,0.09911273043020143,0,1,3,0
1786266738,R_100,617.36,6,-0.10000000000002274,0.13333333333329592,5,1,3,0
1786266788,R_100,618.05,5,-0.16000000000008185,0.13258540224661275,1,1,3,0
1786266812,R_100,618.62,2,-0.15999999999996817,0.1174781303524801,7,1,3,0
1786266814,R_100,618.47,7,-0.14999999999997726,0.12651306476232374,0,1,3,0
1786266862,R_100,619.43,3,-0.11000000000001364,0.14245467115308785,3,1,3,1
1786266870,R_100,619.32,2,-0.15999999999996817,0.12276445377677717,9,1,3,0
1786266876,R_100,619.26,6,-0.21000000000003638,0.12203824537140764,8,1,3,0
1786266880,R_100,619.19,9,-0.18999999999994088,0.1310852140148943,6,1,3,0
1786266882,R_100,619.06,6,-0.13000000000010914,0.13250157231771273,7,1,3,0
1786266886,R_100,618.63,3,-0.13999999999998636,0.1382469609872858,5,1,3,0
1786266894,R_100,618.6,0,-0.13999999999998636,0.1393676193860404,8,1,3,0
1786266912,R_100,618.8,0,-0.14000000000010004,0.11097547276562549,0,1,3,0
1786266944,R_100,618.96,6,-0.15999999999996817,0.10287532908003451,5,1,3,0
1786266976,R_100,618.36,6,-0.10000000000002274,0.09845472732851744,0,1,3,0
1786266984,R_100,618.65,5,-0.13999999999998636,0.12231562087939081,9,1,3,0
1786266990,R_100,618.53,3,-0.16000000000008185,0.12787146323990153,7,1,3,0
1786266992,R_100,618.37,7,-0.15999999999996817,0.13565069521057316,2,1,3,0
1786266998,R_100,618.14,4,-0.16999999999995907,0.12954621654923806,9,1,3,0
1786267004,R_100,618.02,2,-0.25,0.1135341358358797,0,1,3,0
1786267124,R_100,618.66,6,-0.21000000000003638,0.1445452639602456,2,1,3,0
1786267128,R_100,618.56,6,-0.2600000000001046,0.12603350524543602,0,1,3,0
1786267134,R_100,618.42,2,-0.20000000000004547,0.13150834363057068,4,1,3,0
1786267172,R_100,618.31,1,-0.20000000000004547,0.13141959941774592,5,1,3,0
1786267178,R_100,618.12,2,-0.12000000000000455,0.09982762921937155,8,1,3,0
1786267186,R_100,618.29,9,-0.22000000000002728,0.13868028779255362,0,1,3,0
1786267196,R_100,618.43,3,-0.12999999999999545,0.1379573202922654,4,1,3,0
1786267200,R_100,618.23,3,-0.11000000000001364,0.14017845768876,4,1,3,0
1786267204,R_100,618.1,0,-0.13999999999998636,0.11406138698086234,3,1,3,1
1786267214,R_100,617.91,1,-0.17000000000007276,0.07633988327065339,7,1,3,0
1786267218,R_100,617.77,7,-0.10000000000002274,0.07364328437361765,0,1,3,0
1786267228,R_100,618.0,0,-0.19000000000005457,0.12129394965218222,2,1,3,0
1786267246,R_100,617.15,5,-0.12000000000000455,0.12330630334432845,2,1,3,0
1786267254,R_100,617.25,5,-0.14999999999997726,0.10846914563853019,3,1,3,1
1786267258,R_100,617.09,9,-0.2400000000000091,0.13253511065206042,5,1,3,0
1786267260,R_100,616.95,5,-0.13999999999998636,0.13472605951006614,1,1,3,0
1786267264,R_100,616.79,9,-0.22000000000002728,0.14520483616065868,6,1,3,0
1786267294,R_100,616.67,7,-0.2599999999999909,0.13064370546559934,5,1,3,0
1786267358,R_100,616.05,5,-0.2599999999999909,0.13558105406812632,4,1,3,0
1786267418,R_100,616.67,7,-0.18000000000006366,0.1421618795598941,2,1,3,0
1786267422,R_100,616.48,8,-0.13999999999998636,0.1292542713672106,4,1,3,0
1786267426,R_100,616.4,0,-0.13999999999998636,0.12456145292808161,7,1,3,0
1786267434,R_100,616.27,7,-0.14999999999997726,0.11547005383793174,9,1,3,0
1786267544,R_100,615.91,1,-0.19000000000005457,0.12813187650924476,6,1,3,0
1786267546,R_100,615.76,6,-0.14999999999997726,0.12554326390177875,4,1,3,0
1786267558,R_100,615.95,5,-0.1999999999999318,0.1387243469778854,2,1,3,0
1786267648,R_100,616.67,7,-0.12000000000000455,0.11732670435818837,0,1,3,0
1786267650,R_100,616.5,0,-0.16999999999995907,0.1260511360079061,0,1,3,0
1786267652,R_100,616.3,0,-0.20000000000004547,0.12130768959777981,4,1,3,0
1786267656,R_100,616.05,5,-0.19000000000005457,0.12185601704013596,0,1,3,0
1786267658,R_100,615.9,0,-0.14999999999997726,0.09857315388413114,2,1,3,0
1786267664,R_100,615.89,9,-0.13999999999998636,0.12615686884015026,3,1,3,1
1786267668,R_100,615.73,3,-0.1999999999999318,0.1309961831504784,8,1,3,0
1786267702,R_100,615.64,4,-0.13999999999998636,0.11345091939296144,7,1,3,0
1786267704,R_100,615.37,7,-0.2699999999999818,0.14477568856681736,9,1,3,0
1786267782,R_100,615.18,8,-0.10000000000002274,0.14531192502873866,0,1,3,0
1786267792,R_100,615.32,2,-0.1999999999999318,0.12165981715879017,8,1,3,0
1786267796,R_100,615.17,7,-0.11000000000001364,0.12311241475442658,4,1,3,0
1786267802,R_100,615.03,3,-0.16000000000008185,0.12886254520052567,3,1,3,1
1786267808,R_100,615.05,5,-0.17000000000007276,0.11718930554167238,2,1,3,0
1786267814,R_100,614.84,4,-0.12999999999999545,0.10905656024899062,7,1,3,0
1786267816,R_100,614.67,7,-0.17000000000007276,0.11460075625118521,3,1,3,1
1786267822,R_100,614.5,0,-0.19000000000005457,0.11898179132403625,9,1,3,0
1786267824,R_100,614.19,9,-0.30999999999994543,0.14182931839208313,6,1,3,0
1786267882,R_100,613.85,5,-0.2300000000000182,0.13792510044709602,8,1,3,0
1786267928,R_100,613.92,2,-0.17000000000007276,0.13582668695395472,4,1,3,0
1786267932,R_100,613.82,2,-0.12000000000000455,0.13517067400552962,1,1,3,0
1786267938,R_100,613.58,8,-0.14999999999997726,0.10079682534683962,9,1,3,0
1786267940,R_100,613.39,9,-0.19000000000005457,0.109772492000519,9,1,3,0
1786268002,R_100,613.87,7,-0.14999999999997726,0.11698053019391248,5,1,3,0
1786268004,R_100,613.65,5,-0.22000000000002728,0.13636552187250855,7,1,3,0
1786268034,R_100,614.03,3,-0.2799999999999727,0.14412957133543125,8,1,3,0
1786268090,R_100,613.38,8,-0.12999999999999545,0.1281015222391736,7,1,3,0
1786268092,R_100,613.27,7,-0.11000000000001364,0.12862088995698628,7,1,3,0
1786268166,R_100,613.18,8,-0.35000000000002274,0.13872434697792013,6,1,3,0
1786268188,R_100,612.96,6,-0.13999999999998636,0.11556623882241546,5,1,3,0
1786268202,R_100,612.43,3,-0.18000000000006366,0.1205957434296103,4,1,3,0
1786268208,R_100,612.1,0,-0.2899999999999636,0.13434615323443838,7,1,3,0
1786268214,R_100,611.97,7,-0.10000000000002274,0.10788883167408748,0,1,3,0
1786268256,R_100,611.31,1,-0.16000000000008185,0.1385480261698536,4,1,3,0
1786268282,R_100,611.65,5,-0.2599999999999909,0.13793718377097974,3,1,3,1
1786268350,R_100,611.44,4,-0.1999999999999318,0.13671137480106133,8,1,3,0
1786268390,R_100,612.56,6,-0.11000000000001364,0.14220876672460697,0,1,3,0
1786268392,R_100,612.4,0,-0.15999999999996817,0.13398175663540293,6,1,3,0
1786268404,R_100,612.46,6,-0.16999999999995907,0.11702326454359172,7,1,3,0
1786268476,R_100,612.21,1,-0.12999999999999545,0.09092732140439287,2,1,3,0
1786268488,R_100,612.25,5,-0.15999999999996817,0.12511772234357,4,1,3,0
1786268532,R_100,611.88,8,-0.12999999999999545,0.13910827118152164,9,1,3,0
1786268538,R_100,611.84,4,-0.13999999999998636,0.11146000777558848,4,1,3,0
1786268562,R_100,613.07,7,-0.10999999999989996,0.1453310397371968,8,1,3,0
1786268654,R_100,614.72,2,-0.12999999999999545,0.11663809173869412,0,1,3,0
1786268656,R_100,614.5,0,-0.22000000000002728,0.1353554990058146,9,1,3,0
1786268662,R_100,614.46,6,-0.12999999999999545,0.13549907748764298,2,1,3,0
1786268702,R_100,615.34,4,-0.13999999999998636,0.12994015716647042,1,1,3,0
1786268742,R_100,615.94,4,-0.10999999999989996,0.11802071381281176,0,1,3,0
1786268842,R_100,617.7,0,-0.14999999999997726,0.12699956255392328,5,1,3,0
1786268844,R_100,617.55,5,-0.15000000000009095,0.13492796432006623,2,1,3,0
1786268856,R_100,617.15,5,-0.2599999999999909,0.13778001790291736,7,1,3,0
1786268886,R_100,616.93,3,-0.16000000000008185,0.13584713631301965,4,1,3,0
1786268944,R_100,618.32,2,-0.16999999999995907,0.09016035098029052,1,1,3,0
1786268968,R_100,618.35,5,-0.15999999999996817,0.12810152223921903,0,1,3,0
1786268972,R_100,618.2,0,-0.1999999999999318,0.1209407568467615,6,1,3,0
1786268976,R_100,618.24,4,-0.12000000000000455,0.1365812741353751,0,1,3,0
1786268980,R_100,618.14,4,-0.15999999999996817,0.14468356276138555,4,1,3,0
1786269000,R_100,618.28,8,-0.11000000000001364,0.11606511582344142,6,1,3,0
1786269012,R_100,618.08,8,-0.17999999999994998,0.08270429251254001,5,1,3,0
1786269062,R_100,618.76,6,-0.12000000000000455,0.11935474668209825,1,1,3,0
1786269064,R_100,618.61,1,-0.14999999999997726,0.12375603240063415,6,1,3,0
1786269074,R_100,618.47,7,-0.15999999999996817,0.10311266761275255,0,1,3,0
1786269080,R_100,618.27,7,-0.18000000000006366,0.09326783415995075,7,1,3,0
1786269112,R_100,618.1,0,-0.22000000000002728,0.11656662377274381,8,1,3,0
1786269114,R_100,617.98,8,-0.12000000000000455,0.10985343771488448,3,1,3,1
1786269120,R_100,617.83,3,-0.18999999999994088,0.09276613366715403,0,1,3,0
1786269154,R_100,619.28,8,-0.10000000000002274,0.137537873571848,2,1,3,0
1786269186,R_100,619.02,2,-0.13999999999998636,0.10913803695829799,2,1,3,0
1786269188,R_100,618.92,2,-0.10000000000002274,0.0983418075444599,4,1,3,0
1786269194,R_100,618.73,3,-0.2799999999999727,0.10616548926609394,4,1,3,0
1786269220,R_100,618.89,9,-0.11000000000001364,0.10601886624557962,6,1,3,0
1786269222,R_100,618.76,6,-0.12999999999999545,0.11093541664709708,5,1,3,0
1786269226,R_100,618.5,0,-0.25,0.10985343771488472,9,1,3,0
1786269268,R_100,619.54,4,-0.11000000000001364,0.09870832453919097,7,1,3,0
1786269282,R_100,619.59,9,-0.2699999999999818,0.13381579378632283,1,1,3,0
1786269310,R_100,619.87,7,-0.2300000000000182,0.14474498648004816,2,1,3,0
1786269346,R_100,619.35,5,-0.12999999999999545,0.1445913782584067,0,1,3,0
1786269354,R_100,619.18,8,-0.19000000000005457,0.14071247279470753,7,1,3,0
1786269412,R_100,619.26,6,-0.15999999999996817,0.13070747662029308,1,1,3,0
1786269436,R_100,618.8,0,-0.20000000000004547,0.13489090241955987,2,1,3,0
1786269440,R_100,618.79,9,-0.12999999999999545,0.13057139383837021,3,1,3,1
1786269446,R_100,618.57,7,-0.16999999999995907,0.1360106205003706,7,1,3,0
1786269448,R_100,618.37,7,-0.20000000000004547,0.1408545348933006,4,1,3,0
1786269450,R_100,618.24,4,-0.12999999999999545,0.11685223337381954,6,1,3,0
1786269454,R_100,618.14,4,-0.22000000000002728,0.13150411907365492,2,1,3,0
1786269460,R_100,618.15,5,-0.19000000000005457,0.1438517755654799,3,1,3,1
1786269474,R_100,617.91,1,-0.12999999999999545,0.12789318459820226,2,1,3,0
1786269510,R_100,618.35,5,-0.13999999999998636,0.13984515246037682,2,1,3,0
1786269536,R_100,619.19,9,-0.14999999999997726,0.09614803401235586,1,1,3,0
1786269538,R_100,619.01,1,-0.18000000000006366,0.1174544829095754,4,1,3,0
1786269544,R_100,618.96,6,-0.2400000000000091,0.14061768499494467,2,1,3,0
1786269560,R_100,619.14,4,-0.13999999999998636,0.12657891697365156,8,1,3,0
1786269562,R_100,618.98,8,-0.15999999999996817,0.12488216668344534,3,1,3,1
1786269578,R_100,618.98,8,-0.21000000000003638,0.1295290615181698,3,1,3,1
1786269580,R_100,618.83,3,-0.14999999999997726,0.13050755618822232,6,1,3,0
1786269650,R_100,619.86,6,-0.12000000000000455,0.11384687571958589,3,1,3,1
1786269652,R_100,619.63,3,-0.2300000000000182,0.13169408997116533,6,1,3,0
1786269660,R_100,619.45,5,-0.2099999999999227,0.14253654502148969,3,1,3,1
1786269664,R_100,619.51,1,-0.12000000000000455,0.12727922061356206,9,1,3,0
1786269674,R_100,619.21,1,-0.30999999999994543,0.14230249470754489,0,1,3,0
1786269684,R_100,619.23,3,-0.11000000000001364,0.1247931622058179,9,1,3,0
1786269696,R_100,619.93,3,-0.12000000000000455,0.1427546457699029,2,1,3,0
1786269706,R_100,620.23,3,-0.12999999999999545,0.13343329586144698,4,1,3,0
1786269714,R_100,619.81,1,-0.15000000000009095,0.13040109065667715,7,1,3,0
1786269716,R_100,619.67,7,-0.13999999999998636,0.1321783307169415,0,1,3,0
1786269720,R_100,619.61,1,-0.18999999999994088,0.14167254889750247,1,1,3,0
1786269726,R_100,619.14,4,-0.39999999999997726,0.14169215456991993,6,1,3,0
1786269732,R_100,618.65,5,-0.11000000000001364,0.14487159065107896,7,1,3,0
1786269792,R_100,620.01,1,-0.16999999999995907,0.10646334789231653,9,1,3,0
1786269794,R_100,619.89,9,-0.12000000000000455,0.12723119813070138,4,1,3,0
1786269812,R_100,619.48,8,-0.2400000000000091,0.11518584017915284,7,1,3,0
1786269868,R_100,619.12,2,-0.2300000000000182,0.1046103882668295,5,1,3,0
1786269870,R_100,618.95,5,-0.16999999999995907,0.10347302385970197,4,1,3,0
1786269872,R_100,618.84,4,-0.11000000000001364,0.10386422761365699,7,1,3,0
1786269914,R_100,618.89,9,-0.11000000000001364,0.13059266612043494,1,1,3,0
1786269924,R_100,618.79,9,-0.2400000000000091,0.13163923764930432,8,1,3,0
1786269926,R_100,618.48,8,-0.30999999999994543,0.13375350462698354,6,1,3,0
1786269948,R_100,618.15,5,-0.13999999999998636,0.1145474186138737,5,1,3,0
1786269950,R_100,618.05,5,-0.10000000000002274,0.11491059326465732,7,1,3,0
1786270004,R_100,617.77,7,-0.21000000000003638,0.1450708639098807,6,1,3,0
1786270014,R_100,617.84,4,-0.17999999999994998,0.14263005760825367,1,1,3,0
1786270066,R_100,617.91,1,-0.12000000000000455,0.12980326994683467,9,1,3,0
1786270068,R_100,617.79,9,-0.12000000000000455,0.12980326994683467,7,1,3,0
1786270080,R_100,617.94,4,-0.17999999999994998,0.10685400216077022,5,1,3,0
1786270082,R_100,617.75,5,-0.19000000000005457,0.12117938952001334,3,1,3,1
1786270086,R_100,617.57,7,-0.15999999999996817,0.12176480060619119,3,1,3,1
1786270088,R_100,617.43,3,-0.14000000000010004,0.12348639151295168,1,1,3,0
1786270156,R_100,616.91,1,-0.10000000000002274,0.12764969425908598,0,1,3,0
1786270158,R_100,616.7,0,-0.2099999999999227,0.13952697867355074,4,1,3,0
1786270164,R_100,616.53,3,-0.13999999999998636,0.12064640713900497,2,1,3,0
1786270166,R_100,616.42,2,-0.11000000000001364,0.1175868473370316,7,1,3,0
1786270172,R_100,616.38,8,-0.13999999999998636,0.11704225257952633,7,1,3,0
1786270248,R_100,616.4,0,-0.12000000000000455,0.13994046353121792,7,1,3,0
1786270286,R_100,615.36,6,-0.15999999999996817,0.13560154046978445,0,1,3,0
1786270298,R_100,615.25,5,-0.11000000000001364,0.11862171433219851,2,1,3,0
1786270304,R_100,615.17,7,-0.22000000000002728,0.1352569571018248,0,1,3,0
1786270308,R_100,614.98,8,-0.22000000000002728,0.1077857958071513,6,1,3,0
1786270316,R_100,615.09,9,-0.10000000000002274,0.13350405736657947,6,1,3,0
1786270342,R_100,614.61,1,-0.13999999999998636,0.12384578223655375,7,1,3,0
1786270386,R_100,615.19,9,-0.13999999999998636,0.11721300648345266,7,1,3,0
1786270392,R_100,615.06,6,-0.2700000000000955,0.1281882296555698,1,1,3,0
1786270398,R_100,614.85,5,-0.2300000000000182,0.13939950581774654,6,1,3,0
1786270400,R_100,614.66,6,-0.19000000000005457,0.14009520572339157,8,1,3,0
1786270402,R_100,614.48,8,-0.17999999999994998,0.13505554412910906,6,1,3,0
1786270418,R_100,614.43,3,-0.12000000000000455,0.1413270438852041,3,1,3,1
1786270430,R_100,614.33,3,-0.13999999999998636,0.09720539536922573,4,1,3,0
1786270436,R_100,614.01,1,-0.21000000000003638,0.08262364471911494,5,1,3,0
1786270440,R_100,613.8,0,-0.15000000000009095,0.08340663442839755,2,1,3,0
1786270448,R_100,613.97,7,-0.14999999999997726,0.13089435944049804,1,1,3,0
1786270450,R_100,613.81,1,-0.16000000000008185,0.13256444973423506,7,1,3,0
1786270452,R_100,613.57,7,-0.2399999999998954,0.1452239649644738,0,1,3,0
1786270540,R_100,612.07,7,-0.12999999999999545,0.0984829370443948,3,1,3,1
1786270544,R_100,611.88,8,-0.14999999999997726,0.11318127053537455,0,1,3,0
1786270562,R_100,612.41,1,-0.10000000000002274,0.11631375193368752,1,1,3,0
1786270564,R_100,612.31,1,-0.10000000000002274,0.10812030336622352,3,1,3,1
1786270616,R_100,612.52,2,-0.18000000000006366,0.13737216279552045,6,1,3,0
1786270626,R_100,611.97,7,-0.16999999999995907,0.13848786549332315,7,1,3,0
1786270632,R_100,611.78,8,-0.12000000000000455,0.12302212989723645,2,1,3,0
1786270638,R_100,611.72,2,-0.10000000000002274,0.08656404180337667,6,1,3,0
1786270718,R_100,612.11,1,-0.22000000000002728,0.10718623460544982,9,1,3,0
1786270720,R_100,611.99,9,-0.12000000000000455,0.10650508595057379,6,1,3,0
1786270746,R_100,611.39,9,-0.15999999999996817,0.14377837884125724,5,1,3,0
1786270748,R_100,611.25,5,-0.13999999999998636,0.14134276698075154,6,1,3,0
1786270800,R_100,612.01,1,-0.22000000000002728,0.11399805066558631,2,1,3,0
1786270826,R_100,611.37,7,-0.11000000000001364,0.11431438132526463,7,1,3,0
1786270832,R_100,611.44,4,-0.13999999999998636,0.13298287274850876,0,1,3,0
1786270876,R_100,612.67,7,-0.15000000000009095,0.10934654391736581,0,1,3,0
1786270930,R_100,614.34,4,-0.1999999999999318,0.11556623882238554,7,1,3,0
1786270932,R_100,614.17,7,-0.17000000000007276,0.13275290329530978,4,1,3,0
1786270956,R_100,614.67,7,-0.10000000000002274,0.14153523314787028,2,1,3,0
1786271020,R_100,615.53,3,-0.16000000000008185,0.1295676571439846,3,1,3,1
1786271022,R_100,615.33,3,-0.1999999999999318,0.13880842113423414,5,1,3,0
1786271070,R_100,614.64,4,-0.13999999999998636,0.10708771067580669,6,1,3,0
1786271072,R_100,614.46,6,-0.17999999999994998,0.10538817137928896,2,1,3,0
1786271136,R_100,616.32,2,-0.18999999999994088,0.1344164341804051,5,1,3,0
1786271152,R_100,616.23,3,-0.16999999999995907,0.0999777753080781,3,1,3,1
1786271156,R_100,616.02,2,-0.3100000000000591,0.1265789169736617,5,1,3,0
1786271214,R_100,616.48,8,-0.11000000000001364,0.13646733430874636,0,1,3,0
1786271218,R_100,616.39,9,-0.21000000000003638,0.13792510044707776,7,1,3,0
1786271224,R_100,616.23,3,-0.10000000000002274,0.10068653225621581,6,1,3,0
1786271226,R_100,616.06,6,-0.17000000000007276,0.10926013810070068,7,1,3,0
1786271234,R_100,616.03,3,-0.13999999999998636,0.10997474457549865,2,1,3,0
1786271242,R_100,616.13,3,-0.19000000000005457,0.1273664878303042,7,1,3,0
1786271290,R_100,617.0,0,-0.16999999999995907,0.14399459866415193,2,1,3,0
1786271324,R_100,617.31,1,-0.18000000000006366,0.11925695880001143,0,1,3,0
1786271340,R_100,617.49,9,-0.18999999999994088,0.13747322971725398,9,1,3,0
1786271342,R_100,617.39,9,-0.10000000000002274,0.13816254517376542,8,1,3,0
1786271352,R_100,617.56,6,-0.11000000000001364,0.10435516278554603,7,1,3,0
1786271362,R_100,617.53,3,-0.2699999999999818,0.12465062285353855,4,1,3,0
1786271374,R_100,617.23,3,-0.10000000000002274,0.14439144326753475,0,1,3,0
1786271384,R_100,617.24,4,-0.10000000000002274,0.12745369529535472,8,1,3,0
1786271390,R_100,617.23,3,-0.10000000000002274,0.07622335600065959,3,1,3,1
1786271414,R_100,617.33,3,-0.13999999999998636,0.13599019572505996,6,1,3,0
1786271420,R_100,617.3,0,-0.12999999999999545,0.11489608831947709,9,1,3,0
1786271428,R_100,617.35,5,-0.14999999999997726,0.13348324905314093,2,1,3,0
1786271524,R_100,616.29,9,-0.15000000000009095,0.118958442790401,5,1,3,0
1786271550,R_100,617.18,8,-0.10000000000002274,0.13808210118138942,2,1,3,0
1786271554,R_100,617.21,1,-0.11000000000001364,0.12908223046657924,8,1,3,0
1786271556,R_100,617.08,8,-0.12999999999999545,0.13761459870879525,9,1,3,0
1786271562,R_100,616.89,9,-0.20000000000004547,0.1402537383142338,2,1,3,0
1786271568,R_100,616.62,2,-0.15999999999996817,0.1346765672928542,3,1,3,1
1786271570,R_100,616.43,3,-0.19000000000005457,0.14009917122448665,6,1,3,0
1786271580,R_100,615.78,8,-0.3100000000000591,0.12896597311781335,5,1,3,0
1786271608,R_100,616.25,5,-0.16999999999995907,0.12123897429822157,9,1,3,0
1786271648,R_100,615.51,1,-0.20000000000004547,0.10832051206184491,0,1,3,0
1786271650,R_100,615.4,0,-0.11000000000001364,0.10689558768570886,0,1,3,0
1786271652,R_100,615.2,0,-0.1999999999999318,0.0967758004645852,1,1,3,0
1786271676,R_100,615.8,0,-0.10000000000002274,0.12345039489610478,9,1,3,0
1786271682,R_100,615.65,5,-0.20000000000004547,0.1347466759021274,8,1,3,0
1786271686,R_100,615.52,2,-0.15999999999996817,0.11183320914053996,1,1,3,0
1786271690,R_100,615.37,7,-0.13999999999998636,0.08608135686663966,3,1,3,1
1786271802,R_100,616.32,2,-0.18999999999994088,0.13104706533657684,2,1,3,0
1786271808,R_100,616.06,6,-0.2400000000000091,0.12231107881134991,4,1,3,0
1786271836,R_100,616.05,5,-0.18000000000006366,0.10965096138811431,3,1,3,1
1786271840,R_100,615.8,0,-0.2300000000000182,0.11694728157025512,8,1,3,0
1786271844,R_100,615.63,3,-0.25,0.13872434697792085,9,1,3,0
1786271850,R_100,615.43,3,-0.20000000000004547,0.13697120540871763,6,1,3,0
1786271864,R_100,615.25,5,-0.17999999999994998,0.11754904413808083,2,1,3,0
1786271868,R_100,615.19,9,-0.12999999999999545,0.1220382453714066,0,1,3,0
1786271876,R_100,615.06,6,-0.20000000000004547,0.11043348928452273,8,1,3,0
1786271880,R_100,614.89,9,-0.2899999999999636,0.14252095362514494,2,1,3,0
1786271944,R_100,613.78,8,-0.12000000000000455,0.13236733400318756,3,1,3,1
1786271974,R_100,613.61,1,-0.10000000000002274,0.13055862880542377,0,1,3,0
1786272022,R_100,614.78,8,-0.10000000000002274,0.1443914432675475,6,1,3,0
1786272046,R_100,614.49,9,-0.11000000000001364,0.133420804641213,8,1,3,0
1786272050,R_100,614.48,8,-0.1999999999999318,0.13540064007723956,7,1,3,0
1786272080,R_100,614.96,6,-0.1999999999999318,0.1334541119636048,5,1,3,0
1786272082,R_100,614.85,5,-0.11000000000001364,0.14134669748134865,1,1,3,0
1786272086,R_100,614.8,0,-0.11000000000001364,0.1394791900049621,3,1,3,1
1786272098,R_100,614.89,9,-0.12999999999999545,0.1446105882092175,4,1,3,0
1786272100,R_100,614.74,4,-0.14999999999997726,0.13870832707518202,2,1,3,0
1786272108,R_100,614.3,0,-0.12999999999999545,0.1128469957262477,6,1,3,0
1786272156,R_100,615.01,1,-0.2999999999999545,0.12598059815346016,5,1,3,0
1786272162,R_100,614.97,7,-0.12000000000000455,0.12918548250049047,2,1,3,0
1786272214,R_100,615.53,3,-0.22000000000002728,0.12349089035229427,4,1,3,0
1786272232,R_100,615.92,2,-0.12000000000000455,0.13581441586058549,0,1,3,0
1786272234,R_100,615.8,0,-0.12000000000000455,0.11907513967610585,0,1,3,0
1786272366,R_100,614.28,8,-0.18000000000006366,0.13243027515553554,0,1,3,0
1786272372,R_100,614.0,0,-0.2400000000000091,0.11078006238587834,7,1,3,0
1786272408,R_100,614.8,0,-0.15000000000009095,0.09573690801127915,3,1,3,1
1786272414,R_100,614.64,4,-0.12000000000000455,0.10434983895001104,3,1,3,1
1786272442,R_100,614.87,7,-0.18999999999994088,0.1376953158244417,2,1,3,0
1786272444,R_100,614.72,2,-0.14999999999997726,0.13623916878454695,8,1,3,0
1786272474,R_100,614.67,7,-0.15000000000009095,0.12276897907138459,0,1,3,0
1786272502,R_100,614.38,8,-0.2599999999999909,0.14045956318061606,3,1,3,1
1786272528,R_100,614.83,3,-0.12999999999999545,0.12536613046059691,9,1,3,0
1786272530,R_100,614.69,9,-0.13999999999998636,0.12799739580683284,2,1,3,0
1786272568,R_100,615.3,0,-0.12000000000000455,0.07378647873727318,3,1,3,1
1786272572,R_100,614.89,9,-0.34000000000003183,0.13739238212749807,3,1,3,1
1786272630,R_100,615.81,1,-0.17000000000007276,0.1345114617173312,1,1,3,0
1786272748,R_100,618.37,7,-0.14999999999997726,0.12314851016376818,1,1,3,0
1786272792,R_100,618.54,4,-0.12999999999999545,0.1091176734844821,3,1,3,1
1786272794,R_100,618.43,3,-0.11000000000001364,0.11944315244779047,5,1,3,0
1786272796,R_100,618.25,5,-0.17999999999994998,0.12894443247641071,0,1,3,0
1786272806,R_100,617.61,1,-0.2699999999999818,0.14265732056613042,4,1,3,0
1786272810,R_100,617.43,3,-0.11000000000001364,0.08579044235809852,4,1,3,0
1786272816,R_100,617.17,7,-0.13999999999998636,0.08854377448470217,8,1,3,0
1786272826,R_100,617.02,2,-0.34000000000003183,0.1333708280613815,3,1,3,1
1786272828,R_100,616.83,3,-0.18999999999994088,0.13971796989331864,9,1,3,0
1786272880,R_100,616.68,8,-0.12999999999999545,0.12169634341260388,3,1,3,1
1786272900,R_100,617.1,0,-0.11000000000001364,0.09259229629583718,4,1,3,0
1786272920,R_100,617.46,6,-0.18999999999994088,0.13343329586144007,8,1,3,0
1786272932,R_100,617.48,8,-0.15999999999996817,0.10741404832598112,6,1,3,0
1786272938,R_100,617.23,3,-0.22000000000002728,0.11830281296551391,0,1,3,0
1786272940,R_100,617.1,0,-0.12999999999999545,0.1112754340464323,0,1,3,0
1786272942,R_100,617.0,0,-0.10000000000002274,0.1123288822065696,7,1,3,0
1786272944,R_100,616.87,7,-0.12999999999999545,0.11296016997154382,7,1,3,0
1786273012,R_100,616.59,9,-0.1999999999999318,0.12844800071968515,4,1,3,0
1786273056,R_100,618.15,5,-0.13999999999998636,0.14523544103741168,4,1,3,0
1786273132,R_100,618.62,2,-0.13999999999998636,0.10972693379476688,1,1,3,0
1786273134,R_100,618.41,1,-0.21000000000003638,0.11625642156696485,6,1,3,0
1786273140,R_100,618.26,6,-0.14999999999997726,0.11113555286726783,0,1,3,0
1786273142,R_100,618.1,0,-0.15999999999996817,0.10774970997642387,5,1,3,0
1786273196,R_100,617.46,6,-0.17999999999994998,0.13838753958037095,3,1,3,1
1786273198,R_100,617.33,3,-0.12999999999999545,0.1387083270751892,9,1,3,0
1786273200,R_100,617.19,9,-0.13999999999998636,0.1389484316811979,4,1,3,0
1786273202,R_100,617.04,4,-0.15000000000009095,0.13614126650081024,8,1,3,0
1786273218,R_100,617.05,5,-0.12999999999999545,0.13113182510571061,7,1,3,0
1786273226,R_100,617.47,7,-0.10000000000002274,0.13617390841616964,4,1,3,0
1786273300,R_100,618.62,2,-0.10000000000002274,0.10446158251827643,4,1,3,0
1786273302,R_100,618.44,4,-0.17999999999994998,0.12620970203944518,3,1,3,1
1786273342,R_100,620.25,5,-0.10000000000002274,0.11916841490557332,6,1,3,0
1786273382,R_100,620.54,4,-0.12999999999999545,0.13233375314795368,7,1,3,0
1786273428,R_100,622.02,2,-0.11000000000001364,0.1279279311001311,6,1,3,0
1786273440,R_100,622.11,1,-0.17999999999994998,0.11728881731292322,3,1,3,1
1786273446,R_100,621.9,0,-0.10000000000002274,0.11045863982101804,1,1,3,0
1786273452,R_100,621.64,4,-0.13999999999998636,0.11226951698677368,9,1,3,0
1786273460,R_100,621.24,4,-0.4199999999999591,0.1344990706287496,9,1,3,0
1786273496,R_100,621.6,0,-0.18999999999994088,0.14296852800531049,3,1,3,1
1786273506,R_100,621.22,2,-0.12000000000000455,0.13507611023256322,6,1,3,0
1786273508,R_100,621.06,6,-0.16000000000008185,0.1380660067584681,5,1,3,0
1786273510,R_100,620.95,5,-0.10999999999989996,0.0764562329411736,2,1,3,0
1786273512,R_100,620.62,2,-0.3300000000000409,0.0988601706115017,7,1,3,0
1786273514,R_100,620.47,7,-0.14999999999997726,0.09577751997904477,1,1,3,0
1786273518,R_100,620.3,0,-0.21000000000003638,0.11045863982103644,1,1,3,0
1786273532,R_100,620.55,5,-0.12000000000000455,0.1307287267588869,8,1,3,0
1786273536,R_100,620.42,2,-0.16000000000008185,0.13160969231449257,2,1,3,0
1786273586,R_100,619.44,4,-0.2199999999999136,0.11914510294405092,9,1,3,0
1786273666,R_100,618.86,6,-0.21000000000003638,0.13982528780987072,2,1,3,0
1786273668,R_100,618.72,2,-0.13999999999998636,0.12922418074374425,4,1,3,0
1786273778,R_100,620.66,6,-0.11000000000001364,0.09874771446019949,0,1,3,0
1786273824,R_100,621.58,8,-0.16999999999995907,0.12617888536166538,5,1,3,0
1786273834,R_100,621.04,4,-0.11000000000001364,0.1285647264567031,7,1,3,0
1786273860,R_100,620.21,1,-0.15999999999996817,0.14164117417694153,5,1,3,0
1786273902,R_100,620.77,7,-0.19000000000005457,0.12160500720684542,0,1,3,0
1786274016,R_100,620.95,5,-0.15999999999996817,0.11985639555547929,4,1,3,0
1786274018,R_100,620.84,4,-0.11000000000001364,0.12260596324085818,2,1,3,0
1786274078,R_100,622.9,0,-0.12000000000000455,0.13175735273599884,5,1,3,0
1786274086,R_100,623.06,6,-0.10000000000002274,0.11776152927748952,6,1,3,0
1786274108,R_100,624.01,1,-0.10000000000002274,0.1365650028374973,1,1,3,0
1786274130,R_100,624.11,1,-0.12000000000000455,0.14437605218471222,1,1,3,0
1786274138,R_100,624.13,3,-0.10000000000002274,0.08093893445747269,0,1,3,0
1786274148,R_100,624.32,2,-0.1999999999999318,0.13963842196503656,1,1,3,0
1786274198,R_100,623.95,5,-0.12000000000000455,0.09697651491182147,0,1,3,0
1786274200,R_100,623.7,0,-0.25,0.10809460876677918,9,1,3,0
1786274208,R_100,623.62,2,-0.10000000000002274,0.09780365819107367,7,1,3,0
1786274218,R_100,623.63,3,-0.11000000000001364,0.11370527203646845,1,1,3,0
1786274220,R_100,623.51,1,-0.12000000000000455,0.09122012448527879,8,1,3,0
1786274222,R_100,623.38,8,-0.12999999999999545,0.09757618106438413,6,1,3,0
1786274232,R_100,623.41,1,-0.20000000000004547,0.1077239269821002,3,1,3,1
1786274234,R_100,623.13,3,-0.2799999999999727,0.132982872748498,3,1,3,1
1786274236,R_100,623.03,3,-0.10000000000002274,0.12973905434456365,5,1,3,0
1786274270,R_100,623.39,9,-0.11000000000001364,0.14312387796747184,3,1,3,1
1786274278,R_100,623.48,8,-0.12000000000000455,0.11471704319760963,5,1,3,0
1786274284,R_100,623.65,5,-0.12999999999999545,0.13612086132878254,5,1,3,0
1786274408,R_100,624.69,9,-0.13999999999998636,0.10834102536792845,7,1,3,0
1786274410,R_100,624.47,7,-0.22000000000002728,0.09980536614386933,4,1,3,0
1786274412,R_100,624.34,4,-0.12999999999999545,0.09487418569405531,2,1,3,0
1786274414,R_100,624.22,2,-0.12000000000000455,0.09393259994982388,8,1,3,0
1786274420,R_100,624.18,8,-0.11000000000001364,0.1021980647783656,3,1,3,1
1786274430,R_100,624.36,6,-0.16999999999995907,0.13477965556995963,9,1,3,0
1786274436,R_100,624.23,3,-0.12000000000000455,0.13014948670237922,9,1,3,0
1786274450,R_100,623.86,6,-0.13999999999998636,0.10780641085864133,2,1,3,0
1786274508,R_100,623.18,8,-0.11000000000001364,0.13312066372699538,0,1,3,0
1786274510,R_100,623.0,0,-0.17999999999994998,0.13669105473456486,7,1,3,0
1786274518,R_100,622.61,1,-0.11000000000001364,0.1446682027568266,2,1,3,0
1786274566,R_100,622.81,1,-0.21000000000003638,0.13971796989331495,9,1,3,0
1786274574,R_100,622.86,6,-0.10000000000002274,0.11073491871232452,2,1,3,0
1786274578,R_100,622.79,9,-0.12999999999999545,0.1086073457716254,2,1,3,0
1786274632,R_100,623.52,2,-0.21000000000003638,0.12787146323990264,5,1,3,0
1786274642,R_100,623.69,9,-0.15999999999996817,0.14289078968840152,0,1,3,0
1786274652,R_100,623.63,3,-0.13999999999998636,0.11873874215639786,8,1,3,0
1786274678,R_100,621.93,3,-0.11000000000001364,0.1051982255870753,6,1,3,0
1786274682,R_100,621.86,6,-0.1999999999999318,0.1282358937444798,1,1,3,0
1786274706,R_100,621.92,2,-0.13999999999998636,0.11452316602135275,8,1,3,0
1786274714,R_100,622.26,6,-0.12999999999999545,0.12129394965217799,8,1,3,0
1786274724,R_100,622.32,2,-0.16999999999995907,0.1425326473323082,2,1,3,0
1786274726,R_100,622.22,2,-0.10000000000002274,0.13784048752090824,9,1,3,0
1786274732,R_100,622.13,3,-0.22000000000002728,0.12928865207571894,4,1,3,0
1786274794,R_100,622.11,1,-0.2899999999999636,0.14483707321600423,1,1,3,0
1786274802,R_100,622.01,1,-0.15999999999996817,0.1433100756324492,6,1,3,0
1786274816,R_100,622.03,3,-0.16000000000008185,0.13717790557443074,2,1,3,0
1786274894,R_100,621.66,6,-0.14999999999997726,0.11113555286725463,2,1,3,0
1786274904,R_100,621.75,5,-0.11000000000001364,0.09503800409425851,1,1,3,0
1786274908,R_100,621.56,6,-0.25,0.11692352676475684,8,1,3,0
1786274912,R_100,621.45,5,-0.12999999999999545,0.12185601704014137,1,1,3,0
1786274914,R_100,621.31,1,-0.14000000000010004,0.12085344660189375,4,1,3,0
1786274928,R_100,621.67,7,-0.15000000000009095,0.1329536260004876,9,1,3,0
1786274936,R_100,621.5,0,-0.14999999999997726,0.12011105971837521,1,1,3,0
1786274968,R_100,621.13,3,-0.16999999999995907,0.08957306142660511,6,1,3,0
1786274974,R_100,621.12,2,-0.2799999999999727,0.1409531048887367,9,1,3,0
1786275006,R_100,621.06,6,-0.18000000000006366,0.11654279137821155,0,1,3,0
1786275012,R_100,620.85,5,-0.16999999999995907,0.12653062870309822,1,1,3,0
1786275026,R_100,620.83,3,-0.2400000000000091,0.13425100868645704,4,1,3,0
1786275030,R_100,620.79,9,-0.15000000000009095,0.14484090889278514,9,1,3,0
1786275072,R_100,621.04,4,-0.18000000000006366,0.1251843085658547,5,1,3,0
1786275080,R_100,621.02,2,-0.10000000000002274,0.1264735369773266,5,1,3,0
1786275088,R_100,620.99,9,-0.22000000000002728,0.12321616055626332,9,1,3,0
1786275090,R_100,620.89,9,-0.10000000000002274,0.12534840334933325,1,1,3,0
1786275092,R_100,620.61,1,-0.2799999999999727,0.1413466974813715,8,1,3,0
1786275094,R_100,620.48,8,-0.12999999999999545,0.14337596265298055,0,1,3,0
1786275188,R_100,621.24,4,-0.10000000000002274,0.14329844536646197,1,1,3,0
1786275194,R_100,621.01,1,-0.16999999999995907,0.08512082915216812,3,1,3,1
1786275196,R_100,620.63,3,-0.37999999999999545,0.12795832654942665,6,1,3,0
1786275202,R_100,620.41,1,-0.11000000000001364,0.12059574342956339,1,1,3,0
1786275206,R_100,620.22,2,-0.18999999999994088,0.11272385136546524,6,1,3,0
1786275272,R_100,621.3,0,-0.10000000000002274,0.10013879257198996,3,1,3,1
1786275282,R_100,621.67,7,-0.11000000000001364,0.13663007640259558,3,1,3,1
1786275302,R_100,621.28,8,-0.25,0.13033716959400393,8,1,3,0
1786275312,R_100,621.36,6,-0.14999999999997726,0.1151038178727816,8,1,3,0
1786275314,R_100,621.18,8,-0.18000000000006366,0.12529520696695623,9,1,3,0
1786275410,R_100,620.1,0,-0.22000000000002728,0.0962866091993656,8,1,3,0
1786275418,R_100,620.06,6,-0.19000000000005457,0.11316163464512893,2,1,3,0
1786275470,R_100,619.55,5,-0.25,0.13370365240586546,2,1,3,0
1786275474,R_100,618.99,9,-0.2300000000000182,0.12011568497815846,5,1,3,0
1786275494,R_100,619.34,4,-0.17999999999994998,0.11946640624969607,2,1,3,0
1786275534,R_100,620.53,3,-0.10000000000002274,0.14057026712646364,2,1,3,0
1786275548,R_100,620.31,1,-0.12000000000000455,0.10379466909880594,6,1,3,0
1786275550,R_100,620.06,6,-0.25,0.12312595177295868,0,1,3,0
1786275572,R_100,620.29,9,-0.16000000000008185,0.1339527279802045,0,1,3,0
1786275652,R_100,619.78,8,-0.12000000000000455,0.1278019300845406,8,1,3,0
1786275654,R_100,619.48,8,-0.2999999999999545,0.14132704388520514,0,1,3,0
1786275656,R_100,619.3,0,-0.18000000000006366,0.14284412639111815,4,1,3,0
1786275660,R_100,619.38,8,-0.15999999999996817,0.14213061285700793,5,1,3,0
1786275690,R_100,620.19,9,-0.2399999999998954,0.10466878978734723,4,1,3,0
1786275698,R_100,619.98,8,-0.14999999999997726,0.11177855091400414,7,1,3,0
1786275704,R_100,619.83,3,-0.2400000000000091,0.12156388352537219,4,1,3,0
1786275784,R_100,619.46,6,-0.16999999999995907,0.11951754868822596,3,1,3,1
1786275790,R_100,619.29,9,-0.12000000000000455,0.12290918056299371,9,1,3,0
1786275838,R_100,619.55,5,-0.2300000000000182,0.12233378746506317,1,1,3,0
1786275882,R_100,618.62,2,-0.18999999999994088,0.0894489301842721,2,1,3,0
1786275884,R_100,618.52,2,-0.10000000000002274,0.0899629553390338,2,1,3,0
1786275886,R_100,618.42,2,-0.10000000000002274,0.08761658899241984,5,1,3,0
1786275896,R_100,618.41,1,-0.14999999999997726,0.1205727074331982,1,1,3,0
1786275898,R_100,618.31,1,-0.10000000000002274,0.10496560283146221,5,1,3,0
1786275914,R_100,618.57,7,-0.12999999999999545,0.11666190466469768,2,1,3,0
1786275916,R_100,618.32,2,-0.25,0.13403565031569595,6,1,3,0
1786275922,R_100,618.39,9,-0.12999999999999545,0.1302348306372263,1,1,3,0
1786275938,R_100,618.59,9,-0.25,0.13064370546556778,5,1,3,0
1786275992,R_100,620.43,3,-0.25,0.1350267463216941,2,1,3,0
1786276002,R_100,620.42,2,-0.12999999999999545,0.13958669150189146,9,1,3,0
1786276036,R_100,619.31,1,-0.12000000000000455,0.12538385506556962,4,1,3,0
1786276042,R_100,619.15,5,-0.12999999999999545,0.12559193180029143,3,1,3,1
1786276044,R_100,619.03,3,-0.12000000000000455,0.12272824541326553,9,1,3,0
1786276046,R_100,618.89,9,-0.13999999999998636,0.12514880032272865,1,1,3,0
1786276052,R_100,618.58,8,-0.2599999999999909,0.0897217922246442,9,1,3,0
1786276058,R_100,618.37,7,-0.12999999999999545,0.080560536244481,6,1,3,0
1786276134,R_100,619.16,6,-0.14999999999997726,0.12393546707861511,7,1,3,0
1786276136,R_100,618.97,7,-0.18999999999994088,0.1330037593453361,6,1,3,0
1786276138,R_100,618.86,6,-0.11000000000001364,0.13359973386530372,5,1,3,0
1786276144,R_100,618.84,4,-0.2300000000000182,0.13817862835232386,3,1,3,1
1786276172,R_100,619.03,3,-0.12999999999999545,0.10416333328003091,4,1,3,0
1786276178,R_100,618.8,0,-0.34000000000003183,0.14358891941158786,3,1,3,1
1786276208,R_100,618.97,7,-0.11000000000001364,0.09674709297958414,7,1,3,0
1786276212,R_100,618.75,5,-0.32000000000005,0.13808210118139877,9,1,3,0
1786276216,R_100,618.62,2,-0.16999999999995907,0.14499425275967434,5,1,3,0
1786276218,R_100,618.35,5,-0.2699999999999818,0.14533103973726916,5,1,3,0
1786276240,R_100,617.85,5,-0.14999999999997726,0.12884098726725737,3,1,3,1
1786276242,R_100,617.73,3,-0.12000000000000455,0.10064238117655125,2,1,3,0
1786276260,R_100,617.25,5,-0.11000000000001364,0.14000000000003301,2,1,3,0
1786276262,R_100,617.12,2,-0.12999999999999545,0.14051097228808304,9,1,3,0
1786276264,R_100,616.99,9,-0.12999999999999545,0.13115300648905803,7,1,3,0
1786276266,R_100,616.87,7,-0.12000000000000455,0.07291547618076548,6,1,3,0
1786276268,R_100,616.46,6,-0.40999999999996817,0.13082643293904672,0,1,3,0
1786276270,R_100,616.3,0,-0.16000000000008185,0.13062244149541138,7,1,3,0
1786276306,R_100,615.9,0,-0.10000000000002274,0.10467409740078688,4,1,3,0
1786276330,R_100,616.21,1,-0.12999999999999545,0.11645218379708547,0,1,3,0
1786276338,R_100,616.38,8,-0.10000000000002274,0.13055437351710245,6,1,3,0
1786276372,R_100,616.88,8,-0.22000000000002728,0.11039826890752859,4,1,3,0
1786276374,R_100,616.74,4,-0.13999999999998636,0.12139924949429623,8,1,3,0
1786276404,R_100,617.63,3,-0.15999999999996817,0.12409673645990825,3,1,3,1
1786276474,R_100,618.08,8,-0.31999999999993634,0.13945927322658655,4,1,3,0
1786276476,R_100,617.94,4,-0.13999999999998636,0.1405900265152345,8,1,3,0
1786276554,R_100,617.38,8,-0.25,0.11266469426280619,0,1,3,0
1786276556,R_100,617.2,0,-0.17999999999994998,0.12402508706797907,7,1,3,0
1786276558,R_100,617.07,7,-0.12999999999999545,0.11589746426139075,1,1,3,0
1786276640,R_100,619.64,4,-0.10000000000002274,0.12937456387474042,1,1,3,0
1786276642,R_100,619.51,1,-0.12999999999999545,0.132870028390325,0,1,3,0
1786276648,R_100,619.32,2,-0.2399999999998954,0.12647353697730876,8,1,3,0
1786276656,R_100,619.35,5,-0.2400000000000091,0.13409780841689622,9,1,3,0
1786276660,R_100,619.22,2,-0.16999999999995907,0.1420328600476793,8,1,3,0
1786276686,R_100,619.51,1,-0.12000000000000455,0.14353087163083714,9,1,3,0
1786276696,R_100,619.89,9,-0.11000000000001364,0.13584713631299852,2,1,3,0
1786276734,R_100,619.76,6,-0.21000000000003638,0.11587349423687011,0,1,3,0
1786276742,R_100,619.16,6,-0.2699999999999818,0.143608263457669,2,1,3,0
1786276746,R_100,619.1,0,-0.12000000000000455,0.14529663145134594,2,1,3,0
1786276752,R_100,619.04,4,-0.15000000000009095,0.14047933814068442,8,1,3,0
1786276768,R_100,619.13,3,-0.2300000000000182,0.12196994165232702,9,1,3,0
1786276770,R_100,618.99,9,-0.13999999999998636,0.12675435561222606,2,1,3,0
1786276778,R_100,618.88,8,-0.12999999999999545,0.1216369826802561,9,1,3,0
1786276784,R_100,618.94,4,-0.16999999999995907,0.14261058087596315,2,1,3,0
1786276826,R_100,619.82,2,-0.12000000000000455,0.13118688958886507,1,1,3,0
1786276844,R_100,619.57,7,-0.10999999999989996,0.14484090889281265,4,1,3,0
1786276850,R_100,619.24,4,-0.25,0.11510864433221527,3,1,3,1
1786276854,R_100,619.05,5,-0.18000000000006366,0.1146976702272371,4,1,3,0
1786276860,R_100,618.84,4,-0.12000000000000455,0.09585289655391996,8,1,3,0
1786276864,R_100,618.71,1,-0.16999999999995907,0.10101705026599551,4,1,3,0
1786276866,R_100,618.44,4,-0.2699999999999818,0.1163328557774237,9,1,3,0
1786276890,R_100,618.77,7,-0.12999999999999545,0.14173919711920638,9,1,3,0
1786276972,R_100,617.05,5,-0.21000000000003638,0.1410122138130044,0,1,3,0
1786276984,R_100,616.52,2,-0.19000000000005457,0.1357489512953218,8,1,3,0
1786276986,R_100,616.38,8,-0.13999999999998636,0.1298931184559911,3,1,3,1
1786276998,R_100,616.31,1,-0.10000000000002274,0.12730104302617382,7,1,3,0
1786277000,R_100,616.17,7,-0.13999999999998636,0.09512564790259906,2,1,3,0
1786277050,R_100,617.34,4,-0.1999999999999318,0.13739238212748808,3,1,3,1
1786277058,R_100,617.43,3,-0.10000000000002274,0.11758684733703208,2,1,3,0
1786277064,R_100,617.31,1,-0.10000000000002274,0.10488088481699022,4,1,3,0
1786277066,R_100,617.14,4,-0.16999999999995907,0.11215564581813092,6,1,3,0
1786277070,R_100,616.83,3,-0.2299999999999045,0.11512794814655906,2,1,3,0
1786277072,R_100,616.62,2,-0.21000000000003638,0.08849984306324692,3,1,3,1
1786277078,R_100,616.81,1,-0.11000000000001364,0.13677231688709196,3,1,3,1
1786277080,R_100,616.63,3,-0.17999999999994998,0.14011503210654233,2,1,3,0
1786277184,R_100,618.28,8,-0.2699999999999818,0.1253439711797447,1,1,3,0
1786277222,R_100,619.02,2,-0.15999999999996817,0.12075687236021358,6,1,3,0
1786277260,R_100,619.17,7,-0.12999999999999545,0.14242346872774356,0,1,3,0
1786277318,R_100,617.93,3,-0.10000000000002274,0.08954204474870076,6,1,3,0
1786277322,R_100,617.78,8,-0.18000000000006366,0.10000555540126158,4,1,3,0
1786277332,R_100,617.88,8,-0.12000000000000455,0.112526540079337,9,1,3,0
1786277334,R_100,617.69,9,-0.18999999999994088,0.12001851708985947,6,1,3,0
1786277372,R_100,617.57,7,-0.2399999999998954,0.09930872178320976,0,1,3,0
1786277374,R_100,617.3,0,-0.2700000000000955,0.12534397117974677,9,1,3,0
1786277458,R_100,618.77,7,-0.14999999999997726,0.10530906893519129,6,1,3,0
1786277460,R_100,618.56,6,-0.21000000000003638,0.13123769783614664,2,1,3,0
1786277510,R_100,619.01,1,-0.12999999999999545,0.14317433041185665,0,1,3,0
1786277602,R_100,618.72,2,-0.12000000000000455,0.11399805066559515,2,1,3,0
1786277680,R_100,619.4,0,-0.14999999999997726,0.10629623177179785,7,1,3,0
1786277704,R_100,619.67,7,-0.13999999999998636,0.0983418075444463,0,1,3,0
1786277706,R_100,619.5,0,-0.16999999999995907,0.11432896007183566,4,1,3,0
1786277714,R_100,619.43,3,-0.2600000000001046,0.1452048361606815,9,1,3,0
1786277782,R_100,620.56,6,-0.19000000000005457,0.14071247279470195,1,1,3,0
1786277854,R_100,619.95,5,-0.16999999999995907,0.12029593139882255,9,1,3,0
1786277862,R_100,619.85,5,-0.25,0.12877197762798245,9,1,3,0
1786277898,R_100,619.77,7,-0.15999999999996817,0.1422673539502622,0,1,3,0
1786277948,R_100,619.41,1,-0.16000000000008185,0.09156054463213044,1,1,3,0
1786277952,R_100,619.25,5,-0.15999999999996817,0.09218941852994218,7,1,3,0
1786277960,R_100,618.89,9,-0.16999999999995907,0.0720262297901079,4,1,3,0
1786277992,R_100,618.74,4,-0.12000000000000455,0.13042239071569967,8,1,3,0
1786278004,R_100,618.66,6,-0.16000000000008185,0.12573782247200552,7,1,3,0
1786278008,R_100,618.65,5,-0.12000000000000455,0.1327863781501145,5,1,3,0
1786278022,R_100,619.09,9,-0.10000000000002274,0.12710887721426,3,1,3,1
1786278028,R_100,619.2,0,-0.14999999999997726,0.11872002545671143,3,1,3,1
1786278064,R_100,619.25,5,-0.20000000000004547,0.11403703102259578,4,1,3,0
1786278100,R_100,619.61,1,-0.22000000000002728,0.13002563849744836,1,1,3,0
1786278166,R_100,620.25,5,-0.21000000000003638,0.0931188010614307,7,1,3,0
1786278168,R_100,620.07,7,-0.17999999999994998,0.10654159333854892,5,1,3,0
1786278192,R_100,619.32,2,-0.16999999999995907,0.11770490407981683,5,1,3,0
1786278198,R_100,619.18,8,-0.2900000000000773,0.13636552187249637,0,1,3,0
1786278200,R_100,619.0,0,-0.17999999999994998,0.1405900265152457,2,1,3,0
1786278212,R_100,618.62,2,-0.16999999999995907,0.13605554421306928,1,1,3,0
1786278218,R_100,618.55,5,-0.11000000000001364,0.0768909762079988,6,1,3,0
1786278222,R_100,618.55,5,-0.21000000000003638,0.11954078801815456,4,1,3,0
1786278224,R_100,618.44,4,-0.10999999999989996,0.12149074038789885,4,1,3,0
1786278226,R_100,618.34,4,-0.10000000000002274,0.12193349735727912,6,1,3,0
1786278232,R_100,618.08,8,-0.2099999999999227,0.127906215642549,7,1,3,0
1786278240,R_100,617.77,7,-0.12000000000000455,0.12670613420211704,9,1,3,0
1786278272,R_100,618.17,7,-0.12000000000000455,0.132115269535512,5,1,3,0
1786278294,R_100,617.38,8,-0.11000000000001364,0.1405584101598807,3,1,3,1
1786278300,R_100,617.44,4,-0.11999999999989086,0.13824696098729675,9,1,3,0
1786278308,R_100,617.53,3,-0.12000000000000455,0.13926792723219428,5,1,3,0
1786278318,R_100,617.42,2,-0.11000000000001364,0.08834276679184644,9,1,3,0
1786278356,R_100,618.01,1,-0.21000000000003638,0.11570556502510594,2,1,3,0
1786278368,R_100,618.29,9,-0.17000000000007276,0.1335997338653525,1,1,3,0
1786278378,R_100,618.21,1,-0.2099999999999227,0.13779614572901758,4,1,3,0
1786278422,R_100,618.38,8,-0.13999999999998636,0.09675283515799635,1,1,3,0
1786278430,R_100,618.46,6,-0.12999999999999545,0.12305825178885971,9,1,3,0
1786278460,R_100,618.17,7,-0.10000000000002274,0.12258330500794523,0,1,3,0
1786278474,R_100,618.35,5,-0.2400000000000091,0.14361986863475817,3,1,3,1
1786278482,R_100,618.5,0,-0.10000000000002274,0.13572848714333816,8,1,3,0
1786278532,R_100,618.97,7,-0.15999999999996817,0.1328323923011638,8,1,3,0
1786278562,R_100,619.2,0,-0.2199999999999136,0.1421892322849284,5,1,3,0
1786278578,R_100,619.38,8,-0.20000000000004547,0.14268847185388092,0,1,3,0
1786278648,R_100,619.6,0,-0.16999999999995907,0.10031062866029801,4,1,3,0
1786278650,R_100,619.34,4,-0.2599999999999909,0.11991200477387691,7,1,3,0
1786278678,R_100,620.04,4,-0.12999999999999545,0.13597793938721142,1,1,3,0
1786278686,R_100,619.8,0,-0.12999999999999545,0.12944325225962497,5,1,3,0
1786278734,R_100,620.64,4,-0.16999999999995907,0.1149685947455901,1,1,3,0
1786278758,R_100,619.85,5,-0.11000000000001364,0.13800161029658442,9,1,3,0
1786278762,R_100,619.58,8,-0.30999999999994543,0.13524052647042223,9,1,3,0
1786278792,R_100,620.39,9,-0.11000000000001364,0.13790495922110807,5,1,3,0
1786278800,R_100,620.52,2,-0.13999999999998636,0.12265579661981595,1,1,3,0
1786278806,R_100,620.59,9,-0.13999999999998636,0.12833982667554536,2,1,3,0
1786278808,R_100,620.42,2,-0.17000000000007276,0.13761459870877682,2,1,3,0
1786278828,R_100,620.44,4,-0.10999999999989996,0.11525816432876226,2,1,3,0
1786278836,R_100,620.52,2,-0.2300000000000182,0.12393994961717493,1,1,3,0
1786278838,R_100,620.31,1,-0.21000000000003638,0.14129952425805675,4,1,3,0
1786278904,R_100,620.42,2,-0.17000000000007276,0.12720936373640232,8,1,3,0
1786278906,R_100,620.28,8,-0.13999999999998636,0.13729125568981673,7,1,3,0
1786278942,R_100,621.45,5,-0.2299999999999045,0.13023056476877365,8,1,3,0
1786278968,R_100,620.99,9,-0.11000000000001364,0.133649624848783,2,1,3,0
1786278992,R_100,620.91,1,-0.12000000000000455,0.12653062870307316,0,1,3,0
1786278994,R_100,620.7,0,-0.2099999999999227,0.1428635712839064,1,1,3,0
1786279000,R_100,620.4,0,-0.25,0.11599329482534311,0,1,3,0
1786279030,R_100,621.27,7,-0.21000000000003638,0.11023207841239346,9,1,3,0
1786279042,R_100,620.95,5,-0.33999999999991815,0.14270793795564,1,1,3,0
1786279084,R_100,622.43,3,-0.14000000000010004,0.13500617269840803,7,1,3,0
1786279114,R_100,621.91,1,-0.19000000000005457,0.1351706740055583,8,1,3,0
1786279120,R_100,621.76,6,-0.13999999999998636,0.11324015777688852,6,1,3,0
1786279134,R_100,621.25,5,-0.12999999999999545,0.11908913561790838,2,1,3,0
1786279142,R_100,621.13,3,-0.10000000000002274,0.10667187487283883,5,1,3,0
1786279210,R_100,621.79,9,-0.12999999999999545,0.136010620500325,5,1,3,0
1786279216,R_100,621.79,9,-0.11000000000001364,0.12997435644516664,1,1,3,0
1786279226,R_100,621.56,6,-0.2800000000000864,0.12972192481528816,5,1,3,0
1786279228,R_100,621.45,5,-0.10999999999989996,0.13064370546559806,4,1,3,0
1786279230,R_100,621.24,4,-0.21000000000003638,0.13850391089546527,8,1,3,0
1786279248,R_100,621.1,0,-0.12000000000000455,0.1443183210052582,7,1,3,0
1786279250,R_100,620.97,7,-0.12999999999999545,0.13548677672254253,0,1,3,0
1786279272,R_100,621.47,7,-0.22000000000002728,0.12499333315554385,5,1,3,0
1786279314,R_100,621.32,2,-0.13999999999998636,0.14353087163082948,0,1,3,0
1786279322,R_100,621.47,7,-0.18999999999994088,0.12884098726724216,5,1,3,0
1786279422,R_100,620.6,0,-0.10000000000002274,0.14049120178069174,8,1,3,0
1786279448,R_100,621.08,8,-0.12000000000000455,0.12254704312133856,9,1,3,0
1786279452,R_100,620.92,2,-0.17000000000007276,0.13591255358586596,2,1,3,0
1786279460,R_100,620.86,6,-0.15999999999996817,0.12859929151353397,0,1,3,0
1786279546,R_100,621.24,4,-0.12999999999999545,0.12181953866271479,1,1,3,0
1786279552,R_100,621.14,4,-0.11000000000001364,0.1268244631151295,9,1,3,0
1786279556,R_100,621.0,0,-0.19000000000005457,0.13368703086770284,8,1,3,0
1786279656,R_100,622.19,9,-0.12999999999999545,0.13459816739713845,9,1,3,0
1786279658,R_100,622.09,9,-0.10000000000002274,0.1377437233899762,8,1,3,0
1786279662,R_100,621.78,8,-0.10000000000002274,0.13508844839175635,0,1,3,0
1786279664,R_100,621.6,0,-0.17999999999994998,0.12971764207951508,6,1,3,0
1786279666,R_100,621.46,6,-0.13999999999998636,0.1319132711713015,4,1,3,0
1786279706,R_100,621.69,9,-0.2099999999999227,0.1356015404697925,1,1,3,0
1786279712,R_100,621.58,8,-0.17999999999994998,0.12429802894655256,9,1,3,0
1786279716,R_100,621.43,3,-0.16000000000008185,0.11692352676475767,5,1,3,0
1786279728,R_100,621.44,4,-0.2599999999999909,0.14118939211017595,7,1,3,0
1786279752,R_100,621.08,8,-0.2099999999999227,0.09206881484336815,7,1,3,0
1786279756,R_100,621.17,7,-0.10000000000002274,0.11005554153342109,3,1,3,1
1786279762,R_100,620.99,9,-0.12000000000000455,0.10435516278552728,5,1,3,0
1786279768,R_100,620.87,7,-0.20000000000004547,0.13342080464119857,6,1,3,0
1786279776,R_100,620.76,6,-0.10000000000002274,0.144871590651084,4,1,3,0
1786279788,R_100,620.4,0,-0.12999999999999545,0.1349114936212293,6,1,3,0
1786279794,R_100,620.24,4,-0.11000000000001364,0.07743097284393308,3,1,3,1
1786279796,R_100,620.03,3,-0.21000000000003638,0.09019115502336002,6,1,3,0
1786279800,R_100,619.8,0,-0.16000000000008185,0.07486283753938851,7,1,3,0
1786279802,R_100,619.67,7,-0.12999999999999545,0.0714065045279022,5,1,3,0
1786279804,R_100,619.45,5,-0.2199999999999136,0.0710320741324312,8,1,3,0
1786279932,R_100,619.34,4,-0.14999999999997726,0.10954451150103531,2,1,3,0
1786279940,R_100,619.46,6,-0.12999999999999545,0.1087351522430977,5,1,3,0
1786279962,R_100,618.46,6,-0.18999999999994088,0.1346146764328057,1,1,3,0
1786279966,R_100,618.29,9,-0.12000000000000455,0.1061916506447812,6,1,3,0
1786279970,R_100,618.32,2,-0.13999999999998636,0.11694728157022799,8,1,3,0
1786280004,R_100,618.72,2,-0.13999999999998636,0.10220350070104087,3,1,3,1
1786280010,R_100,618.62,2,-0.15999999999996817,0.10850499220462283,5,1,3,0
1786280016,R_100,618.19,9,-0.2799999999999727,0.1198563955554724,8,1,3,0
1786280056,R_100,618.19,9,-0.10999999999989996,0.14066903631495617,8,1,3,0
1786280066,R_100,618.03,3,-0.2799999999999727,0.10754327294421645,6,1,3,0
1786280090,R_100,618.78,8,-0.13999999999998636,0.12818822965553622,5,1,3,0
1786280102,R_100,618.98,8,-0.11000000000001364,0.11491059326467919,2,1,3,0
1786280124,R_100,619.17,7,-0.12000000000000455,0.0957136934357564,7,1,3,0
1786280126,R_100,618.97,7,-0.1999999999999318,0.11362707032706472,5,1,3,0
1786280128,R_100,618.85,5,-0.12000000000000455,0.11548929724341306,0,1,3,0
1786280130,R_100,618.7,0,-0.14999999999997726,0.1210188231456362,0,1,3,0
1786280156,R_100,618.83,3,-0.15999999999996817,0.08982080926920756,0,1,3,0
1786280168,R_100,618.94,4,-0.15999999999996817,0.09055385138135215,8,1,3,0
1786280178,R_100,619.03,3,-0.14999999999997726,0.10263744172786025,5,1,3,0
1786280234,R_100,619.83,3,-0.12999999999999545,0.14224001624798305,2,1,3,0
1786280244,R_100,619.49,9,-0.17999999999994998,0.1340149245420235,8,1,3,0
1786280252,R_100,619.4,0,-0.10000000000002274,0.10956479564369873,7,1,3,0
1786280254,R_100,619.27,7,-0.12999999999999545,0.10956479564369873,3,1,3,1
1786280266,R_100,619.38,8,-0.19000000000005457,0.12418624006799858,7,1,3,0
1786280268,R_100,619.27,7,-0.11000000000001364,0.11998148005237985,5,1,3,0
1786280332,R_100,618.91,1,-0.12999999999999545,0.1452048361606748,3,1,3,1
1786280334,R_100,618.63,3,-0.2799999999999727,0.13688600285557267,1,1,3,0
1786280336,R_100,618.51,1,-0.12000000000000455,0.13386975428045048,7,1,3,0
1786280350,R_100,618.53,3,-0.18000000000006366,0.1340356503157211,9,1,3,0
1786280440,R_100,619.51,1,-0.2400000000000091,0.13908031252962388,4,1,3,0
1786280462,R_100,619.51,1,-0.11000000000001364,0.12815355372885778,0,1,3,0
1786280464,R_100,619.4,0,-0.11000000000001364,0.12644278460149502,6,1,3,0
1786280470,R_100,619.57,7,-0.12000000000000455,0.12101882314565184,4,1,3,0
1786280484,R_100,619.92,2,-0.20000000000004547,0.14045956318062855,7,1,3,0
1786280496,R_100,620.49,9,-0.12999999999999545,0.14371654200003528,1,1,3,0
1786280542,R_100,619.48,8,-0.31999999999993634,0.14203286004770604,7,1,3,0
1786280544,R_100,619.37,7,-0.11000000000001364,0.143701078631991,0,1,3,0
1786280558,R_100,618.59,9,-0.36000000000001364,0.13646733430872648,0,1,3,0
1786280566,R_100,618.26,6,-0.16999999999995907,0.12527303514057783,9,1,3,0
1786280580,R_100,617.9,0,-0.13999999999998636,0.12220201853213092,6,1,3,0
1786280602,R_100,618.31,1,-0.19000000000005457,0.11325978005355258,1,1,3,0
1786280606,R_100,618.08,8,-0.2299999999999045,0.13971796989331203,4,1,3,0
1786280612,R_100,618.05,5,-0.12000000000000455,0.12755826555384564,2,1,3,0
1786280614,R_100,617.92,2,-0.12999999999999545,0.11187790964557173,6,1,3,0
1786280616,R_100,617.76,6,-0.15999999999996817,0.11286668635556256,1,1,3,0
1786280622,R_100,617.74,4,-0.11000000000001364,0.11353413583584851,3,1,3,1
1786280628,R_100,617.54,4,-0.2900000000000773,0.12918548250051845,5,1,3,0
1786280650,R_100,618.52,2,-0.11000000000001364,0.10924488292110382,9,1,3,0
1786280652,R_100,618.29,9,-0.2300000000000182,0.14216187955989737,5,1,3,0
1786280664,R_100,617.44,4,-0.2899999999999636,0.10254538290705396,1,1,3,0
1786280666,R_100,617.31,1,-0.13000000000010914,0.0907989231458353,6,1,3,0
1786280668,R_100,616.96,6,-0.34999999999990905,0.10924488292107727,7,1,3,0
1786280670,R_100,616.77,7,-0.19000000000005457,0.10752260744190965,1,1,3,0
1786280676,R_100,616.62,2,-0.2300000000000182,0.14337596265295946,3,1,3,1
1786280678,R_100,616.43,3,-0.19000000000005457,0.14024185458618946,7,1,3,0
1786280684,R_100,616.13,3,-0.21000000000003638,0.13527338573750614,9,1,3,0
1786280748,R_100,616.51,1,-0.12999999999999545,0.13449907062876318,8,1,3,0
1786280756,R_100,616.36,6,-0.13999999999998636,0.11575836902791527,2,1,3,0
1786280762,R_100,615.95,5,-0.37000000000000455,0.1295676571439729,8,1,3,0
1786280770,R_100,615.88,8,-0.11000000000001364,0.12613925285615335,5,1,3,0
1786280820,R_100,616.94,4,-0.12999999999999545,0.13769531582445318,5,1,3,0
1786280828,R_100,616.92,2,-0.12000000000000455,0.12443650768340273,9,1,3,0
1786280834,R_100,616.79,9,-0.20000000000004547,0.131470317731584,2,1,3,0
1786280836,R_100,616.62,2,-0.16999999999995907,0.12677188612270543,0,1,3,0
1786280838,R_100,616.4,0,-0.22000000000002728,0.11489608831945035,8,1,3,0
1786280840,R_100,616.28,8,-0.12000000000000455,0.11432896007185174,3,1,3,1
1786280888,R_100,616.78,8,-0.14999999999997726,0.1248154192753747,6,1,3,0
1786280890,R_100,616.66,6,-0.12000000000000455,0.12380989010934387,1,1,3,0
1786280936,R_100,617.11,1,-0.10000000000002274,0.14096886969194136,2,1,3,0
1786280944,R_100,616.96,6,-0.12999999999999545,0.12037441588643431,4,1,3,0
1786280948,R_100,616.7,0,-0.2400000000000091,0.1363043979073705,2,1,3,0
1786280980,R_100,616.79,9,-0.10000000000002274,0.11474125481081154,5,1,3,0
1786280984,R_100,616.58,8,-0.16999999999995907,0.07460265112953426,9,1,3,0
1786280994,R_100,616.53,3,-0.17000000000007276,0.10778579580714749,8,1,3,0
1786281000,R_100,616.28,8,-0.3000000000000682,0.1309325526114106,9,1,3,0
1786281002,R_100,616.09,9,-0.18999999999994088,0.1379371837709881,9,1,3,0
1786281010,R_100,615.9,0,-0.12999999999999545,0.115282262295666,6,1,3,0
1786281020,R_100,615.71,1,-0.12999999999999545,0.13856807392436649,8,1,3,0
1786281022,R_100,615.58,8,-0.12999999999999545,0.13337082806137562,5,1,3,0
1786281024,R_100,615.35,5,-0.2300000000000182,0.14307729068972144,2,1,3,0
1786281038,R_100,614.87,7,-0.13999999999998636,0.13880842113422126,3,1,3,1
1786281076,R_100,614.49,9,-0.12999999999999545,0.13434615323443883,1,1,3,0
1786281084,R_100,614.46,6,-0.11000000000001364,0.14464131882389542,6,1,3,0
1786281100,R_100,614.53,3,-0.14999999999997726,0.13283657461539625,1,1,3,0
1786281106,R_100,614.46,6,-0.12000000000000455,0.12534397117974047,9,1,3,0
1786281126,R_100,615.1,0,-0.13999999999998636,0.10679159351018788,7,1,3,0
1786281130,R_100,614.85,5,-0.22000000000002728,0.12366621742955625,4,1,3,0
1786281156,R_100,614.66,6,-0.17000000000007276,0.11392492654765117,1,1,3,0
1786281204,R_100,616.16,6,-0.12999999999999545,0.11778039829371059,3,1,3,1
1786281260,R_100,616.65,5,-0.11000000000001364,0.12400716825158606,0,1,3,0
1786281268,R_100,616.35,5,-0.12000000000000455,0.11735984548956364,4,1,3,0
1786281270,R_100,615.94,4,-0.40999999999996817,0.13431306712303837,6,1,3,0
1786281302,R_100,615.97,7,-0.10000000000002274,0.1439753065247494,8,1,3,0
1786281310,R_100,616.27,7,-0.10000000000002274,0.12849556844932816,7,1,3,0
1786281476,R_100,617.94,4,-0.10999999999989996,0.14351151715298707,1,1,3,0
1786281478,R_100,617.81,1,-0.13000000000010914,0.14461058820923942,2,1,3,0
1786281490,R_100,617.13,3,-0.16999999999995907,0.08733078876699066,1,1,3,0
1786281492,R_100,617.01,1,-0.12000000000000455,0.08315981935738563,7,1,3,0
1786281494,R_100,616.87,7,-0.13999999999998636,0.07913420387050588,1,1,3,0
1786281552,R_100,617.01,1,-0.15999999999996817,0.12844800071968063,1,1,3,0
1786281588,R_100,616.73,3,-0.11000000000001364,0.10795575225266604,1,1,3,0
1786281590,R_100,616.61,1,-0.12000000000000455,0.1154508072249115,6,1,3,0
1786281602,R_100,616.62,2,-0.21000000000003638,0.12554326390179552,2,1,3,0
1786281606,R_100,616.57,7,-0.14999999999997726,0.11870130580581646,3,1,3,1
1786281610,R_100,616.39,9,-0.2400000000000091,0.13497324837827232,7,1,3,0
1786281614,R_100,616.16,6,-0.21000000000003638,0.13418064109418482,7,1,3,0
1786281644,R_100,615.93,3,-0.35000000000002274,0.11946640624972865,8,1,3,0
1786281664,R_100,616.25,5,-0.17999999999994998,0.11621818561078973,1,1,3,0
1786281676,R_100,616.05,5,-0.2300000000000182,0.09486832980503496,7,1,3,0
1786281678,R_100,615.87,7,-0.17999999999994998,0.10319345371138763,7,1,3,0
1786281766,R_100,616.62,2,-0.17999999999994998,0.11025727489224553,6,1,3,0
1786281790,R_100,616.54,4,-0.12000000000000455,0.1263548794291169,2,1,3,0
1786281806,R_100,616.94,4,-0.2099999999999227,0.1315885844423727,2,1,3,0
1786281816,R_100,617.03,3,-0.22000000000002728,0.13725887949417226,9,1,3,0
1786281904,R_100,617.54,4,-0.2300000000000182,0.1435115171529912,4,1,3,0
1786281908,R_100,617.52,2,-0.12000000000000455,0.13175735273600309,4,1,3,0
1786281924,R_100,617.81,1,-0.2800000000000864,0.13703608608281662,2,1,3,0
1786282000,R_100,617.76,6,-0.2300000000000182,0.10895972752454457,7,1,3,0
1786282034,R_100,617.74,4,-0.14999999999997726,0.1110755498648389,8,1,3,0
1786282036,R_100,617.58,8,-0.15999999999996817,0.0961249187255855,2,1,3,0
1786282072,R_100,617.77,7,-0.12000000000000455,0.0888506862350825,5,1,3,0
1786282078,R_100,618.04,4,-0.10000000000002274,0.13108097582113876,7,1,3,0
1786282136,R_100,619.08,8,-0.12000000000000455,0.14494826663330654,8,1,3,0
1786282212,R_100,618.68,8,-0.2900000000000773,0.11432896007186469,6,1,3,0
1786282248,R_100,618.27,7,-0.12000000000000455,0.13101738646283137,4,1,3,0
1786282396,R_100,620.44,4,-0.25,0.14522396496444584,2,1,3,0
1786282492,R_100,621.44,4,-0.17999999999994998,0.14447221955176875,7,1,3,0
1786282500,R_100,621.29,9,-0.10000000000002274,0.13542115377178593,2,1,3,0
1786282522,R_100,621.86,6,-0.22000000000002728,0.1408860847950847,9,1,3,0
1786282538,R_100,622.12,2,-0.12000000000000455,0.11438725647749087,4,1,3,0
1786282592,R_100,622.29,9,-0.17000000000007276,0.1362024636749187,2,1,3,0
1786282596,R_100,622.18,8,-0.14000000000010004,0.13004700005086722,4,1,3,0
1786282598,R_100,622.04,4,-0.13999999999998636,0.14022204613479977,8,1,3,0
1786282608,R_100,622.0,0,-0.14999999999997726,0.1223337874651332,7,1,3,0
1786282610,R_100,621.87,7,-0.12999999999999545,0.10343543343020428,8,1,3,0
1786282614,R_100,621.83,3,-0.14999999999997726,0.11149987543591298,2,1,3,0
1786282616,R_100,621.72,2,-0.11000000000001364,0.10915839663331241,0,1,3,0
1786282624,R_100,621.55,5,-0.2599999999999909,0.1283614687772893,9,1,3,0
1786282664,R_100,621.98,8,-0.11000000000001364,0.11027239001672227,5,1,3,0
1786282670,R_100,621.9,0,-0.12000000000000455,0.08812238963824488,1,1,3,0
1786282676,R_100,621.82,2,-0.16999999999995907,0.10276186062931157,3,1,3,1
1786282694,R_100,621.9,0,-0.17000000000007276,0.12169634341258324,4,1,3,0
1786282696,R_100,621.64,4,-0.2599999999999909,0.13725887949416693,6,1,3,0
1786282706,R_100,621.8,0,-0.10000000000002274,0.13558105406811427,0,1,3,0
1786282740,R_100,621.07,7,-0.18999999999994088,0.08478076301717644,4,1,3,0
1786282742,R_100,620.84,4,-0.2300000000000182,0.09593979593704503,8,1,3,0
1786282804,R_100,619.83,3,-0.25,0.1242577965360788,1,1,3,0
1786282824,R_100,620.01,1,-0.10000000000002274,0.14045956318059719,1,1,3,0
1786282838,R_100,620.47,7,-0.12999999999999545,0.13711309200803354,8,1,3,0
1786282854,R_100,620.41,1,-0.12999999999999545,0.12538385506562047,9,1,3,0
1786282860,R_100,620.68,8,-0.14000000000010004,0.14181364924125353,6,1,3,0
1786282890,R_100,620.26,6,-0.2899999999999636,0.13013241119890867,5,1,3,0
1786282896,R_100,620.25,5,-0.13999999999998636,0.13920408678547147,8,1,3,0
1786282904,R_100,620.04,4,-0.12999999999999545,0.11888836967694702,1,1,3,0
1786282912,R_100,619.98,8,-0.12000000000000455,0.09165757530674291,3,1,3,1
1786282922,R_100,620.06,6,-0.21000000000003638,0.13312066372700693,6,1,3,0
1786282926,R_100,619.88,8,-0.17999999999994998,0.1388884444437553,6,1,3,0
1786282936,R_100,619.99,9,-0.2300000000000182,0.1397179698933167,6,1,3,0
1786282938,R_100,619.86,6,-0.12999999999999545,0.14236494574780909,9,1,3,0
1786283000,R_100,620.45,5,-0.10999999999989996,0.14063743772154136,4,1,3,0
1786283002,R_100,620.34,4,-0.11000000000001364,0.10923979738780967,5,1,3,0
1786283058,R_100,620.6,0,-0.12000000000000455,0.12434718421512096,4,1,3,0
1786283062,R_100,620.62,2,-0.12000000000000455,0.10679679562403156,0,1,3,0
1786283070,R_100,620.28,8,-0.2900000000000773,0.12372011423642658,3,1,3,1
1786283140,R_100,621.0,0,-0.15999999999996817,0.08829244336609664,6,1,3,0
1786283146,R_100,620.47,7,-0.13999999999998636,0.1364469778990289,3,1,3,1
1786283152,R_100,620.47,7,-0.14999999999997726,0.13816656614391254,8,1,3,0
1786283160,R_100,620.03,3,-0.2799999999999727,0.14189589297947533,0,1,3,0
1786283162,R_100,619.9,0,-0.12999999999999545,0.11491059326468075,9,1,3,0
1786283164,R_100,619.79,9,-0.11000000000001364,0.11496859474558262,2,1,3,0
1786283168,R_100,619.74,4,-0.17999999999994998,0.11110055505410482,2,1,3,0
1786283174,R_100,619.52,2,-0.11000000000001364,0.10864826019979235,4,1,3,0
1786283184,R_100,619.72,2,-0.11000000000001364,0.13216572088772138,2,1,3,0
1786283190,R_100,619.83,3,-0.11000000000001364,0.1330371710796722,0,1,3,0
1786283206,R_100,619.1,0,-0.1999999999999318,0.13878840809744766,5,1,3,0
1786283244,R_100,619.09,9,-0.13999999999998636,0.13253511065204962,2,1,3,0
1786283308,R_100,618.74,4,-0.10000000000002274,0.10033277962194766,3,1,3,1
1786283310,R_100,618.53,3,-0.21000000000003638,0.11558546621440703,1,1,3,0
1786283338,R_100,619.46,6,-0.12000000000000455,0.11557104597031366,2,1,3,0
1786283340,R_100,619.32,2,-0.13999999999998636,0.11673331429661425,3,1,3,1
1786283346,R_100,619.36,6,-0.21000000000003638,0.1438517755654693,4,1,3,0
1786283364,R_100,617.97,7,-0.11000000000001364,0.10984838035523294,1,1,3,0
1786283368,R_100,617.48,8,-0.42999999999995,0.13467656729280147,4,1,3,0
1786283432,R_100,617.69,9,-0.13999999999998636,0.1329828727485124,5,1,3,0
1786283446,R_100,617.85,5,-0.10000000000002274,0.11393955512557792,7,1,3,0
1786283450,R_100,617.62,2,-0.25,0.1221520000290906,9,1,3,0
1786283452,R_100,617.49,9,-0.12999999999999545,0.12110601416388356,1,1,3,0
1786283454,R_100,617.31,1,-0.18000000000006366,0.127121988656562,6,1,3,0
1786283478,R_100,617.21,1,-0.15999999999996817,0.13021776632498633,3,1,3,1
1786283506,R_100,617.01,1,-0.10000000000002274,0.1078115640056182,1,1,3,0
1786283510,R_100,616.8,0,-0.21000000000003638,0.11580155439373813,3,1,3,1
1786283516,R_100,616.45,5,-0.2299999999999045,0.11985639555548369,6,1,3,0
1786283518,R_100,616.16,6,-0.2900000000000773,0.14220486005134605,9,1,3,0
1786283524,R_100,615.99,9,-0.2300000000000182,0.1281318765092402,2,1,3,0
1786283564,R_100,615.88,8,-0.14999999999997726,0.10297788327814877,4,1,3,0
1786283572,R_100,615.68,8,-0.21000000000003638,0.11883228143527946,6,1,3,0
1786283574,R_100,615.46,6,-0.2199999999999136,0.13736002976767087,1,1,3,0
1786283578,R_100,615.48,8,-0.12999999999999545,0.13672762867993396,8,1,3,0
1786283594,R_100,615.57,7,-0.12999999999999545,0.1244945335703005,3,1,3,1
1786283596,R_100,615.43,3,-0.14000000000010004,0.12227473619318338,3,1,3,1
1786283630,R_100,616.18,8,-0.12999999999999545,0.1329201932656473,0,1,3,0
1786283636,R_100,615.97,7,-0.2099999999999227,0.13226236552144258,3,1,3,1
1786283638,R_100,615.83,3,-0.13999999999998636,0.13888844444370826,6,1,3,0
1786283642,R_100,615.72,2,-0.13999999999998636,0.13125462954794384,1,1,3,0
1786283644,R_100,615.61,1,-0.11000000000001364,0.13157169570656976,2,1,3,0
1786283650,R_100,615.55,5,-0.12999999999999545,0.10000555540120264,5,1,3,0
1786283656,R_100,615.72,2,-0.12000000000000455,0.11974509964457687,3,1,3,1
1786283658,R_100,615.53,3,-0.19000000000005457,0.12596295751795328,9,1,3,0
1786283724,R_100,616.39,9,-0.11000000000001364,0.13856406460550968,1,1,3,0
1786283784,R_100,617.17,7,-0.13999999999998636,0.11421714212653947,1,1,3,0
1786283806,R_100,617.35,5,-0.18999999999994088,0.1270345534796725,4,1,3,0
1786283808,R_100,617.24,4,-0.11000000000001364,0.12598059815349671,5,1,3,0
1786283848,R_100,618.31,1,-0.13000000000010914,0.11920570456150038,9,1,3,0
1786283954,R_100,619.27,7,-0.14999999999997726,0.12764534199625308,4,1,3,0
1786283966,R_100,618.52,2,-0.12000000000000455,0.14085453489327188,0,1,3,0
1786283970,R_100,618.49,9,-0.11000000000001364,0.1358144158606057,1,1,3,0
1786283974,R_100,618.5,0,-0.11000000000001364,0.13182901383568568,8,1,3,0
1786283978,R_100,618.46,6,-0.12000000000000455,0.1142171421265371,8,1,3,0
1786283994,R_100,618.38,8,-0.2799999999999727,0.1293402060029476,5,1,3,0
1786283996,R_100,618.25,5,-0.12999999999999545,0.12979042936807966,0,1,3,0
1786284036,R_100,618.22,2,-0.15999999999996817,0.1429996114990795,1,1,3,0
1786284038,R_100,618.11,1,-0.11000000000001364,0.13838753958036426,0,1,3,0
1786284040,R_100,618.0,0,-0.11000000000001364,0.12737084962159803,6,1,3,0
1786284062,R_100,618.84,4,-0.17999999999994998,0.1387884080974161,0,1,3,0
1786284120,R_100,618.07,7,-0.15999999999996817,0.11908913561790488,8,1,3,0
1786284124,R_100,617.78,8,-0.20000000000004547,0.1302518927139061,0,1,3,0
1786284128,R_100,617.61,1,-0.18999999999994088,0.0944927980794604,2,1,3,0
1786284156,R_100,617.95,5,-0.12000000000000455,0.13218253372597613,2,1,3,0
1786284160,R_100,617.79,9,-0.12999999999999545,0.11462014560180074,6,1,3,0
1786284186,R_100,618.6,0,-0.12000000000000455,0.11128042655082383,8,1,3,0
1786284198,R_100,618.59,9,-0.11000000000001364,0.09106774035484662,2,1,3,0
1786284200,R_100,618.42,2,-0.17000000000007276,0.10681760154584659,3,1,3,1
1786284206,R_100,618.36,6,-0.21000000000003638,0.11692352676480428,0,1,3,0
1786284216,R_100,618.23,3,-0.18999999999994088,0.12552556180582267,3,1,3,1
1786284218,R_100,618.03,3,-0.20000000000004547,0.13351654079801745,1,1,3,0
1786284222,R_100,617.78,8,-0.2300000000000182,0.12817089286487127,8,1,3,0
1786284224,R_100,617.48,8,-0.2999999999999545,0.13892044086053348,3,1,3,1
1786284226,R_100,617.33,3,-0.14999999999997726,0.1353226596775915,4,1,3,0
1786284230,R_100,617.22,2,-0.22000000000002728,0.12440525176480682,2,1,3,0
1786284236,R_100,617.07,7,-0.16999999999995907,0.133765964779285,5,1,3,0
1786284244,R_100,617.17,7,-0.19000000000005457,0.13876038499673984,3,1,3,1
1786284254,R_100,617.08,8,-0.15999999999996817,0.1233963802818638,4,1,3,0
1786284334,R_100,619.35,5,-0.13999999999998636,0.11612254063892723,1,1,3,0
1786284338,R_100,619.18,8,-0.12999999999999545,0.1255034306746625,0,1,3,0
1786284340,R_100,619.0,0,-0.17999999999994998,0.14212670403550684,4,1,3,0
1786284362,R_100,618.6,0,-0.34000000000003183,0.12185601704015547,9,1,3,0
1786284386,R_100,619.18,8,-0.17000000000007276,0.1444722195517949,1,1,3,0
1786284426,R_100,618.14,4,-0.11000000000001364,0.08192815280610904,3,1,3,1
1786284428,R_100,617.93,3,-0.21000000000003638,0.0988601706114918,5,1,3,0
1786284430,R_100,617.55,5,-0.37999999999999545,0.14267679091802513,8,1,3,0
1786284452,R_100,617.65,5,-0.10000000000002274,0.1323337531479191,2,1,3,0
1786284454,R_100,617.52,2,-0.12999999999999545,0.13199326582145965,1,1,3,0
1786284458,R_100,617.37,7,-0.13999999999998636,0.10530906893519118,1,1,3,0
1786284472,R_100,616.45,5,-0.10999999999989996,0.14165686240584574,7,1,3,0
1786284480,R_100,616.41,1,-0.25,0.12927146286442548,6,1,3,0
1786284482,R_100,616.26,6,-0.14999999999997726,0.1330830985178358,3,1,3,1
1786284486,R_100,616.11,1,-0.12000000000000455,0.12296792716439234,9,1,3,0
1786284492,R_100,616.02,2,-0.2300000000000182,0.14189589297947958,1,1,3,0
1786284494,R_100,615.81,1,-0.21000000000003638,0.13809819372863302,6,1,3,0
1786284500,R_100,615.84,4,-0.11000000000001364,0.12247902314729245,7,1,3,0
1786284544,R_100,616.09,9,-0.14999999999997726,0.1304692386051958,2,1,3,0
1786284582,R_100,615.89,9,-0.2599999999999909,0.11766713880923405,0,1,3,0
1786284620,R_100,614.84,4,-0.11000000000001364,0.12130768959780391,0,1,3,0
1786284624,R_100,614.56,6,-0.2400000000000091,0.12858201014657689,9,1,3,0
1786284626,R_100,614.29,9,-0.2699999999999818,0.1318079410860119,7,1,3,0
1786284650,R_100,614.62,2,-0.18999999999994088,0.1097269337947543,9,1,3,0
1786284652,R_100,614.49,9,-0.12999999999999545,0.1044615825182608,5,1,3,0
1786284694,R_100,615.69,9,-0.16999999999995907,0.1053512642965757,1,1,3,0
1786284702,R_100,615.83,3,-0.11000000000001364,0.10580905233274536,1,1,3,0
1786284800,R_100,613.32,2,-0.2099999999999227,0.12402508706799704,7,1,3,0
1786284826,R_100,613.27,7,-0.25,0.10928555866779845,1,1,3,0
1786284828,R_100,613.11,1,-0.15999999999996817,0.10624918300339227,4,1,3,0
1786284834,R_100,612.82,2,-0.2399999999998954,0.11568155523771673,0,1,3,0
1786284838,R_100,612.66,6,-0.13999999999998636,0.115969344608318,2,1,3,0
1786284842,R_100,612.47,7,-0.25,0.12454361128177152,8,1,3,0
1786284846,R_100,612.36,6,-0.12000000000000455,0.10867382389515487,8,1,3,0
1786284850,R_100,612.18,8,-0.10000000000002274,0.10595596569642729,6,1,3,0
1786284856,R_100,612.05,5,-0.10000000000002274,0.08872554436138397,4,1,3,0
1786284858,R_100,611.94,4,-0.10999999999989996,0.08676917015213376,7,1,3,0
1786284872,R_100,612.31,1,-0.12000000000000455,0.13108521401488396,8,1,3,0
1786284880,R_100,612.61,1,-0.14999999999997726,0.14315492772981453,0,1,3,0
1786285002,R_100,614.27,7,-0.14999999999997726,0.11804424782447183,4,1,3,0
1786285088,R_100,616.2,0,-0.12000000000000455,0.1417705501466371,8,1,3,0
1786285092,R_100,616.05,5,-0.12999999999999545,0.13259797216480249,2,1,3,0
1786285102,R_100,616.31,1,-0.19000000000005457,0.1407282645542492,1,1,3,0
1786285124,R_100,616.29,9,-0.35000000000002274,0.1420328600477202,8,1,3,0
1786285144,R_100,616.01,1,-0.12999999999999545,0.14358891941153834,4,1,3,0
1786285166,R_100,617.17,7,-0.11000000000001364,0.13840761058074547,7,1,3,0
1786285192,R_100,617.02,2,-0.15999999999996817,0.12816655830078114,6,1,3,0
1786285228,R_100,617.94,4,-0.25,0.12290918056298683,5,1,3,0
1786285272,R_100,618.32,2,-0.2199999999999136,0.11506519890912155,5,1,3,0
1786285274,R_100,618.15,5,-0.17000000000007276,0.11123548594460123,1,1,3,0
1786285276,R_100,617.91,1,-0.2400000000000091,0.12677188612271068,2,1,3,0
1786285296,R_100,617.63,3,-0.2899999999999636,0.10325803708293932,1,1,3,0
1786285322,R_100,616.33,3,-0.15999999999996817,0.1449291014407898,4,1,3,0
1786285328,R_100,615.93,3,-0.14000000000010004,0.11247221879198502,2,1,3,0
1786285340,R_100,615.83,3,-0.15999999999996817,0.13688600285557745,8,1,3,0
1786285412,R_100,615.67,7,-0.12999999999999545,0.12392201849011857,8,1,3,0
1786285462,R_100,616.22,2,-0.22000000000002728,0.12782366325878702,3,1,3,1
1786285494,R_100,616.16,6,-0.16000000000008185,0.12903057346572072,0,1,3,0
1786285566,R_100,616.95,5,-0.13999999999998636,0.13408537910188034,5,1,3,0
1786285696,R_100,616.83,3,-0.14999999999997726,0.14298407059682278,7,1,3,0
1786285780,R_100,618.35,5,-0.18999999999994088,0.12310790208412423,4,1,3,0
1786285782,R_100,618.14,4,-0.21000000000003638,0.11384687571958974,5,1,3,0
1786285798,R_100,618.18,8,-0.18000000000006366,0.13368287516026248,6,1,3,0
1786285802,R_100,618.0,0,-0.15999999999996817,0.11432896007186466,2,1,3,0
1786285806,R_100,617.77,7,-0.25,0.1371333495381718,7,1,3,0
1786285814,R_100,617.59,9,-0.12999999999999545,0.14009520572333536,8,1,3,0
1786285872,R_100,618.26,6,-0.2300000000000182,0.13401492454204122,8,1,3,0
1786285896,R_100,617.21,1,-0.15999999999996817,0.12238827104298529,9,1,3,0
1786285898,R_100,617.09,9,-0.12000000000000455,0.12218383235474026,0,1,3,0
1786285976,R_100,619.22,2,-0.25,0.1406492880259934,6,1,3,0
1786285988,R_100,618.8,0,-0.12999999999999545,0.13433374689764904,8,1,3,0
1786286004,R_100,618.66,6,-0.18000000000006366,0.11431438132529105,5,1,3,0
1786286028,R_100,619.26,6,-0.15999999999996817,0.13209844813623467,6,1,3,0
1786286068,R_100,619.12,2,-0.12000000000000455,0.10002221975365244,9,1,3,0
1786286098,R_100,619.54,4,-0.15000000000009095,0.05296749527357569,4,1,3,0
1786286102,R_100,619.52,2,-0.12999999999999545,0.07612854625931552,2,1,3,0
1786286108,R_100,619.48,8,-0.16999999999995907,0.09453982112197552,8,1,3,0
1786286136,R_100,620.53,3,-0.10000000000002274,0.06573515886580251,0,1,3,0
1786286138,R_100,620.4,0,-0.12999999999999545,0.0809938269252719,8,1,3,0
1786286142,R_100,620.24,4,-0.2400000000000091,0.11242775458045746,8,1,3,0
1786286146,R_100,620.15,5,-0.12999999999999545,0.10293471501662987,5,1,3,0
1786286150,R_100,620.05,5,-0.19000000000005457,0.11545080722494748,5,1,3,0
1786286152,R_100,619.91,1,-0.13999999999998636,0.11656662377276135,1,1,3,0
1786286156,R_100,619.74,4,-0.17999999999994998,0.09397990328906776,4,1,3,0
1786286158,R_100,619.63,3,-0.11000000000001364,0.08372574275573531,3,1,3,1
1786286160,R_100,619.36,6,-0.2699999999999818,0.09971626413645172,6,1,3,0
1786286166,R_100,619.26,6,-0.2300000000000182,0.11988883740087292,6,1,3,0
1786286168,R_100,619.16,6,-0.10000000000002274,0.11935474668212927,6,1,3,0
1786286184,R_100,619.49,9,-0.20000000000004547,0.13291601358252822,9,1,3,0
1786286206,R_100,619.51,1,-0.18000000000006366,0.10306955580254902,1,1,3,0
1786286214,R_100,619.63,3,-0.2699999999999818,0.13409780841692162,3,1,3,1
1786286232,R_100,618.34,4,-0.1999999999999318,0.12247902314727246,4,1,3,0
1786286244,R_100,618.47,7,-0.2799999999999727,0.09823441352193676,7,1,3,0
1786286250,R_100,618.52,2,-0.21000000000003638,0.13625547899279383,2,1,3,0
1786286252,R_100,618.41,1,-0.11000000000001364,0.13729125568982786,1,1,3,0
1786286254,R_100,618.24,4,-0.16999999999995907,0.11851394667108439,4,1,3,0
1786286260,R_100,618.42,2,-0.17000000000007276,0.12211106056010353,2,1,3,0
1786286266,R_100,618.19,9,-0.11999999999989086,0.14491760110871157,9,1,3,0
1786286274,R_100,618.21,1,-0.16999999999995907,0.07902179727416114,1,1,3,0
1786286276,R_100,618.05,5,-0.16000000000008185,0.08591985930052326,5,1,3,0
1786286300,R_100,618.17,7,-0.2700000000000955,0.11005554153349713,7,1,3,0
1786286314,R_100,618.92,2,-0.12000000000000455,0.11692827811193061,2,1,3,0
1786286328,R_100,617.91,1,-0.18000000000006366,0.08113089560842378,1,1,3,0
1786286342,R_100,618.18,8,-0.14000000000010004,0.09882082551547378,8,1,3,0
1786286344,R_100,618.0,0,-0.17999999999994998,0.11360751148875635,0,1,3,0
1786286348,R_100,617.93,3,-0.19000000000005457,0.10102254973796253,3,1,3,1
1786286354,R_100,617.81,1,-0.19000000000005457,0.0997162641364889,1,1,3,0
1786286358,R_100,617.92,2,-0.13999999999998636,0.11770490407984911,2,1,3,0
1786286380,R_100,617.65,5,-0.36000000000001364,0.11877148928370336,5,1,3,0
1786286382,R_100,617.37,7,-0.2799999999999727,0.14080719678577258,7,1,3,0
1786286392,R_100,617.83,3,-0.12999999999999545,0.11730302638892139,3,1,3,1
1786286400,R_100,618.01,1,-0.10000000000002274,0.08449194570423382,1,1,3,0
1786286402,R_100,617.88,8,-0.12999999999999545,0.08449194570423382,8,1,3,0
1786286430,R_100,617.45,5,-0.17999999999994998,0.07086763875156223,5,1,3,0
1786286432,R_100,617.3,0,-0.15000000000009095,0.07930952023560399,0,1,3,0
1786286436,R_100,617.26,6,-0.12000000000000455,0.08205689083394971,6,1,3,0
1786286438,R_100,617.14,4,-0.12000000000000455,0.08569325138734532,4,1,3,0
1786286454,R_100,617.39,9,-0.12000000000000455,0.08143845665422843,4,1,3,0
1786286460,R_100,617.24,4,-0.14999999999997726,0.08249579113842498,4,1,3,0
1786286462,R_100,617.14,4,-0.10000000000002274,0.08644201653259688,2,1,3,0
1786286464,R_100,617.02,2,-0.12000000000000455,0.09109823757290188,5,1,3,0
1786286578,R_100,619.14,4,-0.16999999999995907,0.10038260141413174,3,1,3,1
1786286584,R_100,618.96,6,-0.2599999999999909,0.13047349667015132,8,1,3,0
1786286590,R_100,618.38,8,-0.12000000000000455,0.14015864027752348,5,1,3,0
1786286664,R_100,618.27,7,-0.10000000000002274,0.1259673679084613,1,1,3,0
1786286676,R_100,618.31,1,-0.20000000000004547,0.11458136361946672,5,1,3,0
1786286684,R_100,618.31,1,-0.2600000000001046,0.1379371837710047,0,1,3,0
1786286686,R_100,618.2,0,-0.10999999999989996,0.14169215456994802,8,1,3,0
1786286750,R_100,619.05,5,-0.14000000000010004,0.0798957654280511,9,1,3,0
1786286758,R_100,619.36,6,-0.15999999999996817,0.13295362600044572,5,1,3,0
1786286828,R_100,620.1,0,-0.13999999999998636,0.09919677414110424,0,1,3,0
1786286832,R_100,620.19,9,-0.10999999999989996,0.11823235127867766,7,1,3,0
1786286836,R_100,620.04,4,-0.12999999999999545,0.09603240193921957,7,1,3,0
1786286854,R_100,620.39,9,-0.13999999999998636,0.14351151715298843,0,1,3,0
1786286910,R_100,621.95,5,-0.15999999999996817,0.11419281938895885,2,1,3,0
1786286912,R_100,621.82,2,-0.12999999999999545,0.1299615327702749,8,1,3,0
1786286974,R_100,622.93,3,-0.15000000000009095,0.1386001443000577,0,1,3,0
1786287010,R_100,622.84,4,-0.16999999999995907,0.13892044086054278,7,1,3,0
1786287068,R_100,623.79,9,-0.10000000000002274,0.1325015723177294,5,1,3,0
1786287114,R_100,623.47,7,-0.15999999999996817,0.1429413244034799,6,1,3,0
1786287144,R_100,623.86,6,-0.1999999999999318,0.14351151715299018,5,1,3,0
1786287168,R_100,624.13,3,-0.10000000000002274,0.11963370019449741,4,1,3,0
1786287172,R_100,623.91,1,-0.2300000000000182,0.10731055658955063,1,1,3,0
1786287174,R_100,623.81,1,-0.10000000000002274,0.09821178929007345,9,1,3,0
1786287176,R_100,623.59,9,-0.2199999999999136,0.10254538290704888,7,1,3,0
1786287184,R_100,623.5,0,-0.22000000000002728,0.12178761111960312,4,1,3,0
1786287188,R_100,623.29,9,-0.25,0.1399364935326685,3,1,3,1
1786287246,R_100,622.34,4,-0.17999999999994998,0.1278062770150332,8,1,3,0
1786287252,R_100,622.02,2,-0.11000000000001364,0.1367235653913776,9,1,3,0
1786287300,R_100,621.86,6,-0.10000000000002274,0.12910374811670297,8,1,3,0
1786287304,R_100,621.85,5,-0.12999999999999545,0.130911335558777,8,1,3,0
1786287312,R_100,621.74,4,-0.18999999999994088,0.12703455347966233,0,1,3,0
1786287328,R_100,621.32,2,-0.17999999999994998,0.13888844444369747,2,1,3,0
1786287426,R_100,621.28,8,-0.12000000000000455,0.07480344614758934,7,1,3,0
1786287428,R_100,621.17,7,-0.11000000000001364,0.07978443178687997,5,1,3,0
1786287436,R_100,621.17,7,-0.13999999999998636,0.10648421896642278,2,1,3,0
1786287442,R_100,621.03,3,-0.21000000000003638,0.13123769783618514,7,1,3,0
1786287446,R_100,621.01,1,-0.15999999999996817,0.13976567691837205,1,1,3,0
1786287456,R_100,621.11,1,-0.12000000000000455,0.13977760113044807,5,1,3,0
1786287464,R_100,621.53,3,-0.10000000000002274,0.14041209191360715,5,1,3,0
1786287478,R_100,621.77,7,-0.17000000000007276,0.12372011423640991,1,1,3,0
1786287494,R_100,621.72,2,-0.1999999999999318,0.11421227799342096,6,1,3,0
1786287498,R_100,621.46,6,-0.1999999999999318,0.11009591777676632,5,1,3,0
1786287560,R_100,622.34,4,-0.10000000000002274,0.12668420931153618,7,1,3,0
1786287564,R_100,622.0,0,-0.2699999999999818,0.12834415538784147,6,1,3,0
1786287568,R_100,621.86,6,-0.10000000000002274,0.11558546621439159,5,1,3,0
1786287574,R_100,621.81,1,-0.2700000000000955,0.13641847382230263,4,1,3,0
1786287612,R_100,623.36,6,-0.10000000000002274,0.13736002976767883,4,1,3,0
1786287640,R_100,624.35,5,-0.15999999999996817,0.12991022541224317,3,1,3,1
1786287642,R_100,624.23,3,-0.12000000000000455,0.13727506854646945,8,1,3,0
1786287672,R_100,625.05,5,-0.22000000000002728,0.13682511140543097,3,1,3,1
1786287684,R_100,624.6,0,-0.13999999999998636,0.13819872969349167,0,1,3,0
1786287686,R_100,624.5,0,-0.10000000000002274,0.12973905434458688,7,1,3,0
1786287688,R_100,624.27,7,-0.2300000000000182,0.1343957671291371,3,1,3,1
1786287694,R_100,624.01,1,-0.2999999999999545,0.1262097020394586,0,1,3,0
1786287862,R_100,624.74,4,-0.20000000000004547,0.12807983621338032,0,1,3,0
1786287914,R_100,626.53,3,-0.16000000000008185,0.10336558636436044,0,1,3,0
1786287916,R_100,626.4,0,-0.12999999999999545,0.11730776236513352,0,1,3,0
1786287948,R_100,626.23,3,-0.16999999999995907,0.12877197762796264,8,1,3,0
1786287950,R_100,626.08,8,-0.14999999999997726,0.106609359605767,7,1,3,0
1786287952,R_100,625.97,7,-0.11000000000001364,0.0998943886756731,0,1,3,0
1786287956,R_100,625.67,7,-0.2300000000000182,0.09568466729605098,0,1,3,0
1786287964,R_100,625.77,7,-0.10000000000002274,0.12038826077874785,6,1,3,0
1786287974,R_100,625.77,7,-0.18000000000006366,0.1428324581848103,0,1,3,0
1786288008,R_100,626.41,1,-0.10000000000002274,0.12085344660190749,5,1,3,0
1786288012,R_100,626.29,9,-0.16000000000008185,0.12754519896015615,2,1,3,0
1786288028,R_100,626.09,9,-0.1999999999999318,0.10400854665737318,8,1,3,0
1786288044,R_100,626.55,5,-0.16000000000008185,0.13366625103842372,9,1,3,0
1786288052,R_100,626.44,4,-0.11999999999989086,0.10718623460541994,8,1,3,0
1786288054,R_100,626.28,8,-0.16000000000008185,0.1189771219838422,0,1,3,0
1786288064,R_100,626.33,3,-0.13999999999998636,0.09077444574327397,1,1,3,0
1786288156,R_100,626.33,3,-0.17999999999994998,0.14114216631152887,5,1,3,0
1786288248,R_100,624.19,9,-0.14999999999997726,0.11547486498995042,5,1,3,0
1786288250,R_100,623.95,5,-0.2400000000000091,0.12761051854940592,1,1,3,0
1786288280,R_100,623.23,3,-0.17999999999994998,0.12797569213633983,1,1,3,0
1786288284,R_100,622.95,5,-0.2599999999999909,0.1314703177315847,7,1,3,0
1786288318,R_100,622.97,7,-0.22000000000002728,0.1017677093515806,3,1,3,1
1786288326,R_100,623.06,6,-0.13000000000010914,0.10936178491596463,7,1,3,0
1786288344,R_100,623.76,6,-0.15999999999996817,0.14376292212450656,1,1,3,0
1786288350,R_100,623.73,3,-0.10000000000002274,0.12922418074370678,1,1,3,0
1786288396,R_100,622.94,4,-0.2699999999999818,0.14514743462345328,8,1,3,0
1786288406,R_100,622.96,6,-0.14999999999997726,0.1398769300333359,3,1,3,1
1786288416,R_100,623.23,3,-0.15999999999996817,0.13337082806136677,4,1,3,0
1786288514,R_100,623.69,9,-0.13999999999998636,0.12240188814810561,7,1,3,0
1786288536,R_100,623.98,8,-0.21000000000003638,0.1272311981307395,9,1,3,0
1786288546,R_100,623.85,5,-0.2300000000000182,0.1349732483782709,9,1,3,0
1786288582,R_100,624.25,5,-0.12000000000000455,0.1250066664888961,3,1,3,1
1786288588,R_100,624.4,0,-0.12000000000000455,0.12771496040445568,8,1,3,0
1786288592,R_100,624.16,6,-0.22000000000002728,0.13858010118500633,1,1,3,0
1786288606,R_100,623.86,6,-0.21000000000003638,0.12997435644517066,5,1,3,0
1786288608,R_100,623.75,5,-0.11000000000001364,0.12955050495207016,2,1,3,0
1786288614,R_100,623.83,3,-0.12999999999999545,0.13197642887189892,0,1,3,0
1786288616,R_100,623.7,0,-0.12999999999999545,0.13755402978870818,4,1,3,0
1786288628,R_100,623.6,0,-0.18999999999994088,0.13938356351368097,5,1,3,0
1786288634,R_100,623.49,9,-0.2599999999999909,0.1415156057354082,0,1,3,0
1786288730,R_100,622.55,5,-0.19000000000005457,0.11764352935882758,2,1,3,0
1786288764,R_100,622.61,1,-0.21000000000003638,0.12999572642546833,0,1,3,0
1786288766,R_100,622.4,0,-0.21000000000003638,0.1341475141609228,8,1,3,0
1786288790,R_100,622.17,7,-0.2300000000000182,0.11140017953305109,1,1,3,0
1786288796,R_100,622.07,7,-0.17999999999994998,0.12120231020899094,0,1,3,0
1786288900,R_100,621.79,9,-0.12999999999999545,0.08472832400614962,2,1,3,0
1786288930,R_100,622.21,1,-0.11000000000001364,0.11951754868822455,8,1,3,0
1786288938,R_100,622.13,3,-0.14999999999997726,0.12909944487356753,0,1,3,0
1786288964,R_100,622.31,1,-0.19000000000005457,0.13803783700288788,1,1,3,0
1786288978,R_100,622.59,9,-0.12000000000000455,0.1290520997289405,7,1,3,0
1786288988,R_100,622.39,9,-0.18000000000006366,0.12105554280761684,9,1,3,0
1786288990,R_100,622.29,9,-0.10000000000002274,0.11587828863845587,7,1,3,0
1786288996,R_100,622.0,0,-0.15999999999996817,0.14533103973721903,1,1,3,0
1786289064,R_100,621.82,2,-0.17999999999994998,0.13890044396378046,7,1,3,0
1786289068,R_100,621.76,6,-0.11000000000001364,0.12818822965553683,1,1,3,0
1786289070,R_100,621.61,1,-0.14999999999997726,0.10135197197005281,9,1,3,0
1786289074,R_100,621.58,8,-0.11000000000001364,0.10855106325287874,3,1,3,1
1786289088,R_100,621.9,0,-0.15999999999996817,0.12571572870743342,9,1,3,0
1786289090,R_100,621.79,9,-0.11000000000001364,0.1204436244334438,3,1,3,1
