trigger_index,trigger_time,price,price_delta,volatility,prediction,actual_digit,correct
44,1786201288,604.89,-0.2300000000000182,0.14006347767272412,3,5,False
47,1786201294,604.79,-0.10000000000002274,0.1232702541392522,3,1,False
103,1786201406,606.93,-0.12000000000000455,0.10024414640709425,3,6,False
107,1786201414,606.83,-0.12999999999999545,0.06419588079551654,3,0,False
109,1786201418,606.74,-0.15999999999996817,0.07748835037889587,3,6,False
113,1786201426,606.74,-0.11000000000001364,0.09825703254446524,3,6,False
114,1786201428,606.46,-0.2799999999999727,0.12605113600791554,3,1,False
115,1786201430,606.31,-0.15000000000009095,0.12529520696694085,3,2,False
171,1786201542,606.96,-0.15999999999996817,0.13144073442681822,3,3,True
194,1786201588,608.0,-0.13999999999998636,0.08372574275572665,3,5,False
196,1786201592,608.04,-0.11000000000001364,0.09077444574327322,3,7,False
205,1786201610,608.73,-0.12999999999999545,0.14535779610635594,3,8,False
213,1786201626,608.93,-0.12999999999999545,0.11469767022723974,3,6,False
218,1786201636,609.3,-0.12000000000000455,0.11146000777557516,3,3,True
253,1786201706,610.21,-0.2899999999999636,0.1288797889507693,3,7,False
257,1786201714,610.01,-0.15999999999996817,0.11213087591439544,3,5,False
259,1786201718,609.92,-0.2300000000000182,0.13331666562485364,3,6,False
260,1786201720,609.76,-0.15999999999996817,0.1368697677842994,3,5,False
262,1786201724,609.6,-0.14999999999997726,0.1325812120089912,3,2,False
266,1786201732,609.75,-0.13999999999998636,0.14436065946093585,3,6,False
273,1786201746,610.11,-0.15999999999996817,0.12296792716440118,3,7,False
276,1786201752,610.11,-0.16999999999995907,0.12615686884015737,3,5,False
278,1786201756,609.81,-0.2400000000000091,0.1445337330867703,3,0,False
285,1786201770,609.29,-0.19000000000005457,0.13067772062086114,3,2,False
318,1786201836,609.86,-0.16999999999995907,0.11652848960184961,3,3,True
320,1786201840,609.81,-0.12000000000000455,0.12284136111260796,3,0,False
321,1786201842,609.7,-0.10999999999989996,0.12901765598378861,3,1,False
324,1786201848,609.69,-0.16999999999995907,0.13548267621931107,3,6,False
327,1786201854,609.66,-0.14999999999997726,0.11547486498989316,3,0,False
331,1786201862,609.4,-0.14999999999997726,0.10317191693691512,3,9,False
332,1786201864,609.19,-0.2099999999999227,0.10454132622500513,3,9,False
334,1786201868,609.23,-0.15999999999996817,0.1290305734656624,3,8,False
337,1786201874,609.21,-0.12999999999999545,0.1357489512952989,3,8,False
348,1786201896,609.16,-0.12999999999999545,0.11802071381280609,3,8,False
355,1786201910,608.83,-0.34999999999990905,0.13535549900575075,3,2,False
357,1786201914,608.75,-0.16999999999995907,0.14198591479433137,3,2,False
391,1786201982,608.27,-0.17000000000007276,0.1308136927933168,3,5,False
394,1786201988,607.87,-0.11000000000001364,0.12263767773405648,3,1,False
401,1786202002,608.0,-0.11000000000001364,0.12347289401144003,3,2,False
432,1786202064,608.91,-0.16000000000008185,0.11650464940650648,3,8,False
433,1786202066,608.78,-0.12999999999999545,0.12175111224679853,3,1,False
446,1786202092,608.26,-0.18000000000006366,0.10053191864610818,3,6,False
452,1786202104,608.11,-0.11000000000001364,0.07578478299326766,3,1,False
453,1786202106,607.91,-0.20000000000004547,0.0889506729723093,3,5,False
459,1786202118,608.16,-0.12000000000000455,0.12375603240069266,3,5,False
460,1786202120,608.05,-0.11000000000001364,0.12347289401144208,3,9,False
464,1786202128,608.35,-0.12999999999999545,0.1347425528760575,3,5,False
479,1786202158,607.84,-0.12999999999999545,0.1422087667246312,3,9,False
495,1786202190,606.91,-0.12000000000000455,0.1279279311001209,3,7,False
502,1786202204,607.15,-0.18000000000006366,0.10254538290707886,3,3,True
503,1786202206,606.83,-0.31999999999993634,0.143561833368061,3,7,False
507,1786202214,606.18,-0.2300000000000182,0.14448760039071654,3,1,False
510,1786202220,605.46,-0.2300000000000182,0.1363166248930147,3,9,False
536,1786202272,605.27,-0.19000000000005457,0.11858424103657209,3,1,False
540,1786202280,605.28,-0.17000000000007276,0.14358891941156177,3,2,False
551,1786202302,605.6,-0.11000000000001364,0.1376630346574791,3,4,False
558,1786202316,605.9,-0.19000000000005457,0.1418919776919722,3,6,False
575,1786202350,606.29,-0.11000000000001364,0.11914510294409356,3,7,False
576,1786202352,606.17,-0.12000000000000455,0.10598217879541258,3,4,False
578,1786202356,605.83,-0.30999999999994543,0.13491149362121616,3,6,False
580,1786202360,605.37,-0.18999999999994088,0.1384838538522703,3,1,False
599,1786202398,605.88,-0.22000000000002728,0.12377847596054047,3,3,True
600,1786202400,605.63,-0.25,0.13524052647044865,3,5,False
606,1786202412,605.64,-0.12000000000000455,0.1175868473370497,3,8,False
611,1786202422,605.8,-0.19000000000005457,0.12376052143825929,3,1,False
622,1786202444,606.1,-0.14999999999997726,0.0893743686846496,3,2,False
628,1786202456,606.21,-0.14999999999997726,0.09652288157046805,3,0,False
640,1786202480,606.89,-0.21000000000003638,0.12999572642548923,3,9,False
644,1786202488,606.87,-0.2400000000000091,0.14399459866414122,3,9,False
651,1786202502,607.08,-0.12999999999999545,0.1426300576082695,3,9,False
655,1786202510,607.08,-0.14999999999997726,0.11948500603284402,3,3,True
671,1786202542,606.65,-0.14999999999997726,0.14033293744994726,3,4,False
683,1786202566,605.83,-0.12999999999999545,0.13639811012051264,3,3,True
684,1786202568,605.73,-0.10000000000002274,0.08543353491975803,3,0,False
685,1786202570,605.5,-0.2300000000000182,0.0973481723848212,3,2,False
689,1786202578,605.39,-0.21000000000003638,0.11803954139751316,3,5,False
714,1786202628,605.68,-0.14000000000010004,0.14353087163081238,3,1,False
732,1786202664,605.96,-0.11000000000001364,0.12576874722194686,3,1,False
758,1786202716,605.62,-0.13999999999998636,0.14001587211613556,3,0,False
764,1786202728,605.76,-0.12000000000000455,0.0897465567275322,3,3,True
768,1786202736,605.92,-0.19000000000005457,0.11450376024881026,3,9,False
770,1786202740,605.93,-0.16000000000008185,0.13750151514320724,3,7,False
788,1786202776,604.74,-0.2699999999999818,0.14356183336805736,3,0,False
795,1786202790,604.73,-0.10000000000002274,0.1074140483259862,3,1,False
811,1786202822,605.36,-0.17999999999994998,0.11849050594875798,3,1,False
814,1786202828,605.22,-0.10000000000002274,0.09859569519562726,3,9,False
816,1786202832,605.07,-0.12000000000000455,0.10415799963942947,3,1,False
817,1786202834,604.91,-0.16000000000008185,0.09924716620640094,3,2,False
822,1786202844,605.14,-0.13999999999998636,0.11274849099755346,3,0,False
829,1786202858,605.73,-0.12999999999999545,0.13236733400317027,3,8,False
835,1786202870,606.05,-0.11000000000001364,0.1214221286806378,3,3,True
838,1786202876,605.92,-0.13999999999998636,0.1293745638747446,3,4,False
843,1786202886,605.19,-0.2299999999999045,0.1181383369895839,3,8,False
848,1786202896,605.02,-0.19000000000005457,0.1351542328847471,3,7,False
849,1786202898,604.87,-0.14999999999997726,0.13638589043998792,3,6,False
850,1786202900,604.66,-0.21000000000003638,0.11264990013309839,3,1,False
884,1786202968,605.26,-0.12999999999999545,0.12979042936809396,3,0,False
886,1786202972,605.1,-0.10000000000002274,0.12249263016379362,3,2,False
898,1786202996,605.48,-0.10000000000002274,0.08994442728707736,3,6,False
899,1786202998,605.36,-0.12000000000000455,0.10178408520000078,3,7,False
901,1786203002,605.16,-0.11000000000001364,0.07242620765687778,3,2,False
903,1786203006,605.0,-0.12000000000000455,0.07334090869965552,3,5,False
904,1786203008,604.85,-0.14999999999997726,0.07242620765686922,3,9,False
906,1786203012,604.58,-0.30999999999994543,0.097273954490507,3,3,True
908,1786203016,604.33,-0.1999999999999318,0.09489760563654838,3,7,False
910,1786203020,603.9,-0.37000000000000455,0.12631970023183497,3,4,False
915,1786203030,603.48,-0.12000000000000455,0.1442567156148923,3,8,False
916,1786203032,603.28,-0.20000000000004547,0.1337493509849211,3,0,False
920,1786203040,602.97,-0.17999999999994998,0.13191327117130114,3,9,False
931,1786203062,603.36,-0.17999999999994998,0.12649549838276725,3,2,False
955,1786203110,603.27,-0.14999999999997726,0.06928203230275545,3,1,False
959,1786203118,603.01,-0.25,0.0994652368083109,3,2,False
969,1786203138,603.47,-0.13999999999998636,0.11087530533592711,3,9,False
970,1786203140,603.29,-0.18000000000006366,0.12875903420301568,3,3,True
972,1786203144,603.08,-0.14999999999997726,0.13737620689997632,3,1,False
1023,1786203246,605.38,-0.10000000000002274,0.0984829370443884,3,7,False
1032,1786203264,605.71,-0.13999999999998636,0.14353087163085188,3,6,False
1057,1786203314,605.38,-0.13999999999998636,0.1003549256943021,3,9,False
1063,1786203326,605.59,-0.18999999999994088,0.1375378735718357,3,5,False
1067,1786203334,605.47,-0.10000000000002274,0.1448715906510768,3,2,False
1069,1786203338,605.22,-0.1999999999999318,0.13424687043731834,3,3,True
1088,1786203376,605.72,-0.14999999999997726,0.1319932658214844,3,0,False
1089,1786203378,605.6,-0.12000000000000455,0.11881357947080451,3,3,True
1095,1786203390,605.32,-0.18999999999994088,0.11939197814108074,3,2,False
1096,1786203392,605.12,-0.20000000000004547,0.12615686884015714,3,3,True
1097,1786203394,604.83,-0.2899999999999636,0.14206414826485156,3,2,False
1113,1786203426,604.62,-0.13999999999998636,0.12865112168616993,3,4,False
1114,1786203428,604.44,-0.17999999999994998,0.13513778976370683,3,0,False
1121,1786203442,604.41,-0.13999999999998636,0.1440254607120793,3,1,False
1138,1786203476,603.53,-0.2799999999999727,0.14014278433082675,3,8,False
1140,1786203480,603.48,-0.10000000000002274,0.10956479564369455,3,7,False
1148,1786203496,604.02,-0.19000000000005457,0.11957796155181757,3,4,False
1150,1786203500,603.84,-0.1999999999999318,0.13647954669715662,3,7,False
1153,1786203506,603.83,-0.15999999999996817,0.1419076381939114,3,2,False
1171,1786203542,604.29,-0.16000000000008185,0.10687999501000381,3,3,True
1211,1786203622,604.95,-0.12999999999999545,0.14151953143571208,3,1,False
1225,1786203650,605.73,-0.17999999999994998,0.11390054140928967,3,0,False
1240,1786203680,605.67,-0.13999999999998636,0.13393198937434972,3,4,False
1243,1786203686,605.72,-0.12000000000000455,0.14087425440995424,3,2,False
1247,1786203694,605.57,-0.13999999999998636,0.134581656336336,3,3,True
1261,1786203722,605.5,-0.11000000000001364,0.13742068419435763,3,6,False
1268,1786203736,604.76,-0.2300000000000182,0.14166078419156772,3,3,True
1278,1786203756,604.51,-0.12000000000000455,0.13898441159593805,3,1,False
1279,1786203758,604.41,-0.10000000000002274,0.14101221381301418,3,9,False
1280,1786203760,604.29,-0.12000000000000455,0.12560962454279476,3,9,False
1283,1786203766,604.05,-0.19000000000005457,0.07472170590488583,3,0,False
1285,1786203770,603.5,-0.5,0.14425671561491338,3,3,True
1287,1786203774,603.29,-0.13999999999998636,0.13937957765278255,3,5,False
1313,1786203826,602.24,-0.13999999999998636,0.11806307165615534,3,9,False
1316,1786203832,602.15,-0.11000000000001364,0.10104454463253743,3,0,False
1356,1786203912,600.68,-0.14000000000010004,0.13163923764931973,3,0,False
1360,1786203920,600.43,-0.11000000000001364,0.08733078876700542,3,1,False
1375,1786203950,601.04,-0.12000000000000455,0.13072447700749082,3,0,False
1376,1786203952,600.9,-0.13999999999998636,0.1283051917196495,3,5,False
1391,1786203982,600.86,-0.25,0.13737216279549444,3,0,False
1406,1786204012,600.21,-0.12000000000000455,0.11820885471627032,3,5,False
1410,1786204020,600.08,-0.17999999999994998,0.07717224601857013,3,9,False
1416,1786204032,599.94,-0.14999999999997726,0.11215564581814998,3,6,False
1421,1786204042,599.91,-0.13999999999998636,0.14257941257028584,3,0,False
1438,1786204076,599.53,-0.2400000000000091,0.12799739580685696,3,9,False
1451,1786204102,599.93,-0.11000000000001364,0.12384578223654862,3,3,True
1472,1786204144,599.66,-0.17000000000007276,0.12211106056009825,3,1,False
1483,1786204166,599.61,-0.22000000000002728,0.1380016102965692,3,9,False
1487,1786204174,599.41,-0.18000000000006366,0.11429007928176321,3,0,False
1498,1786204196,599.93,-0.22000000000002728,0.1426767909180174,3,0,False
1525,1786204250,599.75,-0.21000000000003638,0.13984515246038778,3,9,False
1552,1786204304,601.52,-0.22000000000002728,0.12903057346570332,3,8,False
1569,1786204338,601.05,-0.15000000000009095,0.10668749796588657,3,0,False
1576,1786204352,600.92,-0.2599999999999909,0.1262317093461165,3,8,False
1583,1786204366,600.62,-0.12000000000000455,0.09312476696466185,3,4,False
1584,1786204368,600.24,-0.37999999999999545,0.13589620221984944,3,8,False
1595,1786204390,600.26,-0.14999999999997726,0.12154560186747415,3,1,False
1599,1786204398,600.39,-0.13999999999998636,0.12174654911831582,3,5,False
1600,1786204400,600.25,-0.13999999999998636,0.11508933728001733,3,6,False
1601,1786204402,599.96,-0.2899999999999636,0.14487159065107877,3,3,True
1602,1786204404,599.83,-0.12999999999999545,0.14523926619355004,3,7,False
1624,1786204448,599.96,-0.1999999999999318,0.12882373832315683,3,3,True
1627,1786204454,599.88,-0.14999999999997726,0.11905180945005556,3,7,False
1628,1786204456,599.77,-0.11000000000001364,0.1222020185321499,3,6,False
1631,1786204462,599.73,-0.22000000000002728,0.13148721948877573,3,9,False
1634,1786204468,599.7,-0.16999999999995907,0.13259797216482136,3,4,False
1638,1786204476,599.6,-0.18999999999994088,0.14360826345767838,3,7,False
1648,1786204496,599.73,-0.17999999999994998,0.10198583779677219,3,6,False
1651,1786204502,599.74,-0.22000000000002728,0.11824644697504792,3,6,False
1671,1786204542,600.4,-0.2799999999999727,0.14032106042930065,3,0,False
1698,1786204596,600.45,-0.16999999999995907,0.1408545348932699,3,6,False
1735,1786204670,599.98,-0.11000000000001364,0.10163114133418011,3,2,False
1737,1786204674,599.59,-0.32999999999992724,0.11804424782444735,3,7,False
1739,1786204678,599.47,-0.10000000000002274,0.11905180945003976,3,8,False
1742,1786204684,599.53,-0.11000000000001364,0.1375338342210734,3,0,False
1743,1786204686,599.3,-0.2300000000000182,0.13353734392377797,3,1,False
1744,1786204688,599.11,-0.18999999999994088,0.13571211359997,3,3,True
1756,1786204712,599.59,-0.16999999999995907,0.13810221657243374,3,4,False
1768,1786204736,599.62,-0.18999999999994088,0.12272824541330564,3,5,False
1770,1786204740,599.64,-0.11000000000001364,0.11376877134492572,3,8,False
1776,1786204752,599.52,-0.10000000000002274,0.10646334789233294,3,9,False
1781,1786204762,599.48,-0.12999999999999545,0.11085526098877993,3,3,True
1788,1786204776,599.54,-0.12999999999999545,0.1267587384671221,3,3,True
1803,1786204806,599.59,-0.12999999999999545,0.1401943096007985,3,7,False
1805,1786204810,599.42,-0.15000000000009095,0.11933147112142183,3,7,False
1806,1786204812,599.27,-0.14999999999997726,0.08854377448471268,3,7,False
1807,1786204814,599.17,-0.10000000000002274,0.06912950809091262,3,3,True
1813,1786204826,599.45,-0.14999999999997726,0.11625642156697474,3,9,False
1815,1786204830,599.28,-0.11000000000001364,0.11276327219248437,3,4,False
1820,1786204840,599.13,-0.12000000000000455,0.09538809615927622,3,4,False
1822,1786204844,599.01,-0.12999999999999545,0.07781031065639796,3,9,False
1823,1786204846,598.79,-0.22000000000002728,0.08921883209279316,3,6,False
1824,1786204848,598.46,-0.32999999999992724,0.1220245876862451,3,8,False
1825,1786204850,598.28,-0.18000000000006366,0.12507775359528864,3,4,False
1826,1786204852,598.14,-0.13999999999998636,0.1237380746217984,3,6,False
1835,1786204870,598.06,-0.21000000000003638,0.12576874722195783,3,2,False
1838,1786204876,598.04,-0.16000000000008185,0.12647353697735916,3,4,False
1841,1786204882,597.88,-0.22000000000002728,0.1389804142876237,3,0,False
1857,1786204914,597.85,-0.13999999999998636,0.10977249200050736,3,2,False
1858,1786204916,597.72,-0.12999999999999545,0.11568155523774565,3,9,False
1872,1786204944,597.71,-0.18999999999994088,0.13806600675843275,3,2,False
1874,1786204948,597.57,-0.14999999999997726,0.09718253158073539,3,1,False
1875,1786204950,597.41,-0.16000000000008185,0.0954579604968709,3,2,False
1878,1786204956,597.35,-0.2799999999999727,0.137921072437184,3,7,False
1880,1786204960,597.34,-0.12999999999999545,0.14433371824428815,3,6,False
1905,1786205010,597.34,-0.12999999999999545,0.14071642090071235,3,1,False
1916,1786205032,597.85,-0.13999999999998636,0.1360718764313599,3,2,False
1927,1786205054,597.56,-0.11000000000001364,0.14190763819390254,3,8,False
1930,1786205060,597.8,-0.10000000000002274,0.12712198865655178,3,9,False
1933,1786205066,597.6,-0.12000000000000455,0.1211243621700888,3,4,False
1934,1786205068,597.44,-0.15999999999996817,0.11883228143527098,3,5,False
1969,1786205138,596.42,-0.16000000000008185,0.14400617270725022,3,5,False
1988,1786205176,596.18,-0.11000000000001364,0.14088608479509934,3,8,False
2015,1786205230,595.78,-0.2300000000000182,0.1386001443000561,3,7,False
2019,1786205238,595.63,-0.15999999999996817,0.12129394965217158,3,6,False
2046,1786205292,597.24,-0.12999999999999545,0.1207200618510898,3,2,False
2068,1786205336,596.02,-0.11000000000001364,0.13283239230117025,3,8,False
2071,1786205342,595.62,-0.32000000000005,0.10011104945122666,3,4,False
2088,1786205376,596.02,-0.20000000000004547,0.11510864433223313,3,2,False
2089,1786205378,595.82,-0.1999999999999318,0.12413702106945664,3,0,False
2096,1786205392,595.8,-0.10000000000002274,0.12311241475441474,3,3,True
2098,1786205396,595.63,-0.20000000000004547,0.10898012051133482,3,6,False
2109,1786205418,596.32,-0.12999999999999545,0.1173977096123511,3,6,False
2156,1786205512,595.74,-0.2400000000000091,0.103408574757274,3,9,False
2157,1786205514,595.59,-0.14999999999997726,0.10801234497345365,3,2,False
2170,1786205540,595.66,-0.16000000000008185,0.1309834595156035,3,2,False
2176,1786205552,595.31,-0.13000000000010914,0.1359901957250156,3,5,False
2181,1786205562,595.23,-0.13999999999998636,0.14043187355833642,3,9,False
2182,1786205564,595.09,-0.13999999999998636,0.1426105808759335,3,6,False
2185,1786205570,594.88,-0.2300000000000182,0.09651712571124257,3,1,False
2187,1786205574,594.8,-0.21000000000003638,0.11900046685250015,3,5,False
2201,1786205602,594.87,-0.22000000000002728,0.13638589044000538,3,0,False
2220,1786205640,595.66,-0.12000000000000455,0.1432519148601878,3,5,False
2229,1786205658,595.29,-0.15000000000009095,0.11327939893124865,3,2,False
2240,1786205680,596.02,-0.13999999999998636,0.10519822558705638,3,1,False
2241,1786205682,595.91,-0.11000000000001364,0.11916841490558565,3,9,False
2264,1786205728,598.2,-0.14999999999997726,0.12851286144021273,3,0,False
2268,1786205736,598.25,-0.16999999999995907,0.1415823278363105,3,7,False
2279,1786205758,598.17,-0.17000000000007276,0.1310640216756009,3,5,False
2306,1786205812,597.86,-0.22000000000002728,0.13451146171734749,3,9,False
2313,1786205826,597.85,-0.15999999999996817,0.10562512327409815,3,1,False
2331,1786205862,597.22,-0.10000000000002274,0.12385026802106297,3,1,False
2332,1786205864,597.01,-0.21000000000003638,0.13846780612595538,3,9,False
2333,1786205866,596.89,-0.12000000000000455,0.11614645926589784,3,6,False
2342,1786205884,596.89,-0.21000000000003638,0.11103552984921856,3,6,False
2343,1786205886,596.76,-0.12999999999999545,0.11215564581819534,3,2,False
2386,1786205972,596.96,-0.14999999999997726,0.09055998625833027,3,6,False
2393,1786205986,596.73,-0.15999999999996817,0.0868267751841901,3,5,False
2394,1786205988,596.45,-0.2799999999999727,0.1162373051610679,3,7,False
2396,1786205992,596.22,-0.14999999999997726,0.10834102536792081,3,6,False
2398,1786205996,596.01,-0.14999999999997726,0.08999382694877629,3,0,False
2399,1786205998,595.7,-0.30999999999994543,0.09475699915510953,3,8,False
2400,1786206000,595.58,-0.12000000000000455,0.08745792639254385,3,3,True
2402,1786206004,595.51,-0.12000000000000455,0.10325803708290925,3,8,False
2404,1786206008,595.37,-0.11000000000001364,0.09354737361949943,3,9,False
2406,1786206012,595.22,-0.16999999999995907,0.10317191693692107,3,5,False
2411,1786206022,595.14,-0.22000000000002728,0.12059574342957537,3,4,False
2413,1786206026,595.13,-0.11000000000001364,0.12886254520051596,3,3,True
2417,1786206034,595.09,-0.18999999999994088,0.1368048082325776,3,6,False
2424,1786206048,595.32,-0.13999999999998636,0.1061916506447864,3,0,False
2426,1786206052,595.1,-0.1999999999999318,0.12117938952000569,3,6,False
2441,1786206082,595.37,-0.12000000000000455,0.10447753612885498,3,1,False
2442,1786206084,595.21,-0.15999999999996817,0.10822302075908814,3,5,False
2444,1786206088,595.22,-0.12999999999999545,0.11717034133639384,3,2,False
2445,1786206090,595.12,-0.10000000000002274,0.09746224340168412,3,5,False
2447,1786206094,595.02,-0.12999999999999545,0.10422198531126525,3,7,False
2465,1786206130,595.46,-0.2099999999999227,0.11489608831940926,3,3,True
2467,1786206134,595.41,-0.12000000000000455,0.11360751148870982,3,7,False
2481,1786206162,595.72,-0.17999999999994998,0.10788883167408075,3,4,False
2483,1786206166,595.71,-0.12999999999999545,0.12247902314726945,3,5,False
2484,1786206168,595.55,-0.16000000000008185,0.1320143089887576,3,3,True
2486,1786206172,595.42,-0.11000000000001364,0.12973905434457075,3,7,False
2492,1786206184,595.51,-0.11000000000001364,0.09695932709707727,3,3,True
2503,1786206206,596.03,-0.13999999999998636,0.10614455552059235,3,2,False
2516,1786206232,596.34,-0.2400000000000091,0.12771931029495345,3,3,True
2524,1786206248,595.72,-0.25,0.14142135623732738,3,1,False
2525,1786206250,595.61,-0.11000000000001364,0.13266917920570065,3,7,False
2538,1786206276,596.05,-0.2300000000000182,0.13674388062684006,3,1,False
2539,1786206278,595.91,-0.13999999999998636,0.14200547720265844,3,1,False
2562,1786206324,596.89,-0.12000000000000455,0.08569325138731845,3,7,False
2567,1786206334,597.17,-0.12000000000000455,0.10254538290706688,3,5,False
2568,1786206336,596.95,-0.2199999999999136,0.13004700005082556,3,4,False
2570,1786206340,596.92,-0.12000000000000455,0.13408537910183818,3,5,False
2574,1786206348,596.93,-0.18000000000006366,0.13333333333332012,3,0,False
2576,1786206352,596.78,-0.12000000000000455,0.12050357302216647,3,4,False
2592,1786206384,597.16,-0.21000000000003638,0.1225833050079162,3,4,False
2593,1786206386,597.04,-0.12000000000000455,0.12605554331324142,3,0,False
2596,1786206392,596.97,-0.12999999999999545,0.13492384683384656,3,2,False
2626,1786206452,597.7,-0.12999999999999545,0.1398610421493873,3,5,False
2641,1786206482,598.71,-0.2300000000000182,0.1313011804973611,3,2,False
2644,1786206488,598.58,-0.13999999999998636,0.12798003316491358,3,9,False
2646,1786206492,598.39,-0.3000000000000682,0.1376953158244911,3,8,False
2647,1786206494,598.28,-0.11000000000001364,0.12717442090821207,3,5,False
2656,1786206512,598.57,-0.17999999999994998,0.11573917035970377,3,6,False
2659,1786206518,598.75,-0.16999999999995907,0.13902837440206617,3,0,False
2670,1786206540,598.93,-0.16000000000008185,0.14220876672460792,3,6,False
2691,1786206582,599.7,-0.18999999999994088,0.12631530214328368,3,3,True
2698,1786206596,600.11,-0.10000000000002274,0.11471704319759017,3,7,False
2705,1786206610,600.42,-0.18000000000006366,0.1224563414264952,3,3,True
2707,1786206614,600.13,-0.20000000000004547,0.14420664185661583,3,3,True
2710,1786206620,599.8,-0.12999999999999545,0.13275290329533124,3,5,False
2723,1786206646,599.52,-0.12000000000000455,0.13420134127495092,3,0,False
2728,1786206656,599.51,-0.12999999999999545,0.09371943946338468,3,9,False
2729,1786206658,599.29,-0.22000000000002728,0.11596934460834032,3,9,False
2741,1786206682,598.79,-0.10000000000002274,0.1156094959575499,3,7,False
2746,1786206692,599.19,-0.11999999999989086,0.12404748194855487,3,2,False
2753,1786206706,598.88,-0.12000000000000455,0.1014834414516998,3,7,False
2755,1786206710,599.05,-0.12000000000000455,0.12885823390236728,3,2,False
2756,1786206712,598.92,-0.12999999999999545,0.12970479302372845,3,4,False
2770,1786206740,600.47,-0.10000000000002274,0.14024185458621855,3,4,False
2780,1786206760,599.99,-0.12000000000000455,0.12072006185112999,3,5,False
2783,1786206766,600.0,-0.22000000000002728,0.11992590304945495,3,9,False
2784,1786206768,599.89,-0.11000000000001364,0.12347289401144305,3,2,False
2791,1786206782,599.99,-0.2400000000000091,0.13825901618180214,3,5,False
2812,1786206824,601.08,-0.2199999999999136,0.12865112168615755,3,4,False
2817,1786206834,601.18,-0.12999999999999545,0.1127435635018945,3,5,False
2820,1786206840,601.04,-0.12000000000000455,0.1151617220356549,3,8,False
2828,1786206856,601.46,-0.15999999999996817,0.13884043599278523,3,3,True
2837,1786206874,601.52,-0.11000000000001364,0.10509255180290432,3,0,False
2851,1786206902,601.97,-0.14999999999997726,0.1357325802205558,3,9,False
2853,1786206906,601.67,-0.22000000000002728,0.1367885635245486,3,9,False
2864,1786206928,602.04,-0.17000000000007276,0.14523926619355915,3,3,True
2882,1786206964,602.56,-0.11000000000001364,0.1451589167468387,3,2,False
2887,1786206974,602.54,-0.12999999999999545,0.133786729120978,3,7,False
2904,1786207008,601.07,-0.2099999999999227,0.14214233867657977,3,1,False
2930,1786207060,600.71,-0.11000000000001364,0.09380831519646572,3,0,False
2959,1786207118,601.29,-0.12000000000000455,0.13013241119891164,3,0,False
2966,1786207132,601.46,-0.12000000000000455,0.1218423389284194,3,6,False
2968,1786207136,601.29,-0.2699999999999818,0.14069667926268858,3,0,False
2992,1786207184,600.58,-0.12999999999999545,0.1338157937863299,3,4,False
2993,1786207186,600.44,-0.13999999999998636,0.13118688958886093,3,1,False
3000,1786207200,600.58,-0.15999999999996817,0.10027185270276333,3,6,False
3003,1786207206,600.75,-0.19000000000005457,0.13584713631303422,3,9,False
3016,1786207232,600.31,-0.32000000000005,0.11942454614621706,3,4,False
3019,1786207238,600.15,-0.18000000000006366,0.13353734392383237,3,0,False
3020,1786207240,600.0,-0.14999999999997726,0.13169408997119486,3,3,True
3033,1786207266,600.81,-0.11000000000001364,0.10068653225623898,3,8,False
3041,1786207282,601.19,-0.11999999999989086,0.1104737273945341,3,7,False
3042,1786207284,600.97,-0.22000000000002728,0.1345155918265335,3,2,False
3043,1786207286,600.82,-0.14999999999997726,0.13884043599277462,3,8,False
3046,1786207292,600.72,-0.10000000000002274,0.10938718186128697,3,1,False
3048,1786207296,600.48,-0.2300000000000182,0.09580651798750847,3,9,False
3058,1786207316,600.72,-0.15999999999996817,0.12121606054205042,3,5,False
3066,1786207332,600.94,-0.10999999999989996,0.13403565031570705,3,5,False
3085,1786207370,601.39,-0.13999999999998636,0.14298795598077144,3,3,True
3095,1786207390,601.36,-0.17999999999994998,0.13466419139638372,3,0,False
3096,1786207392,601.2,-0.15999999999996817,0.14283245818478418,3,2,False
3105,1786207410,601.35,-0.12999999999999545,0.09562077877393314,3,5,False
3107,1786207414,601.23,-0.12000000000000455,0.08399074023036744,3,1,False
3108,1786207416,601.01,-0.22000000000002728,0.10593499054714345,3,4,False
3110,1786207420,600.67,-0.2700000000000955,0.11585431464657657,3,7,False
3141,1786207482,600.05,-0.21000000000003638,0.13334999895846195,3,4,False
3142,1786207484,599.94,-0.10999999999989996,0.12973905434456365,3,9,False
3144,1786207488,599.75,-0.13999999999998636,0.1207614728849082,3,0,False
3158,1786207516,599.72,-0.18999999999994088,0.12422649565299132,3,0,False
3159,1786207518,599.6,-0.12000000000000455,0.1212939496521606,3,5,False
3161,1786207522,599.44,-0.10999999999989996,0.0973253421376955,3,1,False
3163,1786207526,599.42,-0.19000000000005457,0.12951190421474992,3,1,False
3172,1786207544,598.96,-0.16999999999995907,0.14245857097574352,3,7,False
3178,1786207556,598.98,-0.15999999999996817,0.12206100478401179,3,4,False
3192,1786207584,598.02,-0.12000000000000455,0.14337596265294736,3,4,False
3198,1786207596,598.23,-0.12999999999999545,0.10974718422105156,3,3,True
3200,1786207600,598.21,-0.2199999999999136,0.13383655039718267,3,8,False
3201,1786207602,598.08,-0.12999999999999545,0.14072826455421053,3,4,False
3212,1786207624,597.73,-0.10000000000002274,0.11318127053535629,3,8,False
3239,1786207678,596.4,-0.2400000000000091,0.11892574714222377,3,7,False
3248,1786207696,596.85,-0.12000000000000455,0.13617390841617402,3,1,False
3250,1786207700,596.69,-0.2199999999999136,0.13163923764928878,3,5,False
3251,1786207702,596.55,-0.14000000000010004,0.14055841015986015,3,9,False
3256,1786207712,596.37,-0.20000000000004547,0.13258121200901837,3,2,False
3257,1786207714,596.22,-0.14999999999997726,0.10564615994493426,3,8,False
3259,1786207718,596.18,-0.10000000000002274,0.10488618169764176,3,6,False
3266,1786207732,596.51,-0.12000000000000455,0.13680480823261365,3,9,False
3267,1786207734,596.39,-0.12000000000000455,0.1330872729536144,3,5,False
3270,1786207740,596.22,-0.10000000000002274,0.09252026804977534,3,7,False
3274,1786207748,596.53,-0.12000000000000455,0.12849989191521333,3,9,False
3278,1786207756,596.39,-0.16999999999995907,0.13343329586141045,3,2,False
3328,1786207856,597.23,-0.12000000000000455,0.10712920547948496,3,7,False
3329,1786207858,597.07,-0.15999999999996817,0.1092194528867782,3,9,False
3332,1786207864,596.93,-0.17000000000007276,0.07631076813487182,3,0,False
3344,1786207888,597.26,-0.11000000000001364,0.1304692386051828,3,6,False
3349,1786207898,597.65,-0.22000000000002728,0.14371654200002545,3,0,False
3358,1786207916,597.67,-0.12000000000000455,0.134081235740805,3,7,False
3377,1786207954,597.93,-0.11000000000001364,0.14298795598076322,3,2,False
3378,1786207956,597.72,-0.2099999999999227,0.14485241531373153,3,9,False
3391,1786207982,597.63,-0.16999999999995907,0.12656135973421007,3,9,False
3408,1786208016,598.76,-0.14999999999997726,0.14053864632586782,3,0,False
3426,1786208052,598.31,-0.21000000000003638,0.1363818169698803,3,1,False
3453,1786208106,598.17,-0.17000000000007276,0.1403329374499528,3,5,False
3493,1786208186,598.74,-0.12000000000000455,0.12249716550009651,3,8,False
3501,1786208202,599.08,-0.17999999999994998,0.14032106042929704,3,9,False
3512,1786208224,599.16,-0.17000000000007276,0.11076000080255223,3,9,False
3515,1786208230,599.32,-0.12000000000000455,0.12149074038793299,3,0,False
3537,1786208274,599.8,-0.19000000000005457,0.11067971810592986,3,7,False
3540,1786208280,599.67,-0.16000000000008185,0.11616559062155715,3,5,False
3558,1786208316,598.98,-0.18999999999994088,0.10585629672132787,3,9,False
3561,1786208322,598.74,-0.16999999999995907,0.11033282980749864,3,6,False
3568,1786208336,598.99,-0.15999999999996817,0.14255213471255632,3,2,False
3572,1786208344,598.54,-0.25,0.13894843168118515,3,2,False
3575,1786208350,598.67,-0.15000000000009095,0.13971796989334148,3,8,False
3592,1786208384,598.18,-0.19000000000005457,0.08028421735031815,3,0,False
3594,1786208388,597.91,-0.19000000000005457,0.09048634028280841,3,8,False
3596,1786208392,597.78,-0.10000000000002274,0.06545566777940157,3,2,False
3598,1786208396,597.48,-0.2400000000000091,0.07560129334580744,3,9,False
3615,1786208430,597.51,-0.12999999999999545,0.13729530217748237,3,8,False
3621,1786208442,597.55,-0.16000000000008185,0.1317615691736683,3,0,False
3657,1786208514,599.31,-0.10000000000002274,0.1360596274514318,3,8,False
3679,1786208558,598.82,-0.10999999999989996,0.10327955589882942,3,2,False
3680,1786208560,598.72,-0.10000000000002274,0.03198958163735235,3,3,True
3681,1786208562,598.43,-0.2900000000000773,0.07309810759066591,3,7,False
3684,1786208568,598.12,-0.18999999999994088,0.07723700897599128,3,0,False
3685,1786208570,597.9,-0.22000000000002728,0.07752418977326866,3,7,False
3691,1786208582,597.94,-0.2199999999999136,0.1446413188238792,3,4,False
3695,1786208590,597.89,-0.11000000000001364,0.12939603291188836,3,8,False
3696,1786208592,597.78,-0.11000000000001364,0.13093255261138775,3,2,False
3700,1786208600,597.85,-0.12999999999999545,0.12582615873584244,3,6,False
3702,1786208604,597.65,-0.11000000000001364,0.11327939893123436,3,9,False
3703,1786208606,597.39,-0.2599999999999909,0.1349444330085484,3,5,False
3704,1786208608,597.25,-0.13999999999998636,0.12331080875395196,3,0,False
3709,1786208618,597.53,-0.10000000000002274,0.1382630343463693,3,1,False
3726,1786208652,598.27,-0.12000000000000455,0.10435516278556618,3,8,False
3731,1786208662,598.72,-0.12000000000000455,0.1346971912600191,3,3,True
3750,1786208700,598.83,-0.13999999999998636,0.12000462954035261,3,9,False
3752,1786208704,598.73,-0.15999999999996817,0.10826408042888436,3,9,False
3754,1786208708,598.68,-0.11000000000001364,0.09431036233863223,3,6,False
3756,1786208712,598.71,-0.14999999999997726,0.11883228143527137,3,6,False
3773,1786208746,599.35,-0.12000000000000455,0.1168855090343715,3,3,True
3774,1786208748,599.13,-0.22000000000002728,0.14439144326757175,3,2,False
3776,1786208752,598.97,-0.14999999999997726,0.14296852800530893,3,9,False
3777,1786208754,598.79,-0.18000000000006366,0.11353413583588187,3,7,False
3782,1786208764,598.58,-0.18999999999994088,0.10181137242743389,3,8,False
3792,1786208784,598.88,-0.12000000000000455,0.1284955684492869,3,5,False
3795,1786208790,599.05,-0.12999999999999545,0.10289692793166974,3,0,False
3797,1786208794,598.81,-0.19000000000005457,0.1163376312482143,3,6,False
3798,1786208796,598.66,-0.14999999999997726,0.12420860589257816,3,1,False
3833,1786208866,599.43,-0.11000000000001364,0.12781931691952167,3,5,False
3838,1786208876,599.38,-0.14999999999997726,0.1449291014408107,3,0,False
3843,1786208886,598.88,-0.2799999999999727,0.12294985427672037,3,2,False
3859,1786208918,599.19,-0.11999999999989086,0.08443274772790778,3,0,False
3861,1786208922,599.3,-0.10000000000002274,0.11039826890749513,3,7,False
3863,1786208926,599.02,-0.25,0.13785660827264914,3,0,False
3864,1786208928,598.9,-0.12000000000000455,0.13517067400551336,3,6,False
3883,1786208966,598.85,-0.2300000000000182,0.13769531582447292,3,3,True
3891,1786208982,599.06,-0.21000000000003638,0.12875903420300897,3,2,False
3893,1786208986,598.75,-0.2699999999999818,0.13638181696985702,3,5,False
3900,1786209000,598.43,-0.34000000000003183,0.14206414826487737,3,9,False
3910,1786209020,599.3,-0.10000000000002274,0.13375350462699628,3,2,False
3922,1786209044,599.67,-0.18000000000006366,0.12001851708986698,3,8,False
3924,1786209048,599.68,-0.10000000000002274,0.12550343067469003,3,9,False
3936,1786209072,598.59,-0.10000000000002274,0.1318079410860209,3,2,False
3948,1786209096,597.59,-0.14999999999997726,0.140459563180628,3,3,True
3954,1786209108,597.3,-0.12999999999999545,0.1367235653914133,3,1,False
3958,1786209116,597.35,-0.12999999999999545,0.10123679612122419,3,9,False
3962,1786209124,597.36,-0.22000000000002728,0.12096372275283587,3,8,False
3989,1786209178,598.31,-0.14000000000010004,0.11981930840507966,3,3,True
4004,1786209208,599.37,-0.10000000000002274,0.09743373816771504,3,7,False
4007,1786209214,599.14,-0.14999999999997726,0.08972179222464131,3,5,False
4011,1786209222,599.18,-0.19000000000005457,0.10386422761364733,3,4,False
4013,1786209226,598.88,-0.2599999999999909,0.12538385506560454,3,1,False
4036,1786209272,598.53,-0.14999999999997726,0.13214470183183094,3,7,False
4040,1786209280,598.19,-0.11999999999989086,0.14110673659011677,3,3,True
4048,1786209296,598.12,-0.18999999999994088,0.13628401716023372,3,9,False
4049,1786209298,597.89,-0.2300000000000182,0.12532624093405473,3,6,False
4051,1786209302,597.71,-0.14999999999997726,0.12443650768339909,3,2,False
4057,1786209314,597.47,-0.15999999999996817,0.09777525249264256,3,5,False
4059,1786209318,597.42,-0.12999999999999545,0.08743886753357387,3,7,False
4062,1786209324,597.13,-0.16999999999995907,0.08748968193131304,3,9,False
4064,1786209328,597.15,-0.13999999999998636,0.1158974642613813,3,8,False
4069,1786209338,596.93,-0.17000000000007276,0.10257246760758612,3,4,False
4070,1786209340,596.64,-0.2899999999999636,0.12780627701502226,3,9,False
4074,1786209348,596.5,-0.20000000000004547,0.13501028767387113,3,0,False
4075,1786209350,596.4,-0.10000000000002274,0.13104706533661037,3,0,False
4125,1786209450,597.18,-0.11000000000001364,0.14111067366509344,3,5,False
4127,1786209454,597.07,-0.17999999999994998,0.1303158556056033,3,6,False
4131,1786209462,596.99,-0.10000000000002274,0.11450861200022884,3,9,False
4170,1786209540,598.6,-0.15999999999996817,0.13004272802085834,3,4,False
4174,1786209548,598.39,-0.15999999999996817,0.11972654026755365,3,7,False
4195,1786209590,597.87,-0.20000000000004547,0.14106342151275839,3,9,False
4198,1786209596,597.81,-0.17000000000007276,0.11382735465024335,3,4,False
4207,1786209614,598.16,-0.12999999999999545,0.1282185633986116,3,9,False
4210,1786209620,597.92,-0.2400000000000091,0.1381987296934545,3,1,False
4211,1786209622,597.81,-0.11000000000001364,0.14159409906095607,3,7,False
4212,1786209624,597.67,-0.13999999999998636,0.12425779653606325,3,6,False
4215,1786209630,597.61,-0.16999999999995907,0.13177843357526856,3,6,False
4270,1786209740,599.51,-0.12000000000000455,0.08547904226574202,3,8,False
4272,1786209744,599.39,-0.19000000000005457,0.1026807349668766,3,7,False
4273,1786209746,599.27,-0.12000000000000455,0.10836666154005713,3,3,True
4274,1786209748,599.03,-0.2400000000000091,0.1292026831506913,3,4,False
4281,1786209762,599.3,-0.12999999999999545,0.14156270695349155,3,6,False
4282,1786209764,599.16,-0.13999999999998636,0.13597793938723235,3,0,False
4289,1786209778,599.53,-0.14999999999997726,0.11860766323377742,3,8,False
4290,1786209780,599.28,-0.25,0.14439529078193525,3,2,False
4309,1786209818,600.4,-0.13999999999998636,0.1286511216861939,3,9,False
4314,1786209828,600.11,-0.10000000000002274,0.08881941729650253,3,4,False
4315,1786209830,599.94,-0.16999999999995907,0.07469196000163492,3,9,False
4320,1786209840,599.68,-0.18000000000006366,0.06261877602694332,3,7,False
4336,1786209872,600.29,-0.11000000000001364,0.11640923980129367,3,5,False
4337,1786209874,600.15,-0.13999999999998636,0.11761046816599627,3,1,False
4339,1786209878,600.06,-0.15000000000009095,0.10286992865860664,3,4,False
4340,1786209880,599.84,-0.2199999999999136,0.1173835119975979,3,2,False
4342,1786209884,599.71,-0.11000000000001364,0.10454132622503788,3,1,False
4343,1786209886,599.61,-0.10000000000002274,0.07809538327513559,3,3,True
4344,1786209888,599.33,-0.2799999999999727,0.09831920802502103,3,0,False
4345,1786209890,599.2,-0.12999999999999545,0.09428090415820817,3,4,False
4347,1786209894,599.07,-0.16999999999995907,0.10860734577160996,3,3,True
4351,1786209902,599.08,-0.12999999999999545,0.12500666648889974,3,7,False
4364,1786209928,599.41,-0.18000000000006366,0.10819735055293359,3,3,True
4382,1786209964,598.87,-0.17999999999994998,0.13008117123976995,3,3,True
4387,1786209974,598.88,-0.21000000000003638,0.13030306553912172,3,6,False
4395,1786209990,598.85,-0.17999999999994998,0.13840761058074633,3,3,True
4411,1786210022,598.79,-0.19000000000005457,0.09018499505648528,3,7,False
4442,1786210084,600.48,-0.12000000000000455,0.14116971661403432,3,3,True
4446,1786210092,600.57,-0.10999999999989996,0.10850499220465547,3,3,True
4450,1786210100,600.16,-0.21000000000003638,0.12443650768341769,3,4,False
4453,1786210106,600.02,-0.17000000000007276,0.08211780156175409,3,5,False
4454,1786210108,599.85,-0.16999999999995907,0.08337332373794705,3,5,False
4455,1786210110,599.65,-0.20000000000004547,0.08907549856412629,3,9,False
4465,1786210130,599.63,-0.13999999999998636,0.13530213104998845,3,9,False
4471,1786210142,599.65,-0.15999999999996817,0.10606601717797097,3,5,False
4472,1786210144,599.35,-0.2999999999999545,0.1331498737847093,3,8,False
4473,1786210146,599.18,-0.17000000000007276,0.13752171545693756,3,8,False
4474,1786210148,598.98,-0.1999999999999318,0.14387108426950682,3,2,False
4482,1786210164,598.84,-0.2099999999999227,0.1407480017620145,3,0,False
4484,1786210168,598.62,-0.17999999999994998,0.13184165586877694,3,5,False
4523,1786210246,598.08,-0.15999999999996817,0.13236733400321157,3,7,False
4561,1786210322,599.7,-0.14999999999997726,0.1408545348932763,3,5,False
4569,1786210338,599.89,-0.12000000000000455,0.09463966751137816,3,1,False
4574,1786210348,600.05,-0.12000000000000455,0.09117138927438359,3,9,False
4575,1786210350,599.89,-0.15999999999996817,0.09743943988161177,3,7,False
4577,1786210354,599.8,-0.17000000000007276,0.11292081788188155,3,2,False
4591,1786210382,599.15,-0.2799999999999727,0.1396980871578038,3,0,False
4601,1786210402,599.14,-0.13999999999998636,0.14098463273230655,3,1,False
4623,1786210446,599.37,-0.12000000000000455,0.1194850060328263,3,1,False
4639,1786210478,600.35,-0.12000000000000455,0.13628401716024033,3,6,False
4641,1786210482,600.24,-0.12000000000000455,0.14190763819393273,3,8,False
4677,1786210554,598.77,-0.12999999999999545,0.14039626459100277,3,4,False
4678,1786210556,598.64,-0.12999999999999545,0.10723287224022607,3,1,False
4684,1786210568,598.83,-0.11000000000001364,0.10692157042534677,3,7,False
4695,1786210590,599.34,-0.11000000000001364,0.0900678756395468,3,8,False
4699,1786210598,599.51,-0.20000000000004547,0.12841339493994697,3,6,False
4720,1786210640,598.77,-0.17000000000007276,0.1402735422903111,3,3,True
4723,1786210646,598.48,-0.18999999999994088,0.09868580895393071,3,8,False
4765,1786210730,599.73,-0.13999999999998636,0.11845768114487362,3,6,False
4771,1786210742,599.89,-0.22000000000002728,0.13166033740061608,3,8,False
4782,1786210764,600.41,-0.25,0.12771931029495762,3,3,True
4794,1786210788,600.77,-0.10000000000002274,0.10999494937899701,3,4,False
4808,1786210816,599.77,-0.2400000000000091,0.12274635093014123,3,2,False
4850,1786210900,600.28,-0.12000000000000455,0.13689006132254378,3,4,False
4878,1786210956,600.07,-0.14999999999997726,0.0908967668414262,3,5,False
4881,1786210962,599.92,-0.16000000000008185,0.09215928240461352,3,3,True
4883,1786210966,599.62,-0.21000000000003638,0.10674996747332967,3,9,False
4913,1786211026,598.0,-0.12999999999999545,0.136662601565578,3,0,False
4937,1786211074,597.95,-0.12999999999999545,0.11179842972461877,3,2,False
4943,1786211086,598.0,-0.12999999999999545,0.0960092588127716,3,2,False
4946,1786211092,597.77,-0.18000000000006366,0.10027185270276924,3,2,False
4971,1786211142,596.65,-0.13999999999998636,0.14512829573249195,3,3,True
4975,1786211150,596.49,-0.12999999999999545,0.10726913193768876,3,1,False
4976,1786211152,596.31,-0.18000000000006366,0.11047875612784369,3,6,False
4980,1786211160,596.31,-0.11000000000001364,0.09174844836716008,3,9,False
4981,1786211162,595.99,-0.31999999999993634,0.12384578223652999,3,8,False
4984,1786211168,595.86,-0.12999999999999545,0.12703455347966322,3,1,False
4985,1786211170,595.71,-0.14999999999997726,0.12813187650923213,3,3,True
4987,1786211174,595.66,-0.17000000000007276,0.13662601021278628,3,1,False
4991,1786211182,595.6,-0.18999999999994088,0.1241370210694583,3,4,False
4994,1786211188,595.53,-0.19000000000005457,0.13581441586059603,3,8,False
5019,1786211238,596.68,-0.14000000000010004,0.12158216243440326,3,9,False
5085,1786211370,597.7,-0.13999999999998636,0.1291897828777463,3,5,False
5086,1786211372,597.55,-0.15000000000009095,0.12445882853377532,3,1,False
5089,1786211378,597.63,-0.12000000000000455,0.11249197502242954,3,8,False
5090,1786211380,597.48,-0.14999999999997726,0.11548929724342225,3,0,False
5117,1786211434,597.44,-0.11999999999989086,0.14360439485688456,3,9,False
5124,1786211448,597.13,-0.11000000000001364,0.1279583265494057,3,3,True
5127,1786211454,597.28,-0.20000000000004547,0.13777598565143737,3,9,False
5133,1786211466,597.38,-0.15999999999996817,0.13785660827267462,3,8,False
5148,1786211496,597.29,-0.10000000000002274,0.1404595631806233,3,4,False
5159,1786211518,597.07,-0.13999999999998636,0.0878192588344021,3,2,False
5176,1786211552,597.99,-0.2799999999999727,0.13224976370488345,3,3,True
5197,1786211594,598.06,-0.11000000000001364,0.1043551627855649,3,5,False
5198,1786211596,597.95,-0.10999999999989996,0.10629623177181682,3,9,False
5200,1786211600,597.96,-0.12999999999999545,0.08612652191847948,3,8,False
5202,1786211604,597.73,-0.14999999999997726,0.09204467514320688,3,1,False
5206,1786211612,597.65,-0.2400000000000091,0.12647353697731625,3,4,False
5209,1786211618,597.56,-0.16000000000008185,0.12165981715880109,3,6,False
5219,1786211638,597.87,-0.11000000000001364,0.11454741861389368,3,2,False
5233,1786211666,598.43,-0.10000000000002274,0.13736002976767475,3,5,False
5250,1786211700,599.36,-0.2300000000000182,0.14468740250775686,3,7,False
5260,1786211720,599.1,-0.1999999999999318,0.12130768959777968,3,3,True
5279,1786211758,600.58,-0.11000000000001364,0.10250203250018709,3,5,False
5284,1786211768,600.72,-0.11000000000001364,0.09106774035485428,3,6,False
5292,1786211784,600.94,-0.18999999999994088,0.11778039829368987,3,3,True
5295,1786211790,600.77,-0.12000000000000455,0.11249197502241177,3,8,False
5299,1786211798,600.75,-0.13999999999998636,0.10008884941779608,3,3,True
5301,1786211802,600.38,-0.35000000000002274,0.13930382462645266,3,9,False
5303,1786211806,600.22,-0.16999999999995907,0.1387603849967572,3,6,False
5328,1786211856,601.11,-0.2400000000000091,0.14416425816869666,3,9,False
5338,1786211876,601.81,-0.10000000000002274,0.12018504251546078,3,9,False
5356,1786211912,602.55,-0.11000000000001364,0.13235054464059778,3,5,False
5363,1786211926,602.74,-0.12000000000000455,0.12165981715879587,3,8,False
5372,1786211944,602.42,-0.2900000000000773,0.143077290689758,3,8,False
5394,1786211988,603.34,-0.17999999999994998,0.11777568132306568,3,8,False
5395,1786211990,603.18,-0.16000000000008185,0.13160969231449088,3,0,False
5402,1786212004,602.69,-0.2199999999999136,0.11019679366177089,3,0,False
5427,1786212054,603.58,-0.1999999999999318,0.14015864027750685,3,6,False
5428,1786212056,603.46,-0.12000000000000455,0.14353087163083303,3,9,False
5439,1786212078,603.44,-0.17999999999994998,0.13583077707206045,3,8,False
5465,1786212130,602.83,-0.2899999999999636,0.13491149362123578,3,4,False
5466,1786212132,602.64,-0.19000000000005457,0.10553567064162783,3,0,False
5467,1786212134,602.4,-0.2400000000000091,0.11149987543590242,3,1,False
5473,1786212146,602.28,-0.18000000000006366,0.13986104214938894,3,3,True
5475,1786212150,602.11,-0.12000000000000455,0.1197961231055292,3,3,True
5476,1786212152,601.93,-0.18000000000006366,0.11873874215643766,3,2,False
5477,1786212154,601.82,-0.10999999999989996,0.10443498775156405,3,6,False
5487,1786212174,602.7,-0.2099999999999227,0.14482172949294259,3,2,False
5492,1786212184,602.51,-0.11000000000001364,0.11606990230985793,3,8,False
5496,1786212192,602.46,-0.2799999999999727,0.12616127245182418,3,2,False
5497,1786212194,602.32,-0.13999999999998636,0.11764352935881886,3,0,False
5498,1786212196,602.1,-0.22000000000002728,0.12847827313077992,3,3,True
5510,1786212220,602.76,-0.18000000000006366,0.13284912076824787,3,8,False
5513,1786212226,602.36,-0.2300000000000182,0.1354662729653217,3,4,False
5514,1786212228,602.14,-0.22000000000002728,0.13986104214939693,3,3,True
5532,1786212264,602.37,-0.15999999999996817,0.14499425275964414,3,3,True
5536,1786212272,601.93,-0.19000000000005457,0.10022751895339298,3,1,False
5543,1786212286,601.85,-0.2099999999999227,0.10747609553342909,3,7,False
5559,1786212318,602.63,-0.12999999999999545,0.13435028842547614,3,0,False
5571,1786212342,602.55,-0.22000000000002728,0.11489125293077179,3,2,False
5582,1786212364,602.85,-0.15999999999996817,0.12490440789306011,3,8,False
5583,1786212366,602.68,-0.17000000000007276,0.13860014430009815,3,7,False
5597,1786212394,602.95,-0.10999999999989996,0.13070747662028662,3,3,True
5602,1786212404,603.03,-0.12999999999999545,0.1160507551796816,3,7,False
5603,1786212406,602.87,-0.15999999999996817,0.1280668228352129,3,2,False
5613,1786212426,603.03,-0.2400000000000091,0.13175735273600142,3,8,False
5618,1786212436,602.63,-0.16999999999995907,0.1370320319406197,3,6,False
5638,1786212476,603.86,-0.21000000000003638,0.13189221188365394,3,6,False
5641,1786212482,603.85,-0.15999999999996817,0.13549907748763976,3,0,False
5642,1786212484,603.7,-0.14999999999997726,0.1431432848582172,3,6,False
5669,1786212538,604.03,-0.10000000000002274,0.11090035567521221,3,2,False
5684,1786212568,603.96,-0.2599999999999909,0.13636552187248743,3,1,False
5688,1786212576,604.09,-0.16999999999995907,0.14377451481784295,3,3,True
5697,1786212594,604.13,-0.17999999999994998,0.13317073418902223,3,3,True
5721,1786212642,604.36,-0.1999999999999318,0.14476033833738142,3,8,False
5745,1786212690,604.71,-0.2199999999999136,0.13985706989634683,3,2,False
5750,1786212700,604.83,-0.16999999999995907,0.14220876672455612,3,4,False
5774,1786212748,604.41,-0.18000000000006366,0.14502490207623975,3,8,False
5783,1786212766,603.56,-0.16000000000008185,0.12754519896013713,3,7,False
5784,1786212768,603.37,-0.18999999999994088,0.12825322174857773,3,4,False
5785,1786212770,603.14,-0.2300000000000182,0.12825322174857773,3,6,False
5795,1786212790,603.12,-0.22000000000002728,0.11679041056524479,3,8,False
5796,1786212792,602.88,-0.2400000000000091,0.13830722645215646,3,6,False
5798,1786212796,602.74,-0.22000000000002728,0.129224180743743,3,6,False
5824,1786212848,603.85,-0.12000000000000455,0.13141959941771905,3,7,False
5830,1786212860,603.57,-0.12999999999999545,0.13334999895847666,3,4,False
5832,1786212864,603.34,-0.1999999999999318,0.10296169730104479,3,8,False
5841,1786212882,603.53,-0.14999999999997726,0.140984632732311,3,3,True
5859,1786212918,603.47,-0.15999999999996817,0.14428367120980282,3,9,False
5861,1786212922,603.06,-0.3300000000000409,0.14379383389656153,3,3,True
5863,1786212926,602.9,-0.12999999999999545,0.14211106767441203,3,4,False
5869,1786212938,602.92,-0.10000000000002274,0.1420680588075049,3,7,False
5870,1786212940,602.77,-0.14999999999997726,0.14512829573250302,3,5,False
5896,1786212992,602.13,-0.2699999999999818,0.13854802616982298,3,1,False
5899,1786212998,601.9,-0.20000000000004547,0.12670613420211838,3,4,False
5906,1786213012,602.38,-0.14999999999997726,0.13850391089545017,3,0,False
5910,1786213020,602.3,-0.16000000000008185,0.14485241531374413,3,7,False
5913,1786213026,602.3,-0.11000000000001364,0.1369062939872995,3,9,False
5914,1786213028,602.19,-0.10999999999989996,0.10855106325290034,3,3,True
5918,1786213036,602.09,-0.2599999999999909,0.12656135973423654,3,7,False
5957,1786213114,603.27,-0.21000000000003638,0.14164117417693134,3,3,True
5971,1786213142,603.13,-0.15999999999996817,0.06570134448141944,3,5,False
5976,1786213152,603.07,-0.2399999999998954,0.10643725329451913,3,6,False
5983,1786213166,602.75,-0.2300000000000182,0.11247221879198736,3,5,False
5984,1786213168,602.65,-0.10000000000002274,0.09912954487267273,3,2,False
5989,1786213178,603.05,-0.12000000000000455,0.13047349667014016,3,6,False
6020,1786213240,604.05,-0.14000000000010004,0.11209618885386545,3,7,False
6046,1786213292,602.79,-0.13999999999998636,0.12303567684934597,3,2,False
6048,1786213296,602.81,-0.11000000000001364,0.12066482503197157,3,8,False
6054,1786213308,602.52,-0.21000000000003638,0.12579083167437993,3,2,False
6055,1786213310,602.42,-0.10000000000002274,0.10503438590396864,3,8,False
6056,1786213312,602.18,-0.2400000000000091,0.11836384583141178,3,6,False
6071,1786213342,602.99,-0.13999999999998636,0.14135848832745834,3,8,False
6100,1786213400,602.31,-0.20000000000004547,0.1407282645542426,3,7,False
6102,1786213404,602.27,-0.10000000000002274,0.1133529394806067,3,0,False
6106,1786213412,602.11,-0.22000000000002728,0.10805862606322014,3,7,False
6109,1786213418,602.1,-0.1999999999999318,0.13706851490323238,3,5,False
6111,1786213422,601.92,-0.12999999999999545,0.1253661304605977,3,8,False
6159,1786213518,602.66,-0.13999999999998636,0.12552556180580343,3,0,False
6162,1786213524,602.85,-0.13999999999998636,0.1315759180937856,3,1,False
6163,1786213526,602.71,-0.13999999999998636,0.13385315336840772,3,6,False
6165,1786213530,602.54,-0.12000000000000455,0.134808506160901,3,6,False
6169,1786213538,602.53,-0.16000000000008185,0.14024185458622299,3,2,False
6171,1786213542,602.37,-0.14999999999997726,0.109117673484498,3,2,False
6174,1786213548,602.54,-0.11000000000001364,0.1406176849949409,3,4,False
6183,1786213566,602.66,-0.14999999999997726,0.1387603849967426,3,9,False
6185,1786213570,602.37,-0.22000000000002728,0.13367040726269802,3,5,False
6186,1786213572,602.25,-0.12000000000000455,0.11597413504742951,3,3,True
6187,1786213574,602.13,-0.12000000000000455,0.11681419244062287,3,3,True
6221,1786213642,603.28,-0.12999999999999545,0.0860813568666474,3,0,False
6227,1786213654,603.34,-0.15999999999996817,0.11363195951062074,3,5,False
6229,1786213658,603.0,-0.25,0.13649989824986503,3,9,False
6230,1786213660,602.89,-0.11000000000001364,0.1364469778990344,3,1,False
6236,1786213672,602.6,-0.16999999999995907,0.13613718571109176,3,9,False
6269,1786213738,603.28,-0.25,0.1251843085658489,3,4,False
6270,1786213740,603.14,-0.13999999999998636,0.13309979547525366,3,6,False
6274,1786213748,603.0,-0.12999999999999545,0.09009254501160714,3,3,True
6275,1786213750,602.73,-0.2699999999999818,0.11117553687750327,3,7,False
6278,1786213756,602.49,-0.22000000000002728,0.11654279137821247,3,6,False
6279,1786213758,602.36,-0.12999999999999545,0.10549354903922833,3,1,False
6281,1786213762,602.12,-0.18999999999994088,0.10286992865859386,3,6,False
6288,1786213776,602.19,-0.16999999999995907,0.13808210118138342,3,5,False
6291,1786213782,602.07,-0.12000000000000455,0.125808496445113,3,5,False
6292,1786213784,601.95,-0.12000000000000455,0.0958528965539379,3,4,False
6293,1786213786,601.84,-0.11000000000001364,0.09786612170603294,3,0,False
6295,1786213790,601.69,-0.10999999999989996,0.07583608053632536,3,9,False
6296,1786213792,601.59,-0.10000000000002274,0.07644896627453797,3,3,True
6298,1786213796,601.37,-0.15999999999996817,0.057503623074256195,3,3,True
6306,1786213812,601.64,-0.12999999999999545,0.11345581616745236,3,3,True
6308,1786213816,601.53,-0.10000000000002274,0.10243697249203891,3,5,False
6312,1786213824,601.66,-0.13999999999998636,0.09979979959900034,3,6,False
6313,1786213826,601.56,-0.10000000000002274,0.10415799963944142,3,4,False
6348,1786213896,600.95,-0.2599999999999909,0.14377837884127173,3,5,False
6368,1786213936,600.14,-0.2599999999999909,0.1265833059030043,3,4,False
6369,1786213938,600.04,-0.10000000000002274,0.12920268315067607,3,7,False
6372,1786213944,599.87,-0.13999999999998636,0.09582971007643303,3,6,False
6373,1786213946,599.76,-0.11000000000001364,0.09666091936937674,3,1,False
6375,1786213950,599.79,-0.12000000000000455,0.12066482503198084,3,1,False
6385,1786213970,599.84,-0.15999999999996817,0.11088031585653932,3,3,True
6388,1786213976,599.84,-0.10000000000002274,0.11568155523775313,3,2,False
6389,1786213978,599.72,-0.12000000000000455,0.12336035739969664,3,6,False
6410,1786214020,600.23,-0.16999999999995907,0.13149144458859666,3,3,True
6412,1786214024,600.22,-0.2099999999999227,0.11624208455725345,3,9,False
6414,1786214028,600.15,-0.13999999999998636,0.12332882874652656,3,6,False
6420,1786214040,600.06,-0.17000000000007276,0.137521715456938,3,1,False
6422,1786214044,599.73,-0.2799999999999727,0.12731849826321956,3,8,False
6424,1786214048,599.68,-0.10000000000002274,0.12284136111262635,3,2,False
6428,1786214056,599.66,-0.14999999999997726,0.14134276698078374,3,5,False
6432,1786214064,599.69,-0.1999999999999318,0.133183248863277,3,1,False
6433,1786214066,599.51,-0.18000000000006366,0.1423649457478235,3,2,False
6449,1786214098,600.92,-0.12000000000000455,0.14112642086676966,3,3,True
6465,1786214130,601.63,-0.10000000000002274,0.12771496040444497,3,0,False
6489,1786214178,601.56,-0.16000000000008185,0.13375350462697297,3,0,False
6491,1786214182,601.43,-0.17000000000007276,0.12065101187585646,3,5,False
6495,1786214190,601.02,-0.2799999999999727,0.09562077877394591,3,2,False
6497,1786214194,600.84,-0.2799999999999727,0.12936168074220225,3,0,False
6506,1786214212,600.62,-0.12999999999999545,0.1390443574307423,3,9,False
6507,1786214214,600.49,-0.12999999999999545,0.11796892246122592,3,8,False
6519,1786214238,599.66,-0.14999999999997726,0.11143508324481545,3,8,False
6521,1786214242,599.44,-0.2399999999998954,0.12374256431083275,3,0,False
6523,1786214246,599.22,-0.17999999999994998,0.1071914175668788,3,4,False
6525,1786214250,599.01,-0.3300000000000409,0.13408537910184506,3,3,True
6526,1786214252,598.73,-0.2799999999999727,0.14331395217802104,3,3,True
6540,1786214280,598.78,-0.18000000000006366,0.1316603374006477,3,7,False
6550,1786214300,598.17,-0.3300000000000409,0.1395588286948126,3,1,False
6551,1786214302,598.01,-0.15999999999996817,0.14151560573543573,3,2,False
6552,1786214304,597.82,-0.18999999999994088,0.12278707858185677,3,9,False
6558,1786214316,597.5,-0.13999999999998636,0.14408330923459903,3,7,False
6573,1786214346,598.57,-0.14999999999997726,0.13962250694084286,3,2,False
6578,1786214356,598.53,-0.12999999999999545,0.13447841627727125,3,4,False
6593,1786214386,598.43,-0.10000000000002274,0.1265613597342466,3,1,False
6611,1786214422,599.58,-0.17999999999994998,0.14245467115309546,3,3,True
6616,1786214432,599.73,-0.22000000000002728,0.14025769933313353,3,6,False
6630,1786214460,598.34,-0.11000000000001364,0.13266499161418982,3,4,False
6631,1786214462,598.24,-0.10000000000002274,0.13042239071567832,3,3,True
6633,1786214466,598.05,-0.18000000000006366,0.11207140580894805,3,6,False
6634,1786214468,597.86,-0.18999999999994088,0.1126499001330835,3,1,False
6635,1786214470,597.71,-0.14999999999997726,0.09577751997900476,3,1,False
6649,1786214498,597.49,-0.37000000000000455,0.14437605218474522,3,5,False
6673,1786214546,597.39,-0.11000000000001364,0.09264628073122229,3,8,False
6674,1786214548,597.28,-0.11000000000001364,0.10078028907808356,3,0,False
6686,1786214572,597.21,-0.2300000000000182,0.10119288512540751,3,0,False
6717,1786214634,597.15,-0.13999999999998636,0.11357327541674848,3,9,False
6738,1786214676,596.67,-0.18000000000006366,0.12799305536720124,3,6,False
6743,1786214686,596.51,-0.19000000000005457,0.08771798244630821,3,5,False
6744,1786214688,596.25,-0.2599999999999909,0.1073105565895616,3,7,False
6746,1786214692,596.12,-0.14999999999997726,0.10946841249117828,3,3,True
6750,1786214700,595.86,-0.22000000000002728,0.11510381787279451,3,7,False
6754,1786214708,595.92,-0.12999999999999545,0.13671137480107834,3,2,False
6755,1786214710,595.72,-0.1999999999999318,0.1447027604743176,3,8,False
6772,1786214744,595.21,-0.25,0.08740709353363557,3,9,False
6776,1786214752,594.97,-0.2300000000000182,0.10352133435513579,3,6,False
6777,1786214754,594.86,-0.11000000000001364,0.09859569519564786,3,6,False
6778,1786214756,594.76,-0.10000000000002274,0.09877021593353726,3,7,False
6780,1786214760,594.64,-0.12999999999999545,0.09764447984626115,3,6,False
6781,1786214762,594.46,-0.17999999999994998,0.10077477638554506,3,4,False
6784,1786214768,594.46,-0.16999999999995907,0.11675710780171525,3,0,False
6788,1786214776,594.58,-0.11000000000001364,0.1180207138128085,3,9,False
6790,1786214780,594.58,-0.11000000000001364,0.122673912829442,3,7,False
6794,1786214788,594.65,-0.18000000000006366,0.1231485101637726,3,4,False
6796,1786214792,594.49,-0.14999999999997726,0.12384578223653422,3,3,True
6797,1786214794,594.33,-0.15999999999996817,0.12980326994682428,3,9,False
6799,1786214798,594.28,-0.11000000000001364,0.12440525176480381,3,5,False
6817,1786214834,595.16,-0.10000000000002274,0.11532080856849297,3,0,False
6819,1786214838,595.05,-0.15000000000009095,0.10911767348451361,3,9,False
6825,1786214850,595.49,-0.15999999999996817,0.1443029221233471,3,4,False
6831,1786214862,595.83,-0.1999999999999318,0.13974580097050637,3,8,False
6835,1786214870,595.73,-0.14999999999997726,0.14190763819392738,3,4,False
6852,1786214904,596.0,-0.10000000000002274,0.13065646218657795,3,2,False
6854,1786214908,595.74,-0.17999999999994998,0.12810152223920762,3,7,False
6858,1786214916,595.73,-0.16999999999995907,0.1220200347848166,3,4,False
6859,1786214918,595.54,-0.19000000000005457,0.1320942424517075,3,7,False
6867,1786214934,595.72,-0.17999999999994998,0.1274362585765864,3,0,False
6872,1786214944,595.8,-0.11000000000001364,0.10667187487282882,3,5,False
6879,1786214958,595.84,-0.2400000000000091,0.12913816889931773,3,0,False
6885,1786214970,595.57,-0.12000000000000455,0.12749291919338168,3,1,False
6894,1786214988,595.76,-0.12000000000000455,0.12028207587907169,3,0,False
6901,1786215002,595.91,-0.19000000000005457,0.12498888839500928,3,9,False
6946,1786215092,597.2,-0.15999999999996817,0.10011659869036557,3,9,False
6947,1786215094,596.99,-0.21000000000003638,0.11510864433220057,3,0,False
6971,1786215142,596.64,-0.2300000000000182,0.14017449443065608,3,8,False
6973,1786215146,596.57,-0.2099999999999227,0.14281300905573938,3,1,False
6981,1786215162,596.57,-0.16999999999995907,0.13638589043998703,3,9,False
6982,1786215164,596.39,-0.18000000000006366,0.13560154046978162,3,3,True
6983,1786215166,596.23,-0.15999999999996817,0.12937456387474291,3,7,False
7004,1786215208,596.6,-0.2099999999999227,0.12330630334432321,3,9,False
7011,1786215222,597.04,-0.22000000000002728,0.13890444357341378,3,1,False
7040,1786215280,598.68,-0.10000000000002274,0.1066718748728523,3,2,False
7052,1786215304,598.14,-0.13999999999998636,0.09043106644165828,3,4,False
7055,1786215310,598.04,-0.22000000000002728,0.09603240193925534,3,5,False
7065,1786215330,598.19,-0.11999999999989086,0.1405742192264166,3,4,False
7068,1786215336,598.05,-0.15000000000009095,0.09870832453919877,3,6,False
7071,1786215342,598.08,-0.16999999999995907,0.12242457995754666,3,8,False
7077,1786215354,598.3,-0.17000000000007276,0.14321700705962714,3,1,False
7094,1786215388,598.55,-0.15000000000009095,0.14053864632591323,3,6,False
7119,1786215438,599.32,-0.15999999999996817,0.08896940797576927,3,2,False
7120,1786215440,599.22,-0.10000000000002274,0.09189970378384617,3,6,False
7125,1786215450,599.29,-0.21000000000003638,0.12931013537659825,3,7,False
7126,1786215452,599.17,-0.12000000000000455,0.13121653012399184,3,9,False
7151,1786215502,599.0,-0.17999999999994998,0.1126893468295973,3,0,False
7152,1786215504,598.9,-0.10000000000002274,0.11898179132396718,3,4,False
7175,1786215550,598.69,-0.25,0.1211060141638992,3,0,False
7187,1786215574,597.42,-0.2400000000000091,0.12099586769804202,3,2,False
7189,1786215578,597.39,-0.12999999999999545,0.11948500603284787,3,1,False
7193,1786215586,597.5,-0.13999999999998636,0.12799739580684946,3,0,False
7199,1786215598,597.71,-0.15999999999996817,0.12053584068189274,3,0,False
7201,1786215602,597.59,-0.11000000000001364,0.11961047891664203,3,7,False
7203,1786215606,597.47,-0.1999999999999318,0.1310682604175663,3,0,False
7234,1786215668,597.19,-0.2099999999999227,0.1018495622638118,3,4,False
7239,1786215678,597.15,-0.19000000000005457,0.1198888374008835,3,5,False
7240,1786215680,597.05,-0.10000000000002274,0.12087183294714354,3,1,False
7267,1786215734,597.91,-0.10000000000002274,0.13260216187278204,3,0,False
7284,1786215768,598.35,-0.2599999999999909,0.1402418545861953,3,0,False
7315,1786215830,598.71,-0.13999999999998636,0.1242041330498742,3,8,False
7316,1786215832,598.58,-0.12999999999999545,0.1242041330498742,3,3,True
7317,1786215834,598.43,-0.15000000000009095,0.1273839340995262,3,5,False
7318,1786215836,598.25,-0.17999999999994998,0.12254704312133094,3,9,False
7320,1786215840,597.96,-0.2300000000000182,0.11758684733705664,3,4,False
7321,1786215842,597.84,-0.12000000000000455,0.09067647005824903,3,5,False
7333,1786215866,598.61,-0.13999999999998636,0.11742136848878733,3,4,False
7338,1786215876,598.97,-0.14999999999997726,0.13674388062682968,3,8,False
7345,1786215890,599.04,-0.16000000000008185,0.1384035966135069,3,1,False
7348,1786215896,599.13,-0.12000000000000455,0.12103259432439759,3,3,True
7373,1786215946,599.95,-0.2099999999999227,0.12747112962894266,3,2,False
7377,1786215954,600.08,-0.14999999999997726,0.1288582339023728,3,3,True
7404,1786216008,600.8,-0.12000000000000455,0.11096045341570902,3,0,False
7407,1786216014,600.48,-0.21000000000003638,0.09683892697554908,3,2,False
7409,1786216018,600.57,-0.14999999999997726,0.13955882869479538,3,8,False
7412,1786216024,600.55,-0.11000000000001364,0.1379573202922476,3,4,False
7418,1786216036,600.8,-0.15000000000009095,0.13870832707522365,3,8,False
7419,1786216038,600.68,-0.12000000000000455,0.13519122259479305,3,9,False
7426,1786216052,600.96,-0.11000000000001364,0.1216050072068746,3,7,False
7427,1786216054,600.77,-0.19000000000005457,0.1334832490531506,3,4,False
7478,1786216156,600.99,-0.13999999999998636,0.11153474794877614,3,6,False
7481,1786216162,601.0,-0.15999999999996817,0.14132704388518927,3,5,False
7513,1786216226,600.1,-0.11000000000001364,0.1344164341804383,3,9,False
7522,1786216244,599.67,-0.10000000000002274,0.12988884136488812,3,0,False
7545,1786216290,599.93,-0.19000000000005457,0.09302926660167024,3,8,False
7550,1786216300,599.96,-0.16999999999995907,0.10855106325290795,3,7,False
7558,1786216316,599.94,-0.12999999999999545,0.10031062866027518,3,2,False
7560,1786216320,599.86,-0.15999999999996817,0.0995545634870974,3,4,False
7570,1786216340,600.45,-0.12999999999999545,0.10754327294420751,3,7,False
7572,1786216344,600.23,-0.13999999999998636,0.09395034149307438,3,5,False
7576,1786216352,600.08,-0.2099999999999227,0.10836666154003119,3,3,True
7598,1786216396,600.57,-0.18999999999994088,0.10349986580770743,3,3,True
7599,1786216398,600.43,-0.14000000000010004,0.11183320914049451,3,2,False
7650,1786216500,601.98,-0.12999999999999545,0.1284955684493043,3,6,False
7651,1786216502,601.86,-0.12000000000000455,0.1311699491330043,3,7,False
7652,1786216504,601.67,-0.19000000000005457,0.14476033833739682,3,8,False
7655,1786216510,601.39,-0.14999999999997726,0.13233375314794277,3,1,False
7657,1786216514,601.19,-0.2199999999999136,0.13666260156554874,3,7,False
7663,1786216526,601.01,-0.2599999999999909,0.12587913073878074,3,4,False
7668,1786216536,601.06,-0.16000000000008185,0.13067772062088928,3,0,False
7670,1786216540,600.84,-0.2599999999999909,0.14228297313610055,3,5,False
7676,1786216552,600.29,-0.12000000000000455,0.12545030003068422,3,3,True
7677,1786216554,600.03,-0.2599999999999909,0.10354279845125484,3,5,False
7681,1786216562,600.03,-0.12999999999999545,0.10119288512539733,3,4,False
7684,1786216568,599.7,-0.2099999999999227,0.10677078252029543,3,7,False
7686,1786216572,599.56,-0.11000000000001364,0.10739853092309833,3,6,False
7688,1786216576,599.55,-0.11000000000001364,0.09786612170600595,3,8,False
7690,1786216580,599.22,-0.36000000000001364,0.12790621564255542,3,4,False
7693,1786216586,599.25,-0.10000000000002274,0.14477568856683448,3,1,False
7738,1786216676,601.98,-0.13999999999998636,0.10908202825804333,3,7,False
7750,1786216700,601.68,-0.19000000000005457,0.13367040726271856,3,8,False
7754,1786216708,601.5,-0.21000000000003638,0.12443650768342668,3,8,False
7758,1786216716,601.44,-0.2799999999999727,0.13982528780987025,3,1,False
7759,1786216718,601.31,-0.13000000000010914,0.14104372844383167,3,2,False
7761,1786216722,601.3,-0.12000000000000455,0.14389811210252057,3,6,False
7762,1786216724,601.16,-0.13999999999998636,0.13687382673267612,3,2,False
7767,1786216734,601.02,-0.10000000000002274,0.1308943594405039,3,3,True
7772,1786216744,601.31,-0.17000000000007276,0.14081114223593708,3,6,False
7786,1786216772,601.37,-0.11000000000001364,0.13574895129530784,3,3,True
7787,1786216774,601.13,-0.2400000000000091,0.14301903525210996,3,1,False
7817,1786216834,601.56,-0.16000000000008185,0.12536169891783497,3,0,False
7818,1786216836,601.4,-0.15999999999996817,0.13258540224662108,3,7,False
7819,1786216838,601.27,-0.12999999999999545,0.11063453348754103,3,6,False
7820,1786216840,601.06,-0.21000000000003638,0.1189957982451782,3,3,True
7824,1786216848,601.18,-0.14000000000010004,0.12797569213639132,3,0,False
7826,1786216852,601.0,-0.10000000000002274,0.12172829489394157,3,5,False
7834,1786216868,600.99,-0.12999999999999545,0.07460265112953958,3,5,False
7847,1786216894,601.49,-0.10000000000002274,0.08303279138055639,3,9,False
7850,1786216900,601.38,-0.21000000000003638,0.11419281938898053,3,4,False
7856,1786216912,601.15,-0.2799999999999727,0.12747112962898893,3,1,False
7860,1786216920,600.72,-0.2799999999999727,0.12755826555386193,3,5,False
7861,1786216922,600.55,-0.17000000000007276,0.13118688958885985,3,3,True
7863,1786216926,600.56,-0.17000000000007276,0.1437010786320175,3,5,False
7889,1786216978,601.94,-0.10999999999989996,0.1389804142876084,3,0,False
7893,1786216986,602.21,-0.13999999999998636,0.13809819372862234,3,3,True
7909,1786217018,602.4,-0.21000000000003638,0.11783227250820462,3,4,False
7911,1786217022,602.17,-0.17000000000007276,0.13127155907593596,3,5,False
7913,1786217026,602.04,-0.11000000000001364,0.13083067937861756,3,3,True
7914,1786217028,601.83,-0.2099999999999227,0.14184890239657327,3,9,False
7921,1786217042,601.73,-0.14999999999997726,0.09264028401412595,3,1,False
7922,1786217044,601.61,-0.12000000000000455,0.09512564790257491,3,9,False
7925,1786217050,601.67,-0.10000000000002274,0.09930872178323426,3,9,False
7930,1786217060,601.87,-0.11000000000001364,0.1252064961041107,3,5,False
7932,1786217064,601.74,-0.11000000000001364,0.11304374767713517,3,5,False
7973,1786217146,601.29,-0.2900000000000773,0.13763478242559532,3,8,False
8000,1786217200,603.39,-0.12000000000000455,0.11298475806743069,3,6,False
8029,1786217258,604.17,-0.3100000000000591,0.1417391971192149,3,8,False
8071,1786217342,603.73,-0.17999999999994998,0.1052826882466571,3,0,False
8076,1786217352,604.06,-0.12000000000000455,0.12894443247639875,3,9,False
8085,1786217370,604.29,-0.20000000000004547,0.1336205240389789,3,3,True
8090,1786217380,604.12,-0.12999999999999545,0.12862088995701787,3,8,False
8091,1786217382,603.98,-0.13999999999998636,0.13486206945534948,3,8,False
8095,1786217390,604.1,-0.12999999999999545,0.11685223337377462,3,9,False
8096,1786217392,603.99,-0.11000000000001364,0.11983321743154278,3,5,False
8099,1786217398,603.85,-0.11000000000001364,0.1186029791643619,3,7,False
8107,1786217414,604.11,-0.17999999999994998,0.14206414826484517,3,1,False
8112,1786217424,604.08,-0.15999999999996817,0.13582668695393815,3,5,False
8113,1786217426,603.95,-0.12999999999999545,0.14045956318059488,3,7,False
8115,1786217430,603.75,-0.22000000000002728,0.13573258022056506,3,4,False
8156,1786217512,603.78,-0.11000000000001364,0.13695498043762688,3,7,False
8157,1786217514,603.67,-0.11000000000001364,0.13802173741843662,3,4,False
8161,1786217522,603.95,-0.13999999999998636,0.1447027604743484,3,7,False
8185,1786217570,604.16,-0.10000000000002274,0.13326664999166274,3,0,False
8189,1786217578,604.13,-0.10000000000002274,0.1305926661204555,3,2,False
8195,1786217590,604.48,-0.12999999999999545,0.12053584068190934,3,3,True
8198,1786217596,604.19,-0.2199999999999136,0.13065646218657204,3,6,False
8201,1786217602,603.95,-0.14999999999997726,0.11479934184867284,3,8,False
8217,1786217634,604.07,-0.18999999999994088,0.12894443247643503,3,6,False
8219,1786217638,603.93,-0.12999999999999545,0.11321562514855585,3,6,False
8220,1786217640,603.76,-0.16999999999995907,0.1225878369895515,3,9,False
8222,1786217644,603.55,-0.14000000000010004,0.12229745159514903,3,5,False
8226,1786217652,603.86,-0.13999999999998636,0.14290634073483924,3,4,False
8234,1786217668,603.04,-0.21000000000003638,0.14101221381302007,3,3,True
8235,1786217670,602.93,-0.11000000000001364,0.11747813035248748,3,1,False
8236,1786217672,602.71,-0.2199999999999136,0.12258783698956713,3,4,False
8237,1786217674,602.44,-0.2699999999999818,0.11005049346146353,3,1,False
8238,1786217676,602.21,-0.2300000000000182,0.10819735055290178,3,8,False
8247,1786217694,602.32,-0.18999999999994088,0.12443650768340661,3,1,False
8252,1786217704,602.22,-0.2799999999999727,0.13502674632168313,3,2,False
8304,1786217808,602.23,-0.11000000000001364,0.06073622386094637,3,5,False
8306,1786217812,601.92,-0.3300000000000409,0.11106054404893223,3,3,True
8321,1786217842,602.19,-0.14999999999997726,0.09140872800533315,3,4,False
8330,1786217860,603.11,-0.14999999999997726,0.13960659010231852,3,4,False
8341,1786217882,602.86,-0.10000000000002274,0.13798550648526117,3,9,False
8343,1786217886,602.68,-0.11000000000001364,0.11864512913163287,3,0,False
8379,1786217958,603.25,-0.17999999999994998,0.14071247279468072,3,6,False
8382,1786217964,603.13,-0.11000000000001364,0.1378606381660568,3,9,False
8384,1786217968,602.96,-0.2300000000000182,0.1392400006383792,3,2,False
8385,1786217970,602.72,-0.2400000000000091,0.13856807392437853,3,5,False
8387,1786217974,602.62,-0.12999999999999545,0.12427567921538771,3,3,True
8393,1786217986,602.33,-0.2699999999999818,0.12659647177811598,3,4,False
8423,1786218046,603.4,-0.19000000000005457,0.13652838532701297,3,7,False
8424,1786218048,603.27,-0.12999999999999545,0.13652838532701297,3,4,False
8455,1786218110,604.33,-0.13999999999998636,0.12908223046654696,3,5,False
8457,1786218114,604.31,-0.14000000000010004,0.14059002651523503,3,1,False
8459,1786218118,604.24,-0.16999999999995907,0.11580155439370972,3,8,False
8460,1786218120,604.08,-0.15999999999996817,0.12057270743322437,3,6,False
8462,1786218124,603.94,-0.11999999999989086,0.1152822622956329,3,2,False
8466,1786218132,604.07,-0.12999999999999545,0.12416834450766791,3,5,False
8470,1786218140,604.27,-0.12999999999999545,0.1282748784620056,3,0,False
8479,1786218158,604.07,-0.2399999999998954,0.1443029221233032,3,7,False
8480,1786218160,603.97,-0.10000000000002274,0.1423610433603865,3,0,False
8487,1786218174,603.75,-0.11000000000001364,0.1047801932088827,3,4,False
8490,1786218180,603.69,-0.2799999999999727,0.13886844293953596,3,5,False
8491,1786218182,603.55,-0.14000000000010004,0.13574895129534031,3,3,True
8492,1786218184,603.43,-0.12000000000000455,0.13098345951559268,3,0,False
8502,1786218204,603.44,-0.25,0.13947919000498124,3,9,False
8506,1786218212,603.19,-0.2099999999999227,0.1296191001014501,3,6,False
8517,1786218234,603.66,-0.2699999999999818,0.13999999999999077,3,0,False
8534,1786218268,603.82,-0.10999999999989996,0.1154171179293098,3,3,True
8536,1786218272,603.59,-0.13999999999998636,0.10002221975361823,3,8,False
8539,1786218278,603.63,-0.19000000000005457,0.12728358539541113,3,2,False
8540,1786218280,603.52,-0.11000000000001364,0.12929294902146277,3,2,False
8543,1786218286,603.62,-0.12999999999999545,0.12905209972893478,3,5,False
8589,1786218378,603.03,-0.20000000000004547,0.13283239230117966,3,8,False
8592,1786218384,603.02,-0.14999999999997726,0.12363027317144334,3,4,False
8606,1786218412,603.48,-0.12000000000000455,0.0662403032735914,3,6,False
8607,1786218414,603.26,-0.22000000000002728,0.09993887020463946,3,0,False
8610,1786218420,603.13,-0.2300000000000182,0.1325854022465902,3,6,False
8613,1786218426,603.07,-0.14999999999997726,0.14080719678577786,3,5,False
8614,1786218428,602.95,-0.12000000000000455,0.1358307770720669,3,5,False
8618,1786218436,602.7,-0.18999999999994088,0.12229290885228622,3,2,False
8619,1786218438,602.52,-0.18000000000006366,0.10319345371141532,3,7,False
8621,1786218442,602.29,-0.18000000000006366,0.08932462644137852,3,4,False
8622,1786218444,602.14,-0.14999999999997726,0.07435649863252967,3,9,False
8632,1786218464,602.73,-0.21000000000003638,0.14161371559438435,3,9,False
8647,1786218494,602.83,-0.12000000000000455,0.10122033173012901,3,9,False
8656,1786218512,602.55,-0.12000000000000455,0.05120763831913882,3,8,False
8667,1786218534,602.76,-0.18000000000006366,0.11083521301666897,3,5,False
8671,1786218542,602.67,-0.10000000000002274,0.090798923145877,3,3,True
8675,1786218550,602.75,-0.14999999999997726,0.10053191864612016,3,7,False
8683,1786218566,603.17,-0.11000000000001364,0.10914312723311514,3,0,False
8685,1786218570,603.16,-0.13999999999998636,0.1095901455423879,3,0,False
8698,1786218596,602.21,-0.12000000000000455,0.1426573205661696,3,5,False
8716,1786218632,602.31,-0.2800000000000864,0.1384878654932951,3,4,False
8730,1786218660,602.4,-0.2599999999999909,0.12404748194856267,3,9,False
8743,1786218686,602.24,-0.2599999999999909,0.14224001624798954,3,4,False
8769,1786218738,602.12,-0.14999999999997726,0.11215564581817081,3,8,False
8773,1786218746,602.2,-0.17999999999994998,0.11991200477387143,3,5,False
8782,1786218764,602.43,-0.25,0.13802173741841134,3,2,False
8821,1786218842,603.48,-0.16999999999995907,0.1392400006383883,3,6,False
8833,1786218866,603.44,-0.17999999999994998,0.11606990230986211,3,1,False
8839,1786218878,603.41,-0.14999999999997726,0.10883728936145166,3,9,False
8841,1786218882,603.27,-0.12000000000000455,0.11118053386768868,3,7,False
8843,1786218886,603.09,-0.2799999999999727,0.13550317749449586,3,3,True
8844,1786218888,602.93,-0.16000000000008185,0.14109098719146707,3,3,True
8853,1786218906,602.58,-0.12999999999999545,0.1394791900049755,3,0,False
8868,1786218936,603.53,-0.14999999999997726,0.1395389232834852,3,2,False
8872,1786218944,603.71,-0.11000000000001364,0.12320263344950262,3,6,False
8879,1786218958,603.64,-0.12999999999999545,0.11282237760696955,3,0,False
8880,1786218960,603.5,-0.13999999999998636,0.11374923687167943,3,4,False
8881,1786218962,603.34,-0.15999999999996817,0.1013026269265444,3,2,False
8882,1786218964,603.22,-0.12000000000000455,0.10202940752545954,3,7,False
8884,1786218968,603.15,-0.12000000000000455,0.10195859726159458,3,4,False
8909,1786219018,604.75,-0.13999999999998636,0.10499206319209411,3,7,False
8910,1786219020,604.57,-0.17999999999994998,0.11236844159578784,3,8,False
8922,1786219044,605.35,-0.11000000000001364,0.0959166304662589,3,5,False
8923,1786219046,605.25,-0.10000000000002274,0.10700467279517145,3,3,True
8963,1786219126,603.96,-0.12000000000000455,0.09859569519562424,3,7,False
8989,1786219178,603.45,-0.16999999999995907,0.13491149362124336,3,7,False
8991,1786219182,603.25,-0.22000000000002728,0.13062244149544053,3,5,False
8994,1786219188,602.86,-0.35000000000002274,0.14205241599104176,3,6,False
9006,1786219212,602.81,-0.15000000000009095,0.12890995996343912,3,6,False
9014,1786219228,603.22,-0.17999999999994998,0.1318458696104557,3,7,False
9018,1786219236,603.25,-0.10000000000002274,0.12833982667555718,3,7,False
9023,1786219246,602.72,-0.11000000000001364,0.11545080722491777,3,8,False
9034,1786219268,603.81,-0.12000000000000455,0.13727911551126568,3,4,False
9049,1786219298,603.47,-0.17999999999994998,0.14437990010923954,3,3,True
9053,1786219306,602.84,-0.14999999999997726,0.13874036503083997,3,7,False
9062,1786219324,602.45,-0.16999999999995907,0.142610580875947,3,0,False
9063,1786219326,602.3,-0.15000000000009095,0.1426105808759555,3,7,False
9072,1786219344,601.42,-0.15000000000009095,0.14407174138833473,3,1,False
9073,1786219346,601.31,-0.11000000000001364,0.1431743304118741,3,9,False
9094,1786219388,600.58,-0.2099999999999227,0.1409491634124048,3,9,False
9096,1786219392,600.34,-0.14999999999997726,0.13613718571104616,3,0,False
9102,1786219404,599.81,-0.10000000000002274,0.07627435858645178,3,6,False
9103,1786219406,599.66,-0.14999999999997726,0.07424434134814528,3,9,False
9107,1786219414,599.69,-0.18999999999994088,0.11278790321267682,3,0,False
9117,1786219434,600.25,-0.11000000000001364,0.08617811013631957,3,5,False
9121,1786219442,600.28,-0.13999999999998636,0.09213516640722634,3,5,False
9126,1786219452,600.22,-0.2599999999999909,0.132681741187101,3,6,False
9149,1786219498,599.91,-0.18000000000006366,0.13100042408755067,3,4,False
9150,1786219500,599.74,-0.16999999999995907,0.1106345334875423,3,3,True
9153,1786219506,599.66,-0.10000000000002274,0.11195733314281307,3,7,False
9168,1786219536,599.55,-0.12000000000000455,0.13549907748763132,3,9,False
9171,1786219542,599.31,-0.12000000000000455,0.13800563595576323,3,1,False
9238,1786219676,598.57,-0.1999999999999318,0.10066997787047409,3,3,True
9241,1786219682,598.27,-0.3300000000000409,0.1303670033235191,3,0,False
9242,1786219684,598.0,-0.2699999999999818,0.14275464576989158,3,7,False
9255,1786219710,598.7,-0.14999999999997726,0.08456424250891846,3,2,False
9258,1786219716,598.39,-0.14999999999997726,0.0828921655592969,3,3,True
9274,1786219748,599.01,-0.13999999999998636,0.1186779020898188,3,9,False
9316,1786219832,598.16,-0.2800000000000864,0.1050343859039923,3,1,False
9317,1786219834,598.01,-0.14999999999997726,0.10716550025288099,3,2,False
9327,1786219854,598.41,-0.10000000000002274,0.13888444437334632,3,3,True
9334,1786219868,598.73,-0.12999999999999545,0.12447221912272671,3,1,False
9335,1786219870,598.51,-0.22000000000002728,0.14491376746190618,3,2,False
9337,1786219874,598.25,-0.16999999999995907,0.14041209191360934,3,0,False
9343,1786219886,597.93,-0.22000000000002728,0.13532265967759943,3,2,False
9345,1786219890,597.67,-0.25,0.1406492880259935,3,4,False
9347,1786219894,597.45,-0.18999999999994088,0.14321700705959262,3,7,False
9351,1786219902,597.4,-0.18000000000006366,0.12666666666666812,3,5,False
9353,1786219906,597.05,-0.3000000000000682,0.13231276078546264,3,2,False
9354,1786219908,596.82,-0.2299999999999045,0.13613718571108707,3,7,False
9356,1786219912,596.61,-0.15999999999996817,0.12754519896012417,3,7,False
9357,1786219914,596.47,-0.13999999999998636,0.12470409420348652,3,5,False
9363,1786219926,596.53,-0.19000000000005457,0.12899612397276045,3,3,True
9365,1786219930,596.41,-0.22000000000002728,0.1361535081361446,3,6,False
9368,1786219936,596.33,-0.12999999999999545,0.13423031616509284,3,2,False
9392,1786219984,596.5,-0.2300000000000182,0.10471654862322294,3,9,False
9394,1786219988,596.47,-0.12000000000000455,0.10905656024897396,3,0,False
9398,1786219996,596.33,-0.17999999999994998,0.12120231020901773,3,9,False
9399,1786219998,596.19,-0.13999999999998636,0.12633289357883984,3,4,False
9400,1786220000,596.04,-0.15000000000009095,0.12497110777208142,3,4,False
9402,1786220004,595.81,-0.2300000000000182,0.1127879032126845,3,8,False
9404,1786220008,595.7,-0.17999999999994998,0.11431438132527214,3,9,False
9405,1786220010,595.59,-0.11000000000001364,0.11474125481080348,3,1,False
9409,1786220018,595.17,-0.3300000000000409,0.12299954832800615,3,2,False
9420,1786220040,595.52,-0.2400000000000091,0.12382783747339074,3,7,False
9422,1786220044,595.33,-0.13999999999998636,0.13431306712305027,3,0,False
9429,1786220058,595.14,-0.10000000000002274,0.140063477672726,3,0,False
9451,1786220102,595.6,-0.2599999999999909,0.13758229860302285,3,7,False
9455,1786220110,595.62,-0.17999999999994998,0.14234543274098796,3,7,False
9470,1786220140,595.25,-0.12000000000000455,0.14392899483965924,3,0,False
9500,1786220200,596.43,-0.16000000000008185,0.1234728940114334,3,9,False
9522,1786220244,595.96,-0.16999999999995907,0.14477568856681955,3,3,True
9527,1786220254,596.15,-0.20000000000004547,0.13979747255702554,3,5,False
9533,1786220266,596.23,-0.13999999999998636,0.14522013940529105,3,1,False
9537,1786220274,595.44,-0.15999999999996817,0.1421618795598965,3,0,False
9546,1786220292,595.4,-0.13999999999998636,0.09357112565077971,3,1,False
9549,1786220298,595.31,-0.21000000000003638,0.1295676571439834,3,1,False
9557,1786220314,595.38,-0.12999999999999545,0.12570247058478218,3,5,False
9558,1786220316,595.15,-0.2300000000000182,0.1237425643108645,3,7,False
9562,1786220324,594.85,-0.2999999999999545,0.14142135623730323,3,3,True
9570,1786220340,594.46,-0.12000000000000455,0.14327905949191924,3,0,False
9596,1786220392,596.28,-0.11000000000001364,0.13214470183182317,3,2,False
9606,1786220412,596.58,-0.12000000000000455,0.099442892601185,3,7,False
9622,1786220444,596.97,-0.22000000000002728,0.10022751895341525,3,8,False
9638,1786220476,597.88,-0.21000000000003638,0.12318008497049913,3,9,False
9681,1786220562,599.04,-0.13999999999998636,0.114158758850217,3,0,False
9682,1786220564,598.9,-0.13999999999998636,0.12209286083414124,3,7,False
9743,1786220686,599.65,-0.10000000000002274,0.14476033833739319,3,1,False
9747,1786220694,599.6,-0.10000000000002274,0.1314069167805646,3,3,True
9748,1786220696,599.43,-0.17000000000007276,0.1393795776527744,3,6,False
9749,1786220698,599.26,-0.16999999999995907,0.14286357128392807,3,1,False
9753,1786220706,599.04,-0.18000000000006366,0.11039826890752738,3,3,True
9762,1786220724,599.34,-0.11000000000001364,0.1215456018675066,3,8,False
9763,1786220726,599.18,-0.16000000000008185,0.11815244390194181,3,5,False
9766,1786220732,598.92,-0.18000000000006366,0.12858201014658444,3,2,False
9771,1786220742,598.86,-0.17999999999994998,0.10049322807478678,3,4,False
9806,1786220812,598.01,-0.14999999999997726,0.13742068419433795,3,4,False
9809,1786220818,597.81,-0.17000000000007276,0.12356284950490878,3,7,False
9848,1786220896,597.02,-0.21000000000003638,0.0902096324001935,3,4,False
9851,1786220902,597.18,-0.14000000000010004,0.12749291919338185,3,9,False
9860,1786220920,597.21,-0.12999999999999545,0.08116512661099687,3,2,False
9910,1786221020,597.46,-0.12999999999999545,0.108032916794437,3,6,False
9920,1786221040,597.5,-0.11000000000001364,0.07456540752919666,3,6,False
9922,1786221044,597.15,-0.3100000000000591,0.12046668511344463,3,4,False
9923,1786221046,596.94,-0.2099999999999227,0.1323967102645903,3,0,False
9942,1786221084,597.62,-0.21000000000003638,0.14425671561488757,3,1,False
9950,1786221100,596.72,-0.18999999999994088,0.14153523314787614,3,8,False
9951,1786221102,596.58,-0.13999999999998636,0.1189070598782511,3,4,False
9953,1786221106,596.61,-0.12999999999999545,0.1232882800593597,3,0,False
9955,1786221110,596.49,-0.21000000000003638,0.1385801011849889,3,8,False
9956,1786221112,596.28,-0.21000000000003638,0.12927146286443134,3,9,False
9957,1786221114,596.09,-0.18999999999994088,0.1300811712397676,3,3,True
9984,1786221168,597.05,-0.10000000000002274,0.09573690801124773,3,2,False
9986,1786221172,596.92,-0.10000000000002274,0.06501281924871272,3,8,False
9987,1786221174,596.68,-0.2400000000000091,0.10152175464729694,3,4,False
9989,1786221178,596.39,-0.25,0.11671903586532784,3,8,False
9990,1786221180,596.28,-0.11000000000001364,0.1053090689352122,3,5,False
9991,1786221182,596.15,-0.12999999999999545,0.10053191864609765,3,6,False
9995,1786221190,596.29,-0.17000000000007276,0.13880842113425246,3,8,False
10030,1786221260,597.17,-0.13999999999998636,0.11432896007184466,3,7,False
10118,1786221436,597.38,-0.10000000000002274,0.14375905768565572,3,8,False
10138,1786221476,596.31,-0.2900000000000773,0.13406466101600767,3,0,False
10143,1786221486,596.09,-0.31999999999993634,0.14437605218473284,3,5,False
10159,1786221518,596.73,-0.18999999999994088,0.1275800402361763,3,6,False
10161,1786221522,596.67,-0.19000000000005457,0.14408330923462084,3,6,False
10182,1786221564,596.92,-0.12000000000000455,0.08243515970478625,3,8,False
10184,1786221568,596.75,-0.2300000000000182,0.11057425860780791,3,7,False
10192,1786221584,597.61,-0.11000000000001364,0.13843971812872,3,1,False
10195,1786221590,597.82,-0.10999999999989996,0.11027742793113646,3,8,False
10197,1786221594,597.77,-0.11000000000001364,0.1251488003227306,3,0,False
10198,1786221596,597.6,-0.16999999999995907,0.1432325226879356,3,6,False
10214,1786221628,598.35,-0.13999999999998636,0.13584713631296538,3,4,False
10215,1786221630,598.24,-0.11000000000001364,0.14284412639109081,3,0,False
10257,1786221714,597.0,-0.12999999999999545,0.13755402978872494,3,2,False
10259,1786221718,596.91,-0.21000000000003638,0.10801748829601268,3,7,False
10264,1786221728,596.92,-0.11000000000001364,0.11690927156467203,3,6,False
10265,1786221730,596.76,-0.15999999999996817,0.12336035739969713,3,9,False
10269,1786221738,596.54,-0.13999999999998636,0.1047801932088734,3,1,False
10270,1786221740,596.41,-0.12999999999999545,0.08181279443540046,3,8,False
10273,1786221746,596.09,-0.2400000000000091,0.08369255907452515,3,3,True
10283,1786221766,596.42,-0.10000000000002274,0.1249933331555489,3,8,False
10297,1786221794,595.79,-0.11000000000001364,0.11988883740087358,3,5,False
10301,1786221802,595.95,-0.2099999999999227,0.1292241807437292,3,3,True
10321,1786221842,596.07,-0.16999999999995907,0.14385177556543996,3,8,False
10325,1786221850,595.75,-0.2699999999999818,0.13995634239923477,3,8,False
10329,1786221858,595.78,-0.19000000000005457,0.12939603291188295,3,7,False
10331,1786221862,595.51,-0.2599999999999909,0.13841965178399085,3,3,True
10338,1786221876,595.29,-0.20000000000004547,0.12541486709675298,3,1,False
10359,1786221918,594.88,-0.21000000000003638,0.13912823820730058,3,4,False
10364,1786221928,594.64,-0.19000000000005457,0.13704824778969776,3,4,False
10369,1786221938,594.99,-0.21000000000003638,0.14177055014670456,3,7,False
10399,1786221998,594.78,-0.2599999999999909,0.13558105406813473,3,0,False
10401,1786222002,594.62,-0.17999999999994998,0.12211561006776016,3,3,True
10402,1786222004,594.43,-0.19000000000005457,0.12801475609388996,3,0,False
10403,1786222006,594.3,-0.12999999999999545,0.11923832344417286,3,2,False
10404,1786222008,594.12,-0.17999999999994998,0.12305825178886405,3,5,False
10407,1786222014,593.98,-0.17999999999994998,0.11390054140928743,3,8,False
10409,1786222018,593.89,-0.19000000000005457,0.11474125481078953,3,1,False
10412,1786222024,593.67,-0.12999999999999545,0.1024369724920282,3,7,False
10415,1786222030,593.42,-0.34000000000003183,0.13840761058074363,3,0,False
10431,1786222062,592.71,-0.2899999999999636,0.12443650768339724,3,0,False
10442,1786222084,593.21,-0.15999999999996817,0.13835943528841071,3,7,False
10447,1786222094,593.04,-0.2599999999999909,0.13942740046345478,3,9,False
10464,1786222128,594.5,-0.17999999999994998,0.10585104838612251,3,6,False
10468,1786222136,594.5,-0.14999999999997726,0.12745369529533593,3,4,False
10470,1786222140,594.27,-0.2699999999999818,0.1393995058176842,3,3,True
10504,1786222208,595.38,-0.25,0.1372912556898218,3,3,True
10511,1786222222,595.99,-0.11000000000001364,0.13747322971724338,3,5,False
10530,1786222260,595.77,-0.19000000000005457,0.11858424103659765,3,6,False
10532,1786222264,595.64,-0.12000000000000455,0.11464437767870209,3,4,False
10533,1786222266,595.44,-0.1999999999999318,0.12626691305854829,3,2,False
10553,1786222306,595.91,-0.12000000000000455,0.11203174153389536,3,4,False
10556,1786222312,595.96,-0.2099999999999227,0.14187631546135765,3,3,True
10563,1786222326,596.06,-0.12000000000000455,0.12738829529347437,3,9,False
10571,1786222342,596.08,-0.12000000000000455,0.13818264885449189,3,4,False
10572,1786222344,595.94,-0.13999999999998636,0.1427663203357927,3,3,True
10580,1786222360,595.48,-0.10000000000002274,0.1405386463258647,3,7,False
10595,1786222390,594.41,-0.16000000000008185,0.13597793938727848,3,9,False
10603,1786222406,594.34,-0.2199999999999136,0.14165686240584083,3,8,False
10606,1786222412,594.09,-0.11000000000001364,0.08615231988875756,3,1,False
10610,1786222420,594.03,-0.11000000000001364,0.08198238293137199,3,4,False
10627,1786222454,594.41,-0.10000000000002274,0.07969385867877071,3,7,False
10628,1786222456,594.27,-0.13999999999998636,0.08275801404630953,3,6,False
10630,1786222460,594.26,-0.10000000000002274,0.08270429251254956,3,0,False
10632,1786222464,594.07,-0.2299999999999045,0.09834745661285761,3,1,False
10634,1786222468,593.9,-0.11000000000001364,0.10013879257197772,3,8,False
10639,1786222478,594.05,-0.10000000000002274,0.11425604773683914,3,3,True
10650,1786222500,594.49,-0.17999999999994998,0.1222202020035036,3,1,False
10652,1786222504,594.41,-0.10000000000002274,0.09097618736057794,3,0,False
10658,1786222516,594.64,-0.15999999999996817,0.14040022158894466,3,8,False
10665,1786222530,594.13,-0.12000000000000455,0.11935009193308986,3,1,False
10666,1786222532,594.01,-0.12000000000000455,0.1151038178727463,3,7,False
10668,1786222536,593.8,-0.17000000000007276,0.11077504733064919,3,1,False
10671,1786222542,593.74,-0.14999999999997726,0.08530338015969104,3,0,False
10674,1786222548,593.63,-0.12999999999999545,0.09307106006822508,3,0,False
10675,1786222550,593.5,-0.12999999999999545,0.09381423725166627,3,7,False
10679,1786222558,593.4,-0.2799999999999727,0.12187881048173159,3,5,False
10680,1786222560,593.25,-0.14999999999997726,0.12509551905997957,3,6,False
10681,1786222562,593.06,-0.19000000000005457,0.12873745893613117,3,5,False
10738,1786222676,593.68,-0.12999999999999545,0.13745706400342117,3,3,True
10772,1786222744,594.13,-0.22000000000002728,0.14001587211614364,3,8,False
10838,1786222876,595.05,-0.21000000000003638,0.12721373091508525,3,6,False
10841,1786222882,594.79,-0.2300000000000182,0.12953335048893697,3,1,False
10877,1786222954,596.26,-0.10000000000002274,0.14166078419162903,3,4,False
10899,1786222998,595.35,-0.15999999999996817,0.05945119380165899,3,4,False
10903,1786223006,595.3,-0.25,0.11892574714219334,3,7,False
10905,1786223010,595.08,-0.18999999999994088,0.12365273955717575,3,1,False
10924,1786223048,595.6,-0.12000000000000455,0.11173381065930542,3,4,False
10935,1786223070,595.49,-0.15999999999996817,0.14081114223593003,3,6,False
10937,1786223074,595.3,-0.16000000000008185,0.09971626413648546,3,3,True
10938,1786223076,595.13,-0.16999999999995907,0.10235558932792703,3,3,True
10939,1786223078,595.03,-0.10000000000002274,0.09249624617007665,3,7,False
10944,1786223088,594.7,-0.39999999999997726,0.13761863568895186,3,9,False
10980,1786223160,594.17,-0.18000000000006366,0.11147495981907805,3,8,False
10999,1786223198,594.13,-0.13999999999998636,0.11944315244777083,3,0,False
11001,1786223202,593.96,-0.13999999999998636,0.12877629181385514,3,7,False
11025,1786223250,592.77,-0.10000000000002274,0.0831932155353861,3,8,False
11037,1786223274,592.69,-0.2799999999999727,0.14032106042926237,3,1,False
11071,1786223342,592.27,-0.17000000000007276,0.14173527750313086,3,3,True
11101,1786223402,592.32,-0.12999999999999545,0.12108766337750829,3,5,False
11102,1786223404,592.15,-0.17000000000007276,0.11568155523777142,3,4,False
11105,1786223410,591.87,-0.22000000000002728,0.09383200117471929,3,4,False
11117,1786223434,592.23,-0.14999999999997726,0.13521998537361615,3,2,False
11120,1786223440,592.41,-0.10000000000002274,0.12825755338379613,3,9,False
11122,1786223444,592.3,-0.19000000000005457,0.13191327117130258,3,4,False
11137,1786223474,591.97,-0.15999999999996817,0.12985461956439986,3,5,False
11141,1786223482,591.88,-0.2300000000000182,0.1393676193860251,3,8,False
11143,1786223486,591.86,-0.12000000000000455,0.1309325526113786,3,0,False
11170,1786223540,590.27,-0.14999999999997726,0.12074306973437152,3,1,False
11172,1786223544,590.35,-0.15999999999996817,0.1323127607854167,3,1,False
11182,1786223564,590.01,-0.19000000000005457,0.11520030864156641,3,7,False
11184,1786223568,589.9,-0.17000000000007276,0.12269655432998106,3,3,True
11187,1786223574,589.96,-0.12000000000000455,0.11286176402035683,3,0,False
11189,1786223578,589.9,-0.20000000000004547,0.13654466098846266,3,7,False
11190,1786223580,589.77,-0.12999999999999545,0.13654466098846735,3,6,False
11222,1786223644,589.1,-0.17999999999994998,0.13690629398726692,3,0,False
11233,1786223666,589.41,-0.21000000000003638,0.12169634341263633,3,2,False
11247,1786223694,590.29,-0.12999999999999545,0.13266917920569743,3,5,False
11248,1786223696,590.15,-0.13999999999998636,0.14173919711922245,3,5,False
11250,1786223700,590.12,-0.12999999999999545,0.14370107863200843,3,0,False
11254,1786223708,589.56,-0.13000000000010914,0.12754519896014258,3,1,False
11278,1786223756,590.19,-0.10999999999989996,0.1271088772142418,3,9,False
11279,1786223758,590.09,-0.10000000000002274,0.1285344744071032,3,8,False
11280,1786223760,589.98,-0.11000000000001364,0.12908223046655687,3,1,False
11285,1786223770,589.95,-0.16999999999995907,0.09843215373487281,3,4,False
11286,1786223772,589.84,-0.11000000000001364,0.08058811602489677,3,8,False
11287,1786223774,589.68,-0.16000000000008185,0.08676917015212447,3,3,True
11308,1786223816,589.92,-0.12000000000000455,0.14259889355967298,3,8,False
11321,1786223842,590.44,-0.2599999999999909,0.14263005760823924,3,3,True
11325,1786223850,589.89,-0.19000000000005457,0.13308309851785274,3,6,False
11335,1786223870,590.23,-0.15999999999996817,0.14338758663147272,3,0,False
11348,1786223896,590.74,-0.10000000000002274,0.11411982007230712,3,2,False
11350,1786223900,590.72,-0.1999999999999318,0.13222875800839232,3,2,False
11351,1786223902,590.62,-0.10000000000002274,0.13803783700290967,3,0,False
11353,1786223906,590.48,-0.12000000000000455,0.13149144458860682,3,6,False
11355,1786223910,590.35,-0.11000000000001364,0.121728294893906,3,3,True
11357,1786223914,590.18,-0.15000000000009095,0.10490207073476897,3,4,False
11362,1786223924,589.98,-0.2599999999999909,0.10282671507607145,3,9,False
11382,1786223964,591.63,-0.19000000000005457,0.12349089035228702,3,4,False
11390,1786223980,592.02,-0.14999999999997726,0.14384018909889948,3,3,True
11392,1786223984,591.85,-0.17999999999994998,0.14148419621208438,3,1,False
11397,1786223994,591.58,-0.15999999999996817,0.13525284963108367,3,2,False
11399,1786223998,591.33,-0.18999999999994088,0.10823841996050909,3,9,False
11403,1786224006,591.25,-0.20000000000004547,0.12084884957848119,3,3,True
11404,1786224008,591.13,-0.12000000000000455,0.11037310461440906,3,0,False
11408,1786224016,591.16,-0.19000000000005457,0.13574485871173644,3,6,False
11409,1786224018,590.96,-0.1999999999999318,0.13703608608279444,3,4,False
11430,1786224060,591.58,-0.17999999999994998,0.1355195762816074,3,6,False
11431,1786224062,591.46,-0.12000000000000455,0.08305955025692266,3,3,True
11435,1786224070,591.42,-0.12999999999999545,0.08041558721207573,3,2,False
11439,1786224078,591.25,-0.14999999999997726,0.09677580046454562,3,9,False
11443,1786224086,591.19,-0.2899999999999636,0.1407756292039656,3,9,False
11471,1786224142,592.25,-0.14999999999997726,0.1114998754358834,3,5,False
11472,1786224144,592.15,-0.10000000000002274,0.10936178491592193,3,7,False
11478,1786224156,592.58,-0.11000000000001364,0.13666260156555962,3,4,False
11500,1786224200,593.52,-0.11000000000001364,0.13500617269835466,3,9,False
11507,1786224214,593.67,-0.10000000000002274,0.10585104838614191,3,4,False
11509,1786224218,593.51,-0.2300000000000182,0.1305373509766533,3,7,False
11544,1786224288,593.76,-0.25,0.13706851490321498,3,6,False
11559,1786224318,594.75,-0.2400000000000091,0.11669523459754967,3,2,False
11589,1786224378,593.56,-0.16000000000008185,0.1320774183744085,3,7,False
11593,1786224386,593.68,-0.12999999999999545,0.0949912276651584,3,3,True
11595,1786224390,593.7,-0.12999999999999545,0.11409547658773472,3,6,False
11599,1786224398,593.65,-0.12999999999999545,0.1085715329991224,3,3,True
11605,1786224410,593.68,-0.3100000000000591,0.1419546093338105,3,8,False
11620,1786224440,593.88,-0.2699999999999818,0.1451282957324906,3,8,False
11636,1786224472,593.63,-0.32000000000005,0.11871534582072471,3,9,False
11646,1786224492,593.98,-0.14999999999997726,0.1128666863555649,3,5,False
11649,1786224498,593.77,-0.11000000000001364,0.0992695544688596,3,4,False
11650,1786224500,593.64,-0.12999999999999545,0.10619165064480364,3,5,False
11657,1786224514,593.34,-0.13999999999998636,0.0779529772790435,3,1,False
11658,1786224516,593.21,-0.12999999999999545,0.08097324661063654,3,7,False
11661,1786224522,593.33,-0.16999999999995907,0.12795832654943262,3,5,False
11671,1786224542,593.16,-0.2599999999999909,0.10176770935157609,3,1,False
11675,1786224550,593.24,-0.10000000000002274,0.1273708496216252,3,7,False
11687,1786224574,592.86,-0.3300000000000409,0.13118688958885458,3,5,False
11689,1786224578,592.6,-0.25,0.12472636716695285,3,3,True
11690,1786224580,592.43,-0.17000000000007276,0.11681419244062873,3,9,False
11693,1786224586,592.51,-0.10000000000002274,0.1396384219650658,3,3,True
11697,1786224594,592.34,-0.12000000000000455,0.11360751148877658,3,4,False
11701,1786224602,592.45,-0.2299999999999045,0.13769531582445907,3,6,False
11723,1786224646,592.02,-0.20000000000004547,0.14323252268795594,3,4,False
11742,1786224684,592.29,-0.12000000000000455,0.07604092465392435,3,3,True
11745,1786224690,592.22,-0.12999999999999545,0.08550503558921486,3,4,False
11752,1786224704,592.06,-0.10000000000002274,0.06447221623822545,3,4,False
11754,1786224708,591.89,-0.14999999999997726,0.06866990283636404,3,8,False
11756,1786224712,591.89,-0.19000000000005457,0.10865337342006777,3,4,False
11758,1786224716,591.73,-0.11000000000001364,0.10235558932794879,3,0,False
11759,1786224718,591.6,-0.12999999999999545,0.1047960983158592,3,9,False
11760,1786224720,591.39,-0.21000000000003638,0.1130584902704262,3,0,False
11774,1786224748,591.71,-0.2999999999999545,0.1396662688936224,3,2,False
11786,1786224772,592.08,-0.13999999999998636,0.11972189997378171,3,2,False
11814,1786224828,592.68,-0.17000000000007276,0.1182276523397956,3,5,False
11819,1786224838,592.04,-0.2800000000000864,0.14072826455423887,3,9,False
11839,1786224878,591.67,-0.13999999999998636,0.1341475141609126,3,0,False
11845,1786224890,591.82,-0.18999999999994088,0.10499206319208435,3,8,False
11846,1786224892,591.58,-0.2400000000000091,0.1281015222391915,3,9,False
11863,1786224926,592.72,-0.10000000000002274,0.13131810402394542,3,4,False
11887,1786224974,592.47,-0.22000000000002728,0.14298795598074399,3,6,False
11893,1786224986,592.02,-0.2300000000000182,0.14351151715300264,3,9,False
11895,1786224990,591.79,-0.20000000000004547,0.1354662729653229,3,3,True
11896,1786224992,591.63,-0.15999999999996817,0.13141959941773215,3,9,False
11904,1786225008,591.79,-0.2300000000000182,0.13548267621936755,3,7,False
11913,1786225026,592.23,-0.12000000000000455,0.1334541119636402,3,6,False
11914,1786225028,592.06,-0.17000000000007276,0.1217511122468261,3,4,False
11922,1786225044,592.52,-0.20000000000004547,0.13548677672256948,3,1,False
11936,1786225072,592.61,-0.12000000000000455,0.08589399151151907,3,9,False
11943,1786225086,592.7,-0.12000000000000455,0.09547541859327009,3,6,False
11945,1786225090,592.55,-0.21000000000003638,0.10952422360171404,3,7,False
11972,1786225144,593.54,-0.2300000000000182,0.12401164819842772,3,8,False
11973,1786225146,593.38,-0.15999999999996817,0.13849989971917742,3,4,False
11974,1786225148,593.24,-0.13999999999998636,0.140115032106558,3,7,False
12003,1786225206,593.01,-0.12999999999999545,0.1364836172504766,3,0,False
12005,1786225210,592.85,-0.14999999999997726,0.14142528455373662,3,3,True
12022,1786225244,593.57,-0.16999999999995907,0.10857153299912606,3,5,False
12035,1786225270,593.85,-0.10000000000002274,0.09882082551543662,3,7,False
12036,1786225272,593.67,-0.18000000000006366,0.11547005383792258,3,1,False
12039,1786225278,593.42,-0.12999999999999545,0.11059937713306389,3,1,False
12041,1786225282,593.45,-0.15999999999996817,0.11682845924214422,3,5,False
12055,1786225310,592.64,-0.20000000000004547,0.11817595168036764,3,4,False
12067,1786225334,592.58,-0.12999999999999545,0.12452576707921785,3,5,False
12076,1786225352,592.66,-0.16000000000008185,0.08847472959992168,3,7,False
12077,1786225354,592.47,-0.18999999999994088,0.09926955446884812,3,9,False
12097,1786225394,592.1,-0.17999999999994998,0.1446105882092373,3,2,False
12114,1786225428,592.52,-0.12000000000000455,0.12165981715878128,3,1,False
12148,1786225496,593.19,-0.2099999999999227,0.13089435944046487,3,0,False
12162,1786225524,592.93,-0.14000000000010004,0.11255122290661457,3,8,False
12163,1786225526,592.68,-0.25,0.12536169891778007,3,8,False
12184,1786225568,593.33,-0.11000000000001364,0.13053735097662522,3,7,False
12198,1786225596,594.05,-0.14000000000010004,0.11789354897064147,3,1,False
12199,1786225598,593.91,-0.13999999999998636,0.12345039489609846,3,5,False
12208,1786225616,593.85,-0.17999999999994998,0.09213516640722338,3,6,False
12211,1786225622,593.92,-0.12000000000000455,0.10699948078792669,3,1,False
12290,1786225780,594.43,-0.16000000000008185,0.11862171433221443,3,4,False
12292,1786225784,594.42,-0.22000000000002728,0.1432945684013845,3,2,False
12312,1786225824,594.61,-0.2699999999999818,0.13671137480108622,3,4,False
12326,1786225852,593.48,-0.2599999999999909,0.12445436468397957,3,8,False
12327,1786225854,593.28,-0.20000000000004547,0.12705641791479275,3,1,False
12329,1786225858,593.07,-0.13999999999998636,0.1215867317322838,3,5,False
12348,1786225896,593.67,-0.18000000000006366,0.13031585560560496,3,2,False
12381,1786225962,593.53,-0.11000000000001364,0.14101221381299167,3,4,False
12385,1786225970,593.65,-0.10000000000002274,0.1317573527359938,3,2,False
12386,1786225972,593.42,-0.2300000000000182,0.13157591809378794,3,2,False
12387,1786225974,593.22,-0.1999999999999318,0.12631530214330625,3,9,False
12428,1786226056,593.18,-0.16000000000008185,0.13581441586062196,3,7,False
12459,1786226118,593.02,-0.11000000000001364,0.12233378746509423,3,5,False
12502,1786226204,592.7,-0.2199999999999136,0.14114216631152196,3,5,False
12509,1786226218,592.76,-0.14999999999997726,0.09908470001858914,3,4,False
12512,1786226224,592.8,-0.15000000000009095,0.11005049346148446,3,5,False
12523,1786226246,592.72,-0.10000000000002274,0.0824688493378675,3,4,False
12524,1786226248,592.54,-0.18000000000006366,0.1054566788359775,3,1,False
12525,1786226250,592.41,-0.12999999999999545,0.10812030336621731,3,2,False
12527,1786226254,592.24,-0.17999999999994998,0.10371435130523265,3,5,False
12540,1786226280,592.77,-0.12000000000000455,0.11652848960184685,3,6,False
12544,1786226288,592.89,-0.12999999999999545,0.13261891938099835,3,0,False
12594,1786226388,592.65,-0.12000000000000455,0.12973905434459226,3,0,False
12622,1786226444,592.43,-0.10000000000002274,0.12543701385333403,3,3,True
12626,1786226452,592.12,-0.2699999999999818,0.11298475806742853,3,9,False
12640,1786226480,592.01,-0.19000000000005457,0.13208162459463235,3,3,True
12641,1786226482,591.83,-0.17999999999994998,0.11425604773683619,3,0,False
12646,1786226492,591.78,-0.2400000000000091,0.12649110640674047,3,7,False
12652,1786226504,591.9,-0.10000000000002274,0.10862780491200155,3,8,False
12654,1786226508,591.85,-0.12999999999999545,0.11529671865813604,3,1,False
12655,1786226510,591.71,-0.13999999999998636,0.1211472932700792,3,2,False
12658,1786226516,591.48,-0.14999999999997726,0.10480139948174022,3,6,False
12667,1786226534,591.7,-0.16999999999995907,0.1234728940114136,3,2,False
12670,1786226540,591.62,-0.20000000000004547,0.11883228143528095,3,9,False
12672,1786226544,591.53,-0.16000000000008185,0.10480139948177099,3,1,False
12673,1786226546,591.31,-0.22000000000002728,0.11820885471629602,3,6,False
12674,1786226548,591.16,-0.14999999999997726,0.11796892246126339,3,0,False
12678,1786226556,591.09,-0.10000000000002274,0.11709919821343845,3,2,False
12682,1786226564,591.04,-0.12000000000000455,0.10257246760760626,3,7,False
12705,1786226610,590.97,-0.10000000000002274,0.10870960296944021,3,4,False
12707,1786226614,590.94,-0.1999999999999318,0.13508844839170897,3,4,False
12708,1786226616,590.84,-0.10000000000002274,0.13074147518413445,3,5,False
12722,1786226644,591.08,-0.12000000000000455,0.12311241475442986,3,4,False
12728,1786226656,591.13,-0.22000000000002728,0.13045220495561202,3,4,False
12741,1786226682,591.19,-0.25,0.14407174138832737,3,0,False
12743,1786226686,590.91,-0.19000000000005457,0.14312387796745843,3,2,False
12761,1786226722,590.36,-0.12999999999999545,0.12559193180028003,3,1,False
12768,1786226736,590.58,-0.13999999999998636,0.1058562967213472,3,1,False
12769,1786226738,590.31,-0.2700000000000955,0.13687382673269877,3,0,False
12788,1786226776,590.4,-0.2300000000000182,0.11662380164917509,3,6,False
12794,1786226788,590.55,-0.10000000000002274,0.12099586769801991,3,4,False
12795,1786226790,590.44,-0.10999999999989996,0.12573782247197784,3,6,False
12808,1786226816,589.57,-0.12000000000000455,0.0891004426975129,3,3,True
12809,1786226818,589.43,-0.14000000000010004,0.09512564790263014,3,0,False
12822,1786226844,590.77,-0.12000000000000455,0.1312376978361659,3,0,False
12844,1786226888,590.28,-0.38999999999998636,0.14159802258505313,3,3,True
12859,1786226918,590.79,-0.18000000000006366,0.13428411008837557,3,8,False
12860,1786226920,590.68,-0.11000000000001364,0.1374206841943728,3,2,False
12861,1786226922,590.52,-0.15999999999996817,0.11845768114490245,3,0,False
12874,1786226948,590.58,-0.25,0.10213825053438375,3,0,False
12875,1786226950,590.4,-0.18000000000006366,0.11127543404645242,3,8,False
12885,1786226970,590.84,-0.12000000000000455,0.12321616055625938,3,4,False
12924,1786227048,590.27,-0.13999999999998636,0.10340857475727917,3,2,False
12929,1786227058,590.35,-0.16999999999995907,0.11757267256181345,3,0,False
12965,1786227130,592.9,-0.10000000000002274,0.12018966492819813,3,9,False
12967,1786227134,592.97,-0.12000000000000455,0.12561404733902667,3,3,True
12970,1786227140,593.02,-0.13999999999998636,0.11047372739454771,3,2,False
12971,1786227142,592.92,-0.10000000000002274,0.11520030864156569,3,5,False
12976,1786227152,592.8,-0.2700000000000955,0.1383594352884467,3,1,False
12986,1786227172,592.93,-0.17000000000007276,0.12684636376343286,3,6,False
13008,1786227216,592.68,-0.21000000000003638,0.1322833658813092,3,3,True
13012,1786227224,592.62,-0.22000000000002728,0.13444949485464855,3,4,False
13044,1786227288,592.0,-0.10000000000002274,0.14109098719148302,3,3,True
13047,1786227294,592.14,-0.12000000000000455,0.12890995996346266,3,1,False
13074,1786227348,592.17,-0.19000000000005457,0.1283441553878636,3,1,False
13091,1786227382,591.61,-0.22000000000002728,0.14492910144081295,3,3,True
13106,1786227412,591.8,-0.11000000000001364,0.10170217958988804,3,0,False
13115,1786227430,591.41,-0.2900000000000773,0.10022197585585377,3,4,False
13117,1786227434,591.17,-0.17000000000007276,0.10403525043629067,3,9,False
13118,1786227436,590.99,-0.17999999999994998,0.1001165986904209,3,5,False
13169,1786227538,591.75,-0.2400000000000091,0.1287072474865257,3,2,False
13170,1786227540,591.62,-0.12999999999999545,0.13961852790133344,3,8,False
13201,1786227602,591.26,-0.13999999999998636,0.13819872969347013,3,4,False
13211,1786227622,591.5,-0.12999999999999545,0.13688600285556832,3,8,False
13212,1786227624,591.38,-0.12000000000000455,0.10946333734278847,3,6,False
13219,1786227638,591.76,-0.16999999999995907,0.14231811003676598,3,9,False
13221,1786227642,591.79,-0.10000000000002274,0.14263005760823008,3,0,False
13230,1786227660,592.22,-0.10000000000002274,0.12365273955717798,3,7,False
13234,1786227668,592.23,-0.22000000000002728,0.13990472948879668,3,5,False
13238,1786227676,592.09,-0.25,0.14408330923463494,3,8,False
13242,1786227684,592.12,-0.16999999999995907,0.1370523014521565,3,9,False
13250,1786227700,592.32,-0.2299999999999045,0.13603921003394084,3,8,False
13263,1786227726,592.37,-0.13999999999998636,0.13097921802925858,3,8,False
13273,1786227746,592.68,-0.12000000000000455,0.11779926428744442,3,0,False
13297,1786227794,592.49,-0.2799999999999727,0.13442883288605972,3,9,False
13313,1786227826,592.27,-0.17000000000007276,0.11954078801814444,3,6,False
13339,1786227878,593.72,-0.2599999999999909,0.12978614889288928,3,2,False
13368,1786227936,594.48,-0.22000000000002728,0.1376347824255574,3,5,False
13383,1786227966,594.4,-0.11000000000001364,0.12695143428361846,3,1,False
13385,1786227970,594.28,-0.12999999999999545,0.11936870984010457,3,7,False
13386,1786227972,594.17,-0.11000000000001364,0.12156845351032122,3,4,False
13387,1786227974,593.84,-0.32999999999992724,0.14118939211017717,3,6,False
13409,1786228018,593.39,-0.16999999999995907,0.14120513053317438,3,2,False
13450,1786228100,593.96,-0.17999999999994998,0.11673807338557457,3,0,False
13454,1786228108,593.94,-0.11999999999989086,0.13184165586875882,3,4,False
13484,1786228168,592.76,-0.18000000000006366,0.10198583779680677,3,8,False
13486,1786228172,592.65,-0.2300000000000182,0.13070747662031684,3,5,False
13487,1786228174,592.55,-0.10000000000002274,0.1313561739868048,3,7,False
13488,1786228176,592.37,-0.17999999999994998,0.10549354903922745,3,9,False
13491,1786228182,592.44,-0.15999999999996817,0.13704824778969327,3,9,False
13492,1786228184,592.29,-0.15000000000009095,0.1404002215889528,3,2,False
13518,1786228236,591.59,-0.10000000000002274,0.13656500283746417,3,7,False
13519,1786228238,591.47,-0.12000000000000455,0.13118688958884825,3,2,False
13523,1786228246,591.39,-0.15999999999996817,0.11140017953304607,3,7,False
13529,1786228258,591.13,-0.17999999999994998,0.08167687011087581,3,8,False
13543,1786228286,591.67,-0.12999999999999545,0.11957796155178295,3,8,False
13547,1786228294,591.51,-0.19000000000005457,0.12899612397276797,3,7,False
13551,1786228302,591.58,-0.12999999999999545,0.1314407344268297,3,2,False
13557,1786228314,591.49,-0.12000000000000455,0.11525816432880305,3,7,False
13581,1786228362,591.2,-0.12000000000000455,0.1377437233899817,3,5,False
13601,1786228402,590.45,-0.2799999999999727,0.12875903420296242,3,2,False
13602,1786228404,590.22,-0.2300000000000182,0.13737620689993663,3,1,False
13613,1786228426,590.03,-0.14999999999997726,0.11545080722493965,3,8,False
13615,1786228430,589.98,-0.10000000000002274,0.11080012033688805,3,0,False
13617,1786228434,589.76,-0.13999999999998636,0.09935346552140162,3,9,False
13619,1786228438,589.64,-0.14999999999997726,0.09988882709181465,3,6,False
13626,1786228452,589.52,-0.19000000000005457,0.10315037566582036,3,2,False
13627,1786228454,589.32,-0.1999999999999318,0.1111755368774885,3,5,False
13633,1786228466,589.43,-0.17000000000007276,0.1293788579671816,3,3,True
13635,1786228470,589.28,-0.14999999999997726,0.1309834595155744,3,7,False
13654,1786228508,589.39,-0.12000000000000455,0.11333823518810418,3,1,False
13660,1786228520,589.36,-0.21000000000003638,0.1396980871578598,3,3,True
13676,1786228552,589.62,-0.11000000000001364,0.09915756260730749,3,1,False
13678,1786228556,589.58,-0.12999999999999545,0.07586537784493894,3,9,False
13686,1786228572,589.71,-0.13999999999998636,0.1264427846014614,3,8,False
13692,1786228584,589.6,-0.2599999999999909,0.1174544829095957,3,7,False
13697,1786228594,589.51,-0.2699999999999818,0.14134669748136985,3,9,False
13712,1786228624,590.38,-0.16999999999995907,0.09643074659509687,3,0,False
13713,1786228626,590.2,-0.17999999999994998,0.1181383369895795,3,1,False
13715,1786228630,590.31,-0.10000000000002274,0.13880441875769395,3,5,False
13741,1786228682,590.16,-0.17000000000007276,0.08385834616914059,3,2,False
13742,1786228684,590.02,-0.13999999999998636,0.09300537618869577,3,8,False
13745,1786228690,589.91,-0.13999999999998636,0.1026320287889471,3,2,False
13748,1786228696,589.64,-0.22000000000002728,0.10629623177183596,3,4,False
13759,1786228718,588.65,-0.18000000000006366,0.12862088995700127,3,1,False
13763,1786228726,588.66,-0.11000000000001364,0.12532624093409256,3,0,False
13770,1786228740,588.99,-0.16999999999995907,0.14257941257029447,3,1,False
13776,1786228752,588.98,-0.21000000000003638,0.13795732029226312,3,7,False
13809,1786228818,587.35,-0.14999999999997726,0.1288237383231456,3,1,False
13834,1786228868,587.25,-0.16999999999995907,0.12302212989717555,3,3,True
13880,1786228960,586.64,-0.12999999999999545,0.14030126316055605,3,2,False
13884,1786228968,586.81,-0.12000000000000455,0.13636552187247755,3,4,False
13886,1786228972,586.74,-0.20000000000004547,0.12840906856173503,3,0,False
13899,1786228998,586.04,-0.20000000000004547,0.10772392698211487,3,2,False
13905,1786229010,586.36,-0.12999999999999545,0.127980033164928,3,9,False
13907,1786229014,586.27,-0.12000000000000455,0.12127104628340196,3,5,False
13939,1786229078,585.3,-0.16000000000008185,0.13316656236961333,3,4,False
13940,1786229080,585.14,-0.15999999999996817,0.13541705128152756,3,3,True
13942,1786229084,584.64,-0.19000000000005457,0.11713714658942452,3,5,False
13943,1786229086,584.25,-0.38999999999998636,0.14306564149989937,3,8,False
13960,1786229120,585.13,-0.2300000000000182,0.1379412113104204,3,8,False
13962,1786229124,585.13,-0.14999999999997726,0.13706851490323665,3,5,False
13969,1786229138,584.96,-0.11000000000001364,0.13474255287603817,3,1,False
13985,1786229170,586.23,-0.12999999999999545,0.09960477453973066,3,8,False
13987,1786229174,586.01,-0.16999999999995907,0.1287935471123341,3,1,False
14002,1786229204,585.18,-0.16000000000008185,0.143561833368087,3,2,False
14004,1786229208,584.89,-0.2300000000000182,0.1283225103661551,3,6,False
14014,1786229228,584.6,-0.17999999999994998,0.14448760039069064,3,0,False
14017,1786229234,584.4,-0.2400000000000091,0.12758004023617533,3,3,True
14027,1786229254,584.57,-0.2299999999999045,0.12383232390794015,3,8,False
14029,1786229258,584.41,-0.17000000000007276,0.13081369279330926,3,6,False
14042,1786229284,583.65,-0.13999999999998636,0.10200762498734589,3,6,False
14045,1786229290,583.7,-0.10999999999989996,0.11477514248883429,3,4,False
14048,1786229296,583.72,-0.11000000000001364,0.13281566172706583,3,1,False
14054,1786229308,582.78,-0.14999999999997726,0.14507086390989593,3,7,False
14078,1786229356,582.17,-0.15000000000009095,0.10435516278557327,3,9,False
14082,1786229364,582.04,-0.15000000000009095,0.10263744172790623,3,8,False
14083,1786229366,581.78,-0.2599999999999909,0.11981930840507901,3,3,True
14096,1786229392,582.19,-0.1999999999999318,0.13666260156556953,3,0,False
14124,1786229448,582.45,-0.2599999999999909,0.11266469426281997,3,3,True
14153,1786229506,582.98,-0.17999999999994998,0.1272093637363877,3,4,False
14155,1786229510,582.9,-0.13999999999998636,0.11644741302405086,3,2,False
14158,1786229516,582.73,-0.2599999999999909,0.11019679366175181,3,9,False
14160,1786229520,582.79,-0.10000000000002274,0.13042239071568995,3,8,False
14169,1786229538,582.56,-0.10000000000002274,0.11907513967613476,3,8,False
14171,1786229542,582.11,-0.37000000000000455,0.13333749993489272,3,2,False
14172,1786229544,581.92,-0.19000000000005457,0.13644697789902765,3,5,False
14174,1786229548,581.72,-0.2300000000000182,0.12973905434457608,3,6,False
14177,1786229554,581.46,-0.2400000000000091,0.13866025626210418,3,4,False
14178,1786229556,581.34,-0.12000000000000455,0.12743625857662033,3,4,False
14182,1786229564,581.25,-0.21000000000003638,0.12570247058478395,3,2,False
14189,1786229578,581.42,-0.19000000000005457,0.14195460933382878,3,3,True
14201,1786229602,581.39,-0.10000000000002274,0.07589466384405903,3,2,False
14207,1786229614,581.81,-0.2300000000000182,0.13990472948881627,3,1,False
14231,1786229662,582.68,-0.12000000000000455,0.12946041866147243,3,2,False
14236,1786229672,582.11,-0.36000000000001364,0.1410122138130099,3,1,False
14241,1786229682,581.89,-0.2300000000000182,0.1277541040871654,3,5,False
14242,1786229684,581.75,-0.13999999999998636,0.12893150636417808,3,1,False
14243,1786229686,581.51,-0.2400000000000091,0.13737216279550424,3,4,False
14253,1786229706,581.42,-0.11000000000001364,0.13337082806138922,3,1,False
14255,1786229710,581.41,-0.10000000000002274,0.10469001862642872,3,9,False
14261,1786229722,581.76,-0.11000000000001364,0.1306224414954191,3,0,False
14264,1786229728,581.74,-0.12999999999999545,0.13199747472332532,3,3,True
14268,1786229736,581.49,-0.22000000000002728,0.12605554331327204,3,1,False
14277,1786229754,581.69,-0.17999999999994998,0.12452576707921272,3,3,True
14335,1786229870,581.49,-0.2799999999999727,0.1432014897501454,3,8,False
14356,1786229912,580.92,-0.25,0.11614645926589282,3,9,False
14368,1786229936,581.3,-0.15000000000009095,0.14236494574780525,3,8,False
14381,1786229962,580.57,-0.2199999999999136,0.10422198531124625,3,3,True
14382,1786229964,580.43,-0.14000000000010004,0.10165846961488312,3,7,False
14383,1786229966,580.27,-0.15999999999996817,0.10165846961488312,3,6,False
14385,1786229970,580.15,-0.11000000000001364,0.09807026959162546,3,4,False
14392,1786229984,580.36,-0.13999999999998636,0.11528226229563535,3,2,False
14393,1786229986,580.12,-0.2400000000000091,0.12903487900564428,3,1,False
14410,1786230020,580.6,-0.11000000000001364,0.11560949595755333,3,7,False
14413,1786230026,580.69,-0.2399999999998954,0.13896842167275447,3,6,False
14421,1786230042,580.33,-0.2099999999999227,0.1381786283522968,3,1,False
14422,1786230044,580.21,-0.12000000000000455,0.11933147112137224,3,8,False
14424,1786230048,580.03,-0.14999999999997726,0.09866328823042567,3,4,False
14430,1786230060,580.06,-0.11000000000001364,0.1187714892836821,3,5,False
14431,1786230062,579.75,-0.30999999999994543,0.13677231688709282,3,7,False
14454,1786230108,580.09,-0.2099999999999227,0.1406966792627282,3,0,False
14459,1786230118,579.91,-0.13999999999998636,0.1438981121025246,3,0,False
14479,1786230158,580.19,-0.14999999999997726,0.12011105971839639,3,9,False
14480,1786230160,579.99,-0.20000000000004547,0.12386820953474204,3,1,False
14485,1786230170,580.26,-0.13999999999998636,0.13160969231449046,3,0,False
14499,1786230198,580.59,-0.12999999999999545,0.13376596477927846,3,4,False
14502,1786230204,580.74,-0.10000000000002274,0.13636552187248632,3,9,False
14506,1786230212,580.57,-0.13999999999998636,0.12758004023619252,3,8,False
14507,1786230214,580.28,-0.2900000000000773,0.14517805160102862,3,9,False
14510,1786230220,580.31,-0.10000000000002274,0.14071642090075998,3,2,False
14534,1786230268,581.1,-0.16999999999995907,0.13406466101597567,3,8,False
14557,1786230314,582.47,-0.15999999999996817,0.07445356494710222,3,9,False
14559,1786230318,582.18,-0.21000000000003638,0.10360180178613729,3,8,False
14562,1786230324,582.03,-0.18000000000006366,0.11867790208983288,3,5,False
14569,1786230338,582.55,-0.14000000000010004,0.14491760110875204,3,2,False
14578,1786230356,582.0,-0.10000000000002274,0.13403565031570777,3,5,False
14589,1786230378,581.86,-0.1999999999999318,0.13779614572903148,3,4,False
14599,1786230398,582.15,-0.12000000000000455,0.14387108426951342,3,6,False
14605,1786230410,582.16,-0.12000000000000455,0.13456101466124842,3,6,False
14609,1786230418,582.12,-0.11000000000001364,0.12517099415509303,3,4,False
14636,1786230472,582.02,-0.13999999999998636,0.09877584050094528,3,6,False
14639,1786230478,582.09,-0.1999999999999318,0.12065101187583392,3,0,False
14640,1786230480,581.9,-0.19000000000005457,0.13884043599277743,3,0,False
14641,1786230482,581.8,-0.10000000000002274,0.14027354229028477,3,9,False
14648,1786230496,581.44,-0.13999999999998636,0.12912095965497253,3,7,False
14653,1786230506,581.37,-0.20000000000004547,0.13785660827265617,3,1,False
14654,1786230508,581.21,-0.15999999999996817,0.12258330500791022,3,2,False
14657,1786230514,581.34,-0.14999999999997726,0.14315492772981311,3,5,False
14678,1786230556,581.74,-0.14999999999997726,0.13278637815009134,3,2,False
14684,1786230568,581.9,-0.12000000000000455,0.11076000080255452,3,2,False
14696,1786230592,582.63,-0.12999999999999545,0.1254148670967376,3,9,False
14709,1786230618,582.75,-0.14999999999997726,0.0859198593005222,3,8,False
14724,1786230648,581.91,-0.12999999999999545,0.12734903917103643,3,4,False
14727,1786230654,581.56,-0.2400000000000091,0.10156552345928783,3,7,False
14731,1786230662,581.27,-0.2300000000000182,0.09073159439921942,3,5,False
14740,1786230680,581.56,-0.13000000000010914,0.1298888413649018,3,1,False
14742,1786230684,581.34,-0.16999999999995907,0.1038642276136383,3,0,False
14756,1786230712,580.97,-0.2999999999999545,0.1323673340031948,3,9,False
14763,1786230726,580.73,-0.14999999999997726,0.14522396496446946,3,4,False
14769,1786230738,580.14,-0.10000000000002274,0.13930382462644691,3,3,True
14796,1786230792,581.74,-0.13999999999998636,0.10306955580255485,3,3,True
14797,1786230794,581.63,-0.11000000000001364,0.11175866856760178,3,0,False
14798,1786230796,581.5,-0.12999999999999545,0.11735984548956875,3,9,False
14808,1786230816,582.4,-0.15999999999996817,0.13872434697791391,3,4,False
14825,1786230850,582.27,-0.2599999999999909,0.13656500283749906,3,9,False
14833,1786230866,582.27,-0.11000000000001364,0.12948187346326145,3,1,False
14836,1786230872,582.53,-0.11000000000001364,0.13309979547527148,3,0,False
14876,1786230952,582.45,-0.30999999999994543,0.11936870984007353,3,5,False
14877,1786230954,582.35,-0.10000000000002274,0.11224972160320004,3,3,True
14910,1786231020,582.51,-0.11000000000001364,0.13984515246037899,3,4,False
14913,1786231026,582.4,-0.15999999999996817,0.1187153458207298,3,0,False
14916,1786231032,582.18,-0.18000000000006366,0.10785278031753992,3,2,False
14928,1786231056,582.7,-0.14999999999997726,0.13816656614389985,3,3,True
14939,1786231078,583.26,-0.19000000000005457,0.13752171545697173,3,6,False
14940,1786231080,583.16,-0.10000000000002274,0.14169215456994094,3,6,False
14942,1786231084,583.14,-0.12000000000000455,0.13021776632499604,3,2,False
14953,1786231106,582.55,-0.20000000000004547,0.1352405264704515,3,5,False
14981,1786231162,582.11,-0.12000000000000455,0.13333333333331854,3,1,False
14982,1786231164,582.01,-0.10000000000002274,0.1383273091057608,3,4,False
14990,1786231180,582.11,-0.16999999999995907,0.12968337510173994,3,0,False
14991,1786231182,581.9,-0.21000000000003638,0.14066903631496167,3,2,False
14994,1786231188,581.66,-0.11000000000001364,0.14239616099693891,3,3,True
14995,1786231190,581.53,-0.12999999999999545,0.14298407059684576,3,2,False
15001,1786231202,581.73,-0.11000000000001364,0.1275451989601154,3,6,False
15004,1786231208,581.79,-0.18000000000006366,0.14376292212452035,3,4,False
15022,1786231244,583.12,-0.15999999999996817,0.13475904422339302,3,7,False
15024,1786231248,582.96,-0.11000000000001364,0.12576874722195172,3,9,False
15029,1786231258,583.18,-0.14000000000010004,0.13630439790735985,3,3,True
15030,1786231260,583.03,-0.14999999999997726,0.14329844536645533,3,6,False
15038,1786231276,583.27,-0.14999999999997726,0.12103718436909942,3,6,False
15048,1786231296,583.56,-0.13000000000010914,0.13916017948953702,3,1,False
15050,1786231300,583.52,-0.19000000000005457,0.14281300905577476,3,8,False
15063,1786231326,584.4,-0.11000000000001364,0.14368174708170556,3,4,False
15072,1786231344,584.28,-0.10000000000002274,0.14103191128253376,3,5,False
15074,1786231348,584.12,-0.12999999999999545,0.1302817459713296,3,9,False
15075,1786231350,583.89,-0.2300000000000182,0.13209844813624713,3,2,False
15076,1786231352,583.72,-0.16999999999995907,0.10812030336622953,3,7,False
15077,1786231354,583.47,-0.25,0.11644741302409872,3,2,False
15090,1786231380,583.74,-0.12999999999999545,0.10885260166337919,3,2,False
15097,1786231394,584.06,-0.2400000000000091,0.14296852800528867,3,9,False
15102,1786231404,583.87,-0.10000000000002274,0.12505998560692005,3,0,False
15105,1786231410,583.6,-0.12000000000000455,0.08310635755865382,3,0,False
15106,1786231412,583.5,-0.10000000000002274,0.08137703743823377,3,3,True
15108,1786231416,583.31,-0.22000000000002728,0.07714344503008908,3,5,False
15110,1786231420,583.31,-0.2400000000000091,0.13428411008836363,3,8,False
15122,1786231444,583.09,-0.15999999999996817,0.07242620765685003,3,3,True
15128,1786231456,583.23,-0.11000000000001364,0.10780641085864244,3,4,False
15131,1786231462,583.2,-0.16999999999995907,0.1256317369669505,3,2,False
15136,1786231472,582.95,-0.34999999999990905,0.14323252268792733,3,7,False
15139,1786231478,582.77,-0.17000000000007276,0.14337596265295524,3,9,False
15162,1786231524,583.03,-0.10000000000002274,0.12991022541227865,3,0,False
15163,1786231526,582.9,-0.12999999999999545,0.12728358539541804,3,9,False
15173,1786231546,583.22,-0.1999999999999318,0.12016655108638989,3,1,False
15186,1786231572,582.34,-0.12999999999999545,0.12534840334933306,3,4,False
15191,1786231582,582.26,-0.15999999999996817,0.12229290885230544,3,6,False
15193,1786231586,582.15,-0.11000000000001364,0.11222992272809935,3,9,False
15199,1786231598,581.5,-0.12000000000000455,0.11527744310527366,3,0,False
15219,1786231638,581.33,-0.12999999999999545,0.08353309390760254,3,6,False
15222,1786231644,581.16,-0.12999999999999545,0.07223418704308439,3,3,True
15226,1786231652,580.99,-0.2300000000000182,0.09143303560530766,3,5,False
15277,1786231754,581.53,-0.2400000000000091,0.14110673659010364,3,4,False
15284,1786231768,580.95,-0.13999999999998636,0.10381607668264352,3,4,False
15286,1786231772,581.12,-0.12000000000000455,0.14230249470756404,3,4,False
15289,1786231778,581.04,-0.12000000000000455,0.14071642090071831,3,9,False
15291,1786231782,580.84,-0.14999999999997726,0.1378243648835451,3,9,False
15299,1786231798,581.12,-0.12999999999999545,0.12497110777207217,3,3,True
15302,1786231804,581.1,-0.2300000000000182,0.11957796155183906,3,3,True
15346,1786231892,580.76,-0.13999999999998636,0.09118966803072177,3,7,False
15351,1786231902,580.9,-0.10000000000002274,0.10801748829600184,3,3,True
15360,1786231920,581.68,-0.20000000000004547,0.12778454088384453,3,8,False
15363,1786231926,581.85,-0.13999999999998636,0.1392838827718628,3,7,False
15370,1786231940,581.3,-0.2599999999999909,0.13942740046346802,3,5,False
15373,1786231946,581.43,-0.12000000000000455,0.12778454088381605,3,2,False
15374,1786231948,581.22,-0.2099999999999227,0.13826303434635856,3,5,False
15384,1786231968,581.16,-0.12000000000000455,0.13099618315048164,3,0,False
15387,1786231974,580.72,-0.17999999999994998,0.14218923228493258,3,2,False
15388,1786231976,580.62,-0.10000000000002274,0.1324302751555598,3,8,False
15397,1786231998,580.77,-0.11000000000001364,0.13091557924437003,3,0,False
15399,1786232002,580.69,-0.10999999999989996,0.12068784344561678,3,8,False
15401,1786232006,580.41,-0.2699999999999818,0.11315672514012394,3,6,False
15403,1786232010,580.15,-0.21000000000003638,0.11255122290661078,3,4,False
15406,1786232016,580.0,-0.10000000000002274,0.09366607354496878,3,1,False
15410,1786232024,579.78,-0.13999999999998636,0.09140872800535188,3,8,False
15417,1786232038,579.96,-0.14999999999997726,0.09606132300659855,3,0,False
15420,1786232044,579.73,-0.2599999999999909,0.11900046685248865,3,0,False
15423,1786232050,579.76,-0.11000000000001364,0.1267368226768322,3,4,False
15426,1786232056,579.85,-0.11000000000001364,0.13817862835233619,3,1,False
15431,1786232066,580.1,-0.12999999999999545,0.13408123574079756,3,0,False
15437,1786232078,579.65,-0.17000000000007276,0.12971764207953654,3,5,False
15439,1786232082,579.46,-0.18999999999994088,0.1279930553671851,3,0,False
15442,1786232088,579.39,-0.15999999999996817,0.13353734392380695,3,9,False
15455,1786232114,578.55,-0.14000000000010004,0.11195733314280394,3,4,False
15457,1786232118,578.42,-0.22000000000002728,0.13300375934538997,3,8,False
15469,1786232142,578.6,-0.2300000000000182,0.14348441649803795,3,4,False
15471,1786232146,578.5,-0.13999999999998636,0.12754519896013525,3,3,True
15477,1786232158,578.35,-0.18999999999994088,0.13623509092741093,3,1,False
15503,1786232210,578.66,-0.20000000000004547,0.12454807193299652,3,5,False
15510,1786232224,578.02,-0.20000000000004547,0.12841339493992981,3,6,False
15511,1786232226,577.86,-0.15999999999996817,0.12156388352540225,3,0,False
15514,1786232232,577.6,-0.11000000000001364,0.08910044269748807,3,8,False
15515,1786232234,577.38,-0.22000000000002728,0.07974960814952362,3,8,False
15516,1786232236,577.28,-0.10000000000002274,0.07771743691091325,3,4,False
15519,1786232242,577.0,-0.3300000000000409,0.11133532932344828,3,7,False
15524,1786232252,576.9,-0.14999999999997726,0.13824294235553272,3,4,False
15529,1786232262,577.08,-0.12999999999999545,0.11093541664709215,3,9,False
15535,1786232274,577.06,-0.10000000000002274,0.09750213672871189,3,9,False
15536,1786232276,576.89,-0.16999999999995907,0.11304374767710426,3,8,False
15537,1786232278,576.68,-0.21000000000003638,0.10358034991681302,3,5,False
15539,1786232282,576.61,-0.13999999999998636,0.10677598564804393,3,8,False
15540,1786232284,576.38,-0.2300000000000182,0.11883228143527305,3,1,False
15541,1786232286,576.21,-0.16999999999995907,0.12247902314727838,3,6,False
15544,1786232292,576.29,-0.10000000000002274,0.12780627701503633,3,5,False
15554,1786232312,576.48,-0.12000000000000455,0.0737036106457761,3,4,False
15556,1786232316,576.4,-0.13999999999998636,0.08849984306326636,3,2,False
15566,1786232336,576.93,-0.15000000000009095,0.10122033173012086,3,0,False
15570,1786232344,576.72,-0.15999999999996817,0.1102975772877971,3,9,False
15571,1786232346,576.59,-0.12999999999999545,0.10760524563835545,3,9,False
15579,1786232362,576.79,-0.12000000000000455,0.10170217958986967,3,6,False
15581,1786232366,576.55,-0.21000000000003638,0.1034085747572844,3,5,False
15590,1786232384,576.71,-0.12999999999999545,0.1375378735718484,3,2,False
15596,1786232396,575.58,-0.2999999999999545,0.13477965556994487,3,6,False
15626,1786232456,576.88,-0.15999999999996817,0.11264990013307531,3,9,False
15631,1786232466,576.15,-0.19000000000005457,0.14025769933310986,3,4,False
15644,1786232492,576.33,-0.14999999999997726,0.14371654200003106,3,7,False
15648,1786232500,575.94,-0.14999999999997726,0.12401164819842704,3,5,False
15700,1786232604,576.54,-0.19000000000005457,0.13138577633148932,3,0,False
15705,1786232614,576.72,-0.12999999999999545,0.12294985427674582,3,2,False
15715,1786232634,576.5,-0.13999999999998636,0.13934768666103195,3,2,False
15719,1786232642,576.54,-0.15000000000009095,0.12347289401144275,3,2,False
15731,1786232666,576.18,-0.12000000000000455,0.14082692293099544,3,5,False
15732,1786232668,576.05,-0.12999999999999545,0.1443914432675292,3,2,False
15746,1786232696,576.19,-0.11999999999989086,0.06619835513227518,3,8,False
15754,1786232712,576.54,-0.10000000000002274,0.11222992272808337,3,6,False
15759,1786232722,576.62,-0.10000000000002274,0.12818822965552462,3,4,False
15796,1786232796,577.25,-0.2799999999999727,0.13135617398675686,3,5,False
15798,1786232800,577.14,-0.11000000000001364,0.11301917241481851,3,6,False
15809,1786232822,577.25,-0.11000000000001364,0.11425604773680785,3,3,True
15816,1786232836,576.55,-0.2599999999999909,0.11411982007231071,3,7,False
15818,1786232840,576.32,-0.14999999999997726,0.11107554986485739,3,4,False
15826,1786232856,576.32,-0.16999999999995907,0.13556876074112278,3,9,False
15832,1786232868,576.44,-0.14999999999997726,0.12490440789304594,3,4,False
15833,1786232870,576.34,-0.10000000000002274,0.1275451989601289,3,0,False
15848,1786232900,576.46,-0.2199999999999136,0.12065101187580751,3,3,True
15852,1786232908,576.52,-0.11000000000001364,0.12901334986905327,3,7,False
15873,1786232950,576.05,-0.15000000000009095,0.11352924243951783,3,7,False
15892,1786232988,576.18,-0.32000000000005,0.13110216541986972,3,9,False
15895,1786232994,576.15,-0.12999999999999545,0.13337082806138384,3,2,False
15918,1786233040,577.21,-0.15999999999996817,0.14161371559437091,3,2,False
15926,1786233056,577.17,-0.25,0.13008117123975826,3,3,True
15927,1786233058,577.03,-0.13999999999998636,0.13359973386531984,3,5,False
15932,1786233068,577.13,-0.10000000000002274,0.13918812209860223,3,6,False
15940,1786233084,577.52,-0.19000000000005457,0.13401492454202024,3,9,False
15941,1786233086,577.39,-0.12999999999999545,0.1411224842311085,3,2,False
15946,1786233096,577.39,-0.11000000000001364,0.11029757728779904,3,0,False
15947,1786233098,577.2,-0.18999999999994088,0.1060607792206425,3,8,False
15957,1786233118,577.48,-0.14999999999997726,0.13918812209857698,3,3,True
15963,1786233130,577.47,-0.30999999999994543,0.13222875800837872,3,5,False
15967,1786233138,577.5,-0.12999999999999545,0.14265732056611577,3,7,False
15968,1786233140,577.37,-0.12999999999999545,0.1377759856514019,3,4,False
15976,1786233156,576.95,-0.15999999999996817,0.12363027317142641,3,8,False
15979,1786233162,577.01,-0.14999999999997726,0.13792510044702985,3,3,True
15999,1786233202,577.12,-0.11000000000001364,0.0714998057495414,3,9,False
16007,1786233218,577.22,-0.11000000000001364,0.08042249547097352,3,2,False
16009,1786233222,577.0,-0.22000000000002728,0.0999777753081061,3,1,False
16013,1786233230,576.72,-0.2799999999999727,0.11450861200025253,3,9,False
16052,1786233308,577.12,-0.12000000000000455,0.1452966314513413,3,3,True
16060,1786233324,577.48,-0.13999999999998636,0.13116571367718535,3,0,False
16061,1786233326,577.3,-0.18000000000006366,0.1435424830649379,3,6,False
16086,1786233376,577.49,-0.12999999999999545,0.1347590442234117,3,5,False
16087,1786233378,577.35,-0.13999999999998636,0.13377011790550294,3,1,False
16101,1786233406,577.83,-0.14999999999997726,0.0913844139397442,3,1,False
16103,1786233410,577.67,-0.2400000000000091,0.12354036677225015,3,4,False
16104,1786233412,577.54,-0.12999999999999545,0.13028174597131045,3,9,False
16105,1786233414,577.39,-0.14999999999997726,0.12138551991254935,3,4,False
16106,1786233416,577.24,-0.14999999999997726,0.12181953866271035,3,6,False
16111,1786233426,576.98,-0.12000000000000455,0.10047111248733626,3,4,False
16113,1786233430,577.14,-0.10000000000002274,0.12849989191521638,3,2,False
16115,1786233434,577.02,-0.10000000000002274,0.122024587686257,3,7,False
16122,1786233448,577.31,-0.13000000000010914,0.1354047430648197,3,3,True
16131,1786233466,577.74,-0.13999999999998636,0.137759855465137,3,8,False
16134,1786233472,577.52,-0.18000000000006366,0.13968615615808716,3,5,False
16137,1786233478,577.5,-0.12000000000000455,0.14116971661403982,3,3,True
16152,1786233508,577.46,-0.14999999999997726,0.12684198393625332,3,2,False
16159,1786233522,577.81,-0.11000000000001364,0.10036046144881225,3,6,False
16161,1786233526,577.54,-0.22000000000002728,0.12383232390794617,3,2,False
16171,1786233546,577.51,-0.13999999999998636,0.1120565333510796,3,1,False
16176,1786233556,577.45,-0.2299999999999045,0.12684636376336866,3,5,False
16183,1786233570,577.12,-0.15999999999996817,0.10915839663328329,3,7,False
16184,1786233572,576.97,-0.14999999999997726,0.10466878978734591,3,5,False
16186,1786233576,577.07,-0.17999999999994998,0.13579396157412896,3,4,False
16189,1786233582,576.88,-0.14999999999997726,0.13339998334164088,3,2,False
16193,1786233590,576.74,-0.10000000000002274,0.13306639946531582,3,1,False
16217,1786233638,576.69,-0.10999999999989996,0.12443650768342944,3,4,False
16223,1786233650,576.97,-0.10000000000002274,0.10046558282980236,3,6,False
16227,1786233658,577.02,-0.11000000000001364,0.10770845422302247,3,3,True
16230,1786233664,576.98,-0.11000000000001364,0.10629623177183378,3,3,True
16232,1786233668,576.82,-0.2099999999999227,0.11587828863845431,3,2,False
16235,1786233674,576.62,-0.20000000000004547,0.11341173758574044,3,5,False
16249,1786233702,576.64,-0.10000000000002274,0.13669105473456256,3,1,False
16250,1786233704,576.51,-0.12999999999999545,0.1315759180938001,3,2,False
16258,1786233720,576.52,-0.15999999999996817,0.11083521301663245,3,2,False
16261,1786233726,576.37,-0.2400000000000091,0.12730104302618142,3,0,False
16285,1786233774,577.1,-0.10000000000002274,0.11888836967695648,3,7,False
16289,1786233782,576.88,-0.10000000000002274,0.1098281485877877,3,8,False
16294,1786233792,577.04,-0.19000000000005457,0.14041209191363624,3,6,False
16309,1786233822,575.98,-0.14999999999997726,0.13644697789900875,3,7,False
16310,1786233824,575.77,-0.21000000000003638,0.14391741458981785,3,8,False
16374,1786233952,575.53,-0.14999999999997726,0.11820885471627568,3,3,True
16375,1786233954,575.23,-0.2999999999999545,0.14298407059684298,3,2,False
16376,1786233956,575.12,-0.11000000000001364,0.14166078419159134,3,6,False
16406,1786234016,575.5,-0.17999999999994998,0.1211243621700631,3,3,True
16409,1786234022,575.58,-0.13999999999998636,0.13416821945268723,3,3,True
16423,1786234050,575.73,-0.11000000000001364,0.1262669130585399,3,3,True
16424,1786234052,575.63,-0.10000000000002274,0.13218253372598804,3,6,False
16426,1786234056,575.44,-0.11999999999989086,0.0964998560735743,3,2,False
16427,1786234058,575.32,-0.12000000000000455,0.07086763875156293,3,1,False
16430,1786234064,575.23,-0.11000000000001364,0.05518655230720041,3,1,False
16457,1786234118,575.57,-0.10999999999989996,0.1421423386765826,3,3,True
16466,1786234136,575.49,-0.2599999999999909,0.13253511065204474,3,1,False
16486,1786234176,576.16,-0.16000000000008185,0.11901913945058018,3,6,False
16488,1786234180,576.09,-0.16999999999995907,0.11758684733704448,3,9,False
16489,1786234182,575.99,-0.10000000000002274,0.09472767986884743,3,5,False
16514,1786234232,576.72,-0.1999999999999318,0.10479609831582168,3,3,True
16519,1786234242,576.98,-0.2300000000000182,0.14483707321599967,3,1,False
16537,1786234278,577.36,-0.12999999999999545,0.11568155523773226,3,2,False
16538,1786234280,577.22,-0.13999999999998636,0.07586537784494848,3,1,False
16547,1786234298,577.67,-0.17000000000007276,0.13194695904036474,3,9,False
16555,1786234314,578.03,-0.14999999999997726,0.11564312920938362,3,3,True
16563,1786234330,577.26,-0.12999999999999545,0.11185804495975012,3,9,False
16566,1786234336,576.93,-0.3300000000000409,0.11333333333333882,3,6,False
16568,1786234340,576.71,-0.25,0.12833982667556157,3,1,False
16569,1786234342,576.61,-0.10000000000002274,0.1263372910549895,3,1,False
16572,1786234348,576.51,-0.11000000000001364,0.13406466101600645,3,1,False
16577,1786234358,576.35,-0.11000000000001364,0.12792793110012704,3,4,False
16593,1786234390,576.43,-0.20000000000004547,0.1353021310500014,3,6,False
16612,1786234428,575.83,-0.2899999999999636,0.13806600675843947,3,9,False
16641,1786234486,577.37,-0.12000000000000455,0.13140268896285265,3,1,False
16644,1786234492,577.19,-0.2199999999999136,0.13810221657243946,3,0,False
16655,1786234514,576.66,-0.14999999999997726,0.12348639151293438,3,2,False
16664,1786234532,577.14,-0.19000000000005457,0.14118939211020676,3,2,False
16666,1786234536,577.06,-0.16000000000008185,0.14096492865646396,3,4,False
16667,1786234538,576.94,-0.11999999999989086,0.13633700076568883,3,9,False
16680,1786234564,577.36,-0.11000000000001364,0.13253511065209228,3,1,False
16684,1786234572,577.25,-0.14999999999997726,0.1403329374499778,3,1,False
16690,1786234584,577.46,-0.15999999999996817,0.12613925285615607,3,8,False
16704,1786234612,577.68,-0.17000000000007276,0.143697212530003,3,6,False
16705,1786234614,577.46,-0.2199999999999136,0.1432208861242647,3,8,False
16709,1786234622,577.5,-0.15999999999996817,0.11789354897060442,3,2,False
16731,1786234666,577.45,-0.15999999999996817,0.08407007658956053,3,0,False
16736,1786234676,577.51,-0.20000000000004547,0.122042797593486,3,2,False
16743,1786234690,577.49,-0.13999999999998636,0.1148186976643382,3,8,False
16744,1786234692,577.38,-0.11000000000001364,0.11855144218627327,3,5,False
16747,1786234698,577.16,-0.3000000000000682,0.13014521803655515,3,5,False
16750,1786234704,577.18,-0.12999999999999545,0.14360826345769714,3,2,False
16766,1786234736,577.55,-0.2599999999999909,0.1327487183449444,3,8,False
16768,1786234740,577.35,-0.12999999999999545,0.1345610146612602,3,6,False
16794,1786234792,577.97,-0.13999999999998636,0.11666190466470164,3,4,False
16799,1786234802,577.81,-0.13000000000010914,0.11035800328425716,3,0,False
16800,1786234804,577.6,-0.2099999999999227,0.12329278612760305,3,6,False
16803,1786234810,577.29,-0.2599999999999909,0.104965602831464,3,6,False
16805,1786234814,577.21,-0.14999999999997726,0.10562512327408295,3,9,False
16806,1786234816,576.99,-0.22000000000002728,0.11411982007229325,3,6,False
16813,1786234830,577.21,-0.12000000000000455,0.1220018214800316,3,1,False
16814,1786234832,577.11,-0.10000000000002274,0.12176936305072156,3,4,False
16815,1786234834,576.94,-0.16999999999995907,0.12419071355513386,3,4,False
16816,1786234836,576.84,-0.10000000000002274,0.10824355254085936,3,2,False
16838,1786234880,577.71,-0.15999999999996817,0.12752341832864333,3,9,False
16839,1786234882,577.59,-0.12000000000000455,0.13228336588130973,3,2,False
16844,1786234892,577.4,-0.12000000000000455,0.12631970023187514,3,7,False
16850,1786234904,577.32,-0.13999999999998636,0.08550503558921868,3,3,True
16865,1786234934,575.45,-0.37000000000000455,0.14148419621205388,3,5,False
16903,1786235010,575.06,-0.19000000000005457,0.12357633718116835,3,6,False
16908,1786235020,575.02,-0.10000000000002274,0.11245245909075345,3,8,False
16911,1786235026,575.03,-0.18000000000006366,0.13093255261140144,3,8,False
16913,1786235030,575.04,-0.13999999999998636,0.13489090241953258,3,2,False
16934,1786235072,574.29,-0.17000000000007276,0.11813833698957861,3,5,False
16955,1786235114,574.22,-0.10000000000002274,0.13476316674488223,3,1,False
16959,1786235122,574.18,-0.18000000000006366,0.13630439790735796,3,7,False
16960,1786235124,574.07,-0.10999999999989996,0.13542115377180516,3,1,False
16968,1786235140,574.0,-0.2999999999999545,0.14416040448826573,3,4,False
16973,1786235150,574.05,-0.11000000000001364,0.117378779077703,3,9,False
16979,1786235162,574.16,-0.2800000000000864,0.14505171491577382,3,3,True
17011,1786235226,574.29,-0.12000000000000455,0.09421606374004904,3,5,False
17016,1786235236,574.24,-0.18999999999994088,0.12249716550008079,3,0,False
17033,1786235270,573.37,-0.25,0.14167254889749722,3,6,False
17046,1786235296,572.75,-0.16999999999995907,0.09439868172336716,3,6,False
17047,1786235298,572.56,-0.19000000000005457,0.09487418569405416,3,9,False
17051,1786235306,572.54,-0.22000000000002728,0.12038826077877743,3,1,False
17058,1786235320,572.32,-0.13999999999998636,0.14514743462349375,3,5,False
17071,1786235346,571.81,-0.13000000000010914,0.12509551905998462,3,9,False
17072,1786235348,571.69,-0.11999999999989086,0.12260596324086176,3,9,False
17093,1786235390,572.99,-0.2400000000000091,0.1414567071580491,3,2,False
17112,1786235428,574.24,-0.12999999999999545,0.139240000638395,3,8,False
17120,1786235444,574.44,-0.2299999999999045,0.13459816739709515,3,6,False
17137,1786235478,574.68,-0.12000000000000455,0.1027402333828322,3,8,False
17142,1786235488,574.81,-0.2400000000000091,0.14323252268795425,3,4,False
17145,1786235494,574.84,-0.16999999999995907,0.14456448003878392,3,3,True
17160,1786235524,576.01,-0.10000000000002274,0.12274635093013772,3,3,True
17161,1786235526,575.83,-0.17999999999994998,0.1394274004634549,3,2,False
17163,1786235530,575.59,-0.2300000000000182,0.13451559182653278,3,0,False
17164,1786235532,575.4,-0.19000000000005457,0.13687382673266912,3,6,False
17186,1786235576,575.67,-0.12999999999999545,0.13216572088772158,3,2,False
17187,1786235578,575.52,-0.14999999999997726,0.13364962484876325,3,4,False
17189,1786235582,575.33,-0.2099999999999227,0.13042239071567543,3,6,False
17192,1786235588,575.33,-0.15999999999996817,0.1340978084168947,3,8,False
17198,1786235600,575.44,-0.12999999999999545,0.1363003220017376,3,8,False
17221,1786235646,575.85,-0.10000000000002274,0.1274057385765083,3,7,False
17271,1786235746,576.22,-0.13999999999998636,0.1093211375311715,3,3,True
17279,1786235762,576.09,-0.1999999999999318,0.10049322807478861,3,2,False
17291,1786235786,576.1,-0.10000000000002274,0.11143508324480639,3,4,False
17310,1786235824,576.04,-0.17000000000007276,0.10347302385971015,3,0,False
17311,1786235826,575.9,-0.13999999999998636,0.1079145752693315,3,1,False
17322,1786235848,575.63,-0.16999999999995907,0.14512829573250613,3,8,False
17327,1786235858,575.64,-0.25,0.12429802894654977,3,0,False
17345,1786235894,576.66,-0.12999999999999545,0.11970333699981334,3,3,True
17354,1786235912,577.11,-0.12000000000000455,0.11679041056524962,3,3,True
17361,1786235926,577.04,-0.20000000000004547,0.1325979721648371,3,7,False
17362,1786235928,576.87,-0.16999999999995907,0.142848015581453,3,9,False
17376,1786235956,576.42,-0.15000000000009095,0.13790495922111579,3,0,False
17389,1786235982,576.21,-0.17999999999994998,0.13456101466127354,3,4,False
17390,1786235984,576.04,-0.17000000000007276,0.12806248474868873,3,3,True
17400,1786236004,576.11,-0.2400000000000091,0.12092697520957917,3,4,False
17428,1786236060,576.85,-0.10000000000002274,0.14346892811107131,3,6,False
17454,1786236112,577.27,-0.17000000000007276,0.13298287274851286,3,0,False
17455,1786236114,577.1,-0.16999999999995907,0.1357448587117192,3,2,False
17465,1786236134,577.6,-0.12999999999999545,0.0896908269805085,3,0,False
17466,1786236136,577.5,-0.10000000000002274,0.09727395449053076,3,9,False
17479,1786236162,577.92,-0.22000000000002728,0.14027354229030978,3,8,False
17485,1786236174,577.89,-0.15999999999996817,0.12858633070604647,3,9,False
17492,1786236188,578.22,-0.22000000000002728,0.13886844293952605,3,4,False
17500,1786236204,578.21,-0.12999999999999545,0.13192590513031066,3,2,False
17505,1786236214,578.4,-0.13999999999998636,0.10137389539059904,3,9,False
17509,1786236222,578.44,-0.12999999999999545,0.12073846850849385,3,1,False
17548,1786236300,578.37,-0.2300000000000182,0.14182931839207472,3,0,False
17554,1786236312,578.47,-0.14999999999997726,0.14063348739818857,3,3,True
17557,1786236318,578.46,-0.1999999999999318,0.1436972125299647,3,2,False
17558,1786236320,578.32,-0.13999999999998636,0.13091557924433783,3,6,False
17599,1786236402,580.17,-0.20000000000004547,0.14035273025092962,3,8,False
17613,1786236430,579.29,-0.11000000000001364,0.11811482172493898,3,6,False
17620,1786236444,579.35,-0.2400000000000091,0.14529663145134117,3,3,True
17646,1786236496,580.18,-0.17000000000007276,0.08941787044857906,3,5,False
17647,1786236498,580.05,-0.12999999999999545,0.10384282995631658,3,3,True
17648,1786236500,579.93,-0.12000000000000455,0.10829999487022998,3,4,False
17651,1786236506,579.8,-0.21000000000003638,0.10635893108819956,3,0,False
17664,1786236532,580.44,-0.15999999999996817,0.11083521301662899,3,0,False
17679,1786236562,580.12,-0.18999999999994088,0.11500724614851413,3,0,False
17705,1786236614,581.56,-0.22000000000002728,0.12882373832318833,3,5,False
17719,1786236642,581.4,-0.2400000000000091,0.10426462061078474,3,5,False
17720,1786236644,581.15,-0.25,0.12436952109651846,3,1,False
17723,1786236650,581.2,-0.12999999999999545,0.14208369990178263,3,2,False
17760,1786236724,582.11,-0.10000000000002274,0.10311266761277373,3,2,False
17764,1786236732,582.17,-0.19000000000005457,0.11633763124822741,3,4,False
17771,1786236746,582.08,-0.18999999999994088,0.11871534582072253,3,5,False
17772,1786236748,581.95,-0.12999999999999545,0.10924488292110694,3,9,False
17777,1786236758,581.78,-0.20000000000004547,0.09608445359277307,3,3,True
17778,1786236760,581.63,-0.14999999999997726,0.09949316001056403,3,9,False
17780,1786236764,581.53,-0.16000000000008185,0.11127543404644463,3,0,False
17784,1786236772,581.49,-0.21000000000003638,0.14173919711925298,3,8,False
17802,1786236808,581.07,-0.17999999999994998,0.12356284950493301,3,8,False
17803,1786236810,580.88,-0.19000000000005457,0.11364662579925955,3,7,False
17805,1786236814,580.7,-0.16999999999995907,0.11647126493498794,3,7,False
17806,1786236816,580.57,-0.12999999999999545,0.0854335349197678,3,9,False
17814,1786236832,580.73,-0.13999999999998636,0.11037310461439166,3,7,False
17823,1786236850,579.53,-0.14999999999997726,0.14292189008918152,3,3,True
17846,1786236896,579.91,-0.2300000000000182,0.14410258691486777,3,6,False
17855,1786236914,579.99,-0.12999999999999545,0.1376186356889564,3,9,False
17860,1786236924,579.8,-0.20000000000004547,0.12470409420349166,3,3,True
17863,1786236930,579.67,-0.13999999999998636,0.08604908160141678,3,5,False
17864,1786236932,579.55,-0.12000000000000455,0.08680117766739877,3,3,True
17867,1786236938,579.45,-0.13999999999998636,0.09661492868313983,3,5,False
17870,1786236944,579.45,-0.2400000000000091,0.12903487900563673,3,4,False
17888,1786236980,578.88,-0.3300000000000409,0.12596295751794026,3,9,False
17902,1786237008,578.62,-0.14999999999997726,0.14445683707521007,3,2,False
17913,1786237030,579.1,-0.12000000000000455,0.12108766337749897,3,3,True
17915,1786237034,579.03,-0.10000000000002274,0.10805862606320324,3,8,False
17922,1786237048,578.97,-0.18999999999994088,0.10700467279517259,3,6,False
17981,1786237166,580.41,-0.12000000000000455,0.10629623177182866,3,9,False
17986,1786237176,580.24,-0.16999999999995907,0.11203174153387477,3,0,False
17992,1786237188,580.23,-0.14999999999997726,0.10574602698076115,3,7,False
18004,1786237212,579.73,-0.22000000000002728,0.12620970203947313,3,5,False
18006,1786237216,579.57,-0.2799999999999727,0.13160969231447545,3,2,False
18017,1786237238,579.1,-0.15999999999996817,0.11849050594877307,3,8,False
18019,1786237242,578.98,-0.1999999999999318,0.11656662377271601,3,5,False
18036,1786237276,578.73,-0.21000000000003638,0.09486832980504782,3,0,False
18038,1786237280,578.6,-0.1999999999999318,0.10625441167309661,3,3,True
18039,1786237282,578.33,-0.2699999999999818,0.12948187346324083,3,4,False
18057,1786237318,578.9,-0.21000000000003638,0.10778579580715313,3,5,False
18073,1786237350,578.59,-0.18999999999994088,0.1366910547345383,3,8,False
18077,1786237358,578.66,-0.13999999999998636,0.10086294331084497,3,7,False
18081,1786237366,578.89,-0.11000000000001364,0.12330630334432857,3,2,False
18084,1786237372,578.57,-0.17999999999994998,0.12087183294713649,3,0,False
18085,1786237374,578.3,-0.2700000000000955,0.13960659010234813,3,2,False
18088,1786237380,578.14,-0.12000000000000455,0.1412680666912075,3,5,False
18096,1786237396,578.42,-0.16000000000008185,0.1388044187577101,3,5,False
18099,1786237402,578.56,-0.13000000000010914,0.1373923821275153,3,8,False
18115,1786237434,578.95,-0.12000000000000455,0.09723396754448863,3,6,False
18120,1786237444,579.19,-0.15999999999996817,0.14159409906097037,3,1,False
18136,1786237476,579.49,-0.11000000000001364,0.14159409906099316,3,3,True
18142,1786237488,579.27,-0.2899999999999636,0.12657891697364296,3,7,False
18144,1786237492,579.05,-0.22000000000002728,0.13727911551126454,3,5,False
18148,1786237500,578.72,-0.16999999999995907,0.12299954832797033,3,7,False
18151,1786237506,578.62,-0.18999999999994088,0.12920268315065317,3,3,True
18159,1786237522,578.82,-0.10999999999989996,0.12660086009887797,3,4,False
18165,1786237534,578.75,-0.13999999999998636,0.08096638534326456,3,6,False
18167,1786237538,578.34,-0.4199999999999591,0.14024185458618707,3,5,False
18169,1786237542,578.23,-0.12000000000000455,0.14263005760823905,3,9,False
18171,1786237546,578.05,-0.14000000000010004,0.1417548744997621,3,7,False
18173,1786237550,577.87,-0.10000000000002274,0.13070747662028123,3,8,False
18175,1786237554,577.7,-0.17999999999994998,0.12946470990624517,3,4,False
18177,1786237558,577.49,-0.14999999999997726,0.06536223850375457,3,3,True
18178,1786237560,577.33,-0.15999999999996817,0.05977736472388646,3,2,False
18179,1786237562,577.12,-0.21000000000003638,0.0688718616949867,3,4,False
18181,1786237566,576.93,-0.11000000000001364,0.06477310827460801,3,7,False
18198,1786237600,576.2,-0.2199999999999136,0.11009591777671712,3,7,False
18202,1786237608,576.32,-0.12000000000000455,0.12810152223917612,3,3,True
18214,1786237632,576.82,-0.12999999999999545,0.136662601565546,3,2,False
18215,1786237634,576.72,-0.10000000000002274,0.14214624706812443,3,8,False
18218,1786237640,576.59,-0.13999999999998636,0.13281566172706524,3,0,False
18221,1786237646,576.47,-0.14999999999997726,0.09734817238482525,3,1,False
18224,1786237652,576.37,-0.11000000000001364,0.07677528537518807,3,9,False
18226,1786237656,576.36,-0.12999999999999545,0.09028350409188425,3,1,False
18231,1786237666,575.93,-0.2700000000000955,0.1108753053359404,3,8,False
18232,1786237668,575.78,-0.14999999999997726,0.10924488292112051,3,6,False
18233,1786237670,575.66,-0.12000000000000455,0.10901579905889337,3,3,True
18247,1786237698,575.92,-0.12999999999999545,0.14301903525210508,3,8,False
18263,1786237730,575.02,-0.2300000000000182,0.1356670761664661,3,3,True
18296,1786237796,577.68,-0.11000000000001364,0.12525973016096284,3,7,False
18331,1786237866,578.4,-0.17000000000007276,0.13251415018783444,3,4,False
18333,1786237870,578.33,-0.11000000000001364,0.11384199576607602,3,8,False
18334,1786237872,578.18,-0.15000000000009095,0.12410121317343156,3,6,False
18336,1786237876,578.07,-0.18999999999994088,0.12233378746512301,3,6,False
18337,1786237878,577.86,-0.21000000000003638,0.12294985427675398,3,3,True
18339,1786237882,577.78,-0.14999999999997726,0.11313708498986307,3,8,False
18344,1786237892,577.59,-0.15999999999996817,0.11873874215639262,3,2,False
18349,1786237902,577.58,-0.12000000000000455,0.09285592184787214,3,3,True
18358,1786237920,578.5,-0.10000000000002274,0.1365446609884191,3,2,False
18384,1786237972,578.85,-0.12000000000000455,0.11510381787277013,3,9,False
18407,1786238018,579.72,-0.25,0.14377837884124312,3,3,True
18440,1786238084,581.88,-0.11000000000001364,0.12517099415509556,3,9,False
18445,1786238094,582.31,-0.11000000000001364,0.13099618315050765,3,4,False
18463,1786238130,583.17,-0.10000000000002274,0.095777519979007,3,7,False
18477,1786238158,583.8,-0.22000000000002728,0.13581441586060303,3,3,True
18480,1786238164,583.53,-0.12000000000000455,0.13046923860520276,3,5,False
18482,1786238168,583.47,-0.17999999999994998,0.1257024705847629,3,3,True
18486,1786238176,583.65,-0.13999999999998636,0.1380056359557636,3,1,False
18487,1786238178,583.51,-0.13999999999998636,0.128188229655534,3,9,False
18488,1786238180,583.29,-0.22000000000002728,0.1415940990609713,3,9,False
18495,1786238194,582.7,-0.17999999999994998,0.11694728157022197,3,8,False
18496,1786238196,582.48,-0.22000000000002728,0.1219334973572756,3,4,False
18515,1786238234,581.97,-0.1999999999999318,0.13029880190458654,3,7,False
18522,1786238248,582.3,-0.18000000000006366,0.1424741691987975,3,1,False
18530,1786238264,581.26,-0.21000000000003638,0.1088372893614919,3,7,False
18532,1786238268,581.06,-0.11000000000001364,0.0818127944354202,3,2,False
18539,1786238282,580.84,-0.2899999999999636,0.13292019326564572,3,4,False
18540,1786238284,580.64,-0.20000000000004547,0.13172361637576666,3,8,False
18546,1786238296,580.54,-0.13999999999998636,0.11431438132524793,3,9,False
18547,1786238298,580.39,-0.14999999999997726,0.11353413583586222,3,6,False
18548,1786238300,580.16,-0.2300000000000182,0.12275087689207868,3,8,False
18568,1786238340,580.96,-0.15999999999996817,0.11380294860464525,3,7,False
18584,1786238372,581.26,-0.11000000000001364,0.14095310488875745,3,2,False
18585,1786238374,581.12,-0.13999999999998636,0.12656135973423988,3,2,False
18591,1786238386,581.28,-0.19000000000005457,0.13736002976770473,3,4,False
18592,1786238388,581.14,-0.13999999999998636,0.13755402978872272,3,3,True
18604,1786238412,581.04,-0.2900000000000773,0.12320263344953346,3,3,True
18622,1786238448,581.32,-0.13999999999998636,0.09812124019687533,3,3,True
18624,1786238452,581.33,-0.1999999999999318,0.13678856352451424,3,4,False
18633,1786238470,581.02,-0.15999999999996817,0.14169215456990605,3,1,False
18643,1786238490,581.64,-0.18000000000006366,0.12099586769804853,3,2,False
18650,1786238504,581.67,-0.20000000000004547,0.1161608080780394,3,2,False
18652,1786238508,581.57,-0.14999999999997726,0.12572014777101148,3,9,False
18666,1786238536,582.36,-0.12999999999999545,0.08527732536976469,3,0,False
18669,1786238542,582.37,-0.2799999999999727,0.14283245818478135,3,4,False
18706,1786238616,583.44,-0.13999999999998636,0.1430967038986789,3,4,False
18733,1786238670,585.19,-0.10999999999989996,0.10687999500996999,3,4,False
18740,1786238684,585.22,-0.11000000000001364,0.13239671026461636,3,7,False
18752,1786238708,584.29,-0.11000000000001364,0.1208488495784791,3,2,False
18754,1786238712,584.23,-0.18999999999994088,0.1293960329118732,3,9,False
18757,1786238718,584.18,-0.16000000000008185,0.12229290885228646,3,4,False
18761,1786238726,584.35,-0.17999999999994998,0.13946325680981533,3,9,False
18764,1786238732,584.2,-0.12999999999999545,0.12120231020901204,3,5,False
18766,1786238736,583.99,-0.2599999999999909,0.14300349646075208,3,8,False
18787,1786238778,584.4,-0.11000000000001364,0.10112698288127896,3,8,False
18788,1786238780,584.28,-0.12000000000000455,0.10013324456277865,3,0,False
18789,1786238782,584.1,-0.17999999999994998,0.10904127658827714,3,2,False
18790,1786238784,583.92,-0.18000000000006366,0.11380294860465645,3,2,False
18793,1786238790,583.89,-0.12000000000000455,0.11869662543177481,3,6,False
18807,1786238818,583.46,-0.12000000000000455,0.126297708257555,3,0,False
18809,1786238822,583.11,-0.2899999999999636,0.132702675180265,3,5,False
18813,1786238830,582.91,-0.11000000000001364,0.11761046816597963,3,8,False
18814,1786238832,582.78,-0.12999999999999545,0.1202589797986856,3,1,False
18828,1786238860,583.03,-0.21000000000003638,0.11159948227678562,3,5,False
18829,1786238862,582.85,-0.17999999999994998,0.12073846850850205,3,2,False
18835,1786238874,582.54,-0.34000000000003183,0.1411421663115364,3,5,False
18836,1786238876,582.35,-0.18999999999994088,0.1287590342030028,3,3,True
18837,1786238878,582.13,-0.22000000000002728,0.13303717107970364,3,0,False
18840,1786238884,581.75,-0.2899999999999636,0.1411106736651114,3,3,True
18848,1786238900,581.54,-0.12000000000000455,0.11117553687749948,3,8,False
18851,1786238906,581.67,-0.12999999999999545,0.10803291679443448,3,4,False
18870,1786238944,582.34,-0.18999999999994088,0.10448285345773815,3,6,False
18889,1786238982,582.93,-0.18000000000006366,0.11815714583179045,3,9,False
18890,1786238984,582.79,-0.13999999999998636,0.13191327117130625,3,0,False
18912,1786239028,582.21,-0.15999999999996817,0.14331007563243953,3,4,False
18921,1786239046,581.9,-0.2599999999999909,0.13140691678057892,3,9,False
18963,1786239130,582.15,-0.15999999999996817,0.13113182510571464,3,9,False
18965,1786239134,582.17,-0.12000000000000455,0.11633285577744247,3,4,False
18975,1786239154,582.89,-0.12000000000000455,0.13062244149541813,3,9,False
18976,1786239156,582.79,-0.10000000000002274,0.14151953143570045,3,2,False
18982,1786239168,582.83,-0.13999999999998636,0.08746427842268578,3,4,False
18986,1786239176,582.8,-0.14000000000010004,0.10016098153586403,3,6,False
18988,1786239180,582.66,-0.20000000000004547,0.10938718186132643,3,7,False
18991,1786239186,582.68,-0.16000000000008185,0.13076271979773535,3,1,False
19000,1786239204,583.09,-0.11000000000001364,0.13914420976495576,3,2,False
19006,1786239216,582.65,-0.34000000000003183,0.14198591479439274,3,7,False
19008,1786239220,582.53,-0.13999999999998636,0.14015864027753103,3,3,True
19009,1786239222,582.33,-0.1999999999999318,0.13832730910576824,3,9,False
19010,1786239224,582.19,-0.13999999999998636,0.13920408678546714,3,7,False
19013,1786239230,582.11,-0.11000000000001364,0.1330162897292159,3,3,True
19014,1786239232,581.83,-0.2799999999999727,0.12882373832315303,3,2,False
19032,1786239268,580.92,-0.20000000000004547,0.10349449797508485,3,5,False
19033,1786239270,580.75,-0.16999999999995907,0.10561986345170336,3,1,False
19034,1786239272,580.41,-0.34000000000003183,0.13554826938524953,3,9,False
19036,1786239276,580.18,-0.21000000000003638,0.14059002651525573,3,8,False
19051,1786239306,579.73,-0.14999999999997726,0.11631375193365744,3,3,True
19052,1786239308,579.53,-0.20000000000004547,0.10873004286865073,3,1,False
19054,1786239312,579.46,-0.14999999999997726,0.0953123520035287,3,3,True
19078,1786239360,579.66,-0.19000000000005457,0.13191327117128643,3,1,False
19079,1786239362,579.51,-0.14999999999997726,0.10855106325289013,3,8,False
19080,1786239364,579.28,-0.2300000000000182,0.11701851705321513,3,8,False
19084,1786239372,579.1,-0.12999999999999545,0.099716264136459,3,9,False
19097,1786239398,578.78,-0.10000000000002274,0.08723531395028829,3,6,False
19145,1786239494,578.85,-0.15999999999996817,0.14377451481783954,3,6,False
19152,1786239508,578.45,-0.31999999999993634,0.1445337330867485,3,9,False
19156,1786239516,578.34,-0.16999999999995907,0.13669105473452983,3,8,False
19173,1786239550,578.42,-0.2599999999999909,0.1334374593416402,3,9,False
19180,1786239564,578.49,-0.10000000000002274,0.1415352331478847,3,0,False
19195,1786239594,577.8,-0.12999999999999545,0.12784104713795835,3,9,False
19196,1786239596,577.69,-0.10999999999989996,0.12818822965552418,3,2,False
19198,1786239600,577.69,-0.2299999999999045,0.13998412608414795,3,2,False
19200,1786239604,577.49,-0.12999999999999545,0.1415823278362907,3,4,False
19229,1786239662,577.84,-0.25,0.12591443302673289,3,0,False
19243,1786239690,577.78,-0.13999999999998636,0.13918812209860196,3,8,False
19251,1786239706,577.82,-0.12999999999999545,0.12987600924644038,3,8,False
19252,1786239708,577.68,-0.14000000000010004,0.13484147070626323,3,1,False
19273,1786239750,578.02,-0.17000000000007276,0.11499275339488134,3,2,False
19290,1786239784,578.95,-0.16999999999995907,0.12792793110011724,3,2,False
19292,1786239788,578.87,-0.14999999999997726,0.13538422688367033,3,5,False
19300,1786239804,578.91,-0.2400000000000091,0.12790621564254356,3,0,False
19304,1786239812,578.75,-0.21000000000003638,0.1273708496216191,3,6,False
19305,1786239814,578.56,-0.19000000000005457,0.1344123010243784,3,9,False
19307,1786239818,578.33,-0.15999999999996817,0.13381579378633868,3,7,False
19309,1786239822,578.15,-0.22000000000002728,0.12666666666667206,3,5,False
19337,1786239878,578.99,-0.30999999999994543,0.10698390325441308,3,4,False
19338,1786239880,578.74,-0.25,0.12445882853375273,3,7,False
19339,1786239882,578.57,-0.16999999999995907,0.128478273130751,3,2,False
19350,1786239904,578.41,-0.10000000000002274,0.10429125882195135,3,2,False
19380,1786239964,578.28,-0.11000000000001364,0.12814921857825973,3,4,False
19382,1786239968,578.2,-0.13999999999998636,0.13333749993489344,3,4,False
19383,1786239970,578.04,-0.16000000000008185,0.11362707032704744,3,5,False
19393,1786239990,578.25,-0.14999999999997726,0.1018113724274395,3,8,False
19404,1786240012,578.13,-0.10000000000002274,0.14370107863199125,3,6,False
19417,1786240038,578.3,-0.21000000000003638,0.11645218379708243,3,0,False
19425,1786240054,578.67,-0.12999999999999545,0.12948187346323808,3,6,False
19427,1786240058,578.76,-0.10000000000002274,0.12222020200348582,3,1,False
19438,1786240080,579.6,-0.12000000000000455,0.14317433041186095,3,8,False
19444,1786240092,579.38,-0.22000000000002728,0.12020815280172324,3,0,False
19446,1786240096,579.16,-0.13999999999998636,0.12327025413926355,3,0,False
19448,1786240100,579.16,-0.13999999999998636,0.13284912076822306,3,0,False
19455,1786240114,579.14,-0.10000000000002274,0.14354248306493678,3,7,False
19470,1786240144,579.52,-0.11000000000001364,0.08425490424237195,3,4,False
19474,1786240152,579.17,-0.2300000000000182,0.09252627254522647,3,4,False
19480,1786240164,579.11,-0.1999999999999318,0.12178761111961112,3,5,False
19481,1786240166,578.95,-0.15999999999996817,0.12714383805578128,3,3,True
19493,1786240190,579.38,-0.12000000000000455,0.10629623177184484,3,4,False
19499,1786240202,579.58,-0.17999999999994998,0.09677580046454841,3,2,False
19507,1786240218,578.7,-0.13999999999998636,0.14337596265297808,3,7,False
19536,1786240276,579.18,-0.18000000000006366,0.13059266612045523,3,7,False
19537,1786240278,579.07,-0.10999999999989996,0.12832683966255654,3,9,False
19539,1786240282,578.81,-0.18000000000006366,0.13554826938525488,3,3,True
19541,1786240286,578.9,-0.12999999999999545,0.12292725943059336,3,7,False
19542,1786240288,578.77,-0.12999999999999545,0.11737877907774244,3,5,False
19543,1786240290,578.45,-0.31999999999993634,0.1415195314356938,3,8,False
19551,1786240306,578.37,-0.10000000000002274,0.12684636376339542,3,0,False
19560,1786240324,578.59,-0.18999999999994088,0.10911767348448574,3,3,True
19573,1786240350,578.9,-0.15999999999996817,0.1422985906075129,3,4,False
19582,1786240368,578.91,-0.25,0.12527746981975124,3,3,True
19583,1786240370,578.73,-0.17999999999994998,0.12798003316487436,3,4,False
19587,1786240378,578.68,-0.12000000000000455,0.14082692293100574,3,1,False
19592,1786240388,578.64,-0.20000000000004547,0.12789318459817656,3,3,True
19593,1786240390,578.43,-0.21000000000003638,0.1321615173439924,3,5,False
19595,1786240394,578.18,-0.17000000000007276,0.13535549900580393,3,3,True
19608,1786240420,577.79,-0.21000000000003638,0.10965096138808551,3,3,True
19614,1786240432,577.6,-0.18999999999994088,0.12384578223651238,3,7,False
19621,1786240446,577.65,-0.19000000000005457,0.10349449797506019,3,1,False
19631,1786240466,577.61,-0.2799999999999727,0.12411464234506998,3,0,False
19653,1786240510,577.25,-0.22000000000002728,0.11123548594460769,3,6,False
19655,1786240514,577.21,-0.14999999999997726,0.12559193180030068,3,9,False
19658,1786240520,577.22,-0.14999999999997726,0.14407174138831638,3,0,False
19672,1786240548,577.07,-0.12999999999999545,0.1352569571018242,3,1,False
19673,1786240550,576.91,-0.16000000000008185,0.1387884080974491,3,6,False
19694,1786240592,577.79,-0.11000000000001364,0.12090400232323699,3,3,True
19701,1786240606,577.18,-0.12000000000000455,0.1415627069534978,3,7,False
19707,1786240618,577.56,-0.13000000000010914,0.13293273152656812,3,4,False
19708,1786240620,577.34,-0.2199999999999136,0.143917414589834,3,6,False
19718,1786240640,577.06,-0.11000000000001364,0.14030126316055072,3,1,False
19721,1786240646,577.02,-0.14999999999997726,0.12920268315069022,3,9,False
19724,1786240652,576.74,-0.15999999999996817,0.11745448290957836,3,1,False
19725,1786240654,576.61,-0.12999999999999545,0.11823235127869822,3,7,False
19727,1786240658,576.55,-0.12000000000000455,0.09986657765906895,3,4,False
19730,1786240664,576.68,-0.14000000000010004,0.11929887770731934,3,5,False
19731,1786240666,576.55,-0.12999999999999545,0.11757267256185634,3,4,False
19755,1786240714,577.06,-0.13000000000010914,0.0781807023646207,3,7,False
19757,1786240718,576.85,-0.22000000000002728,0.09626929820967026,3,1,False
19776,1786240756,576.48,-0.34000000000003183,0.1444529912001228,3,8,False
19780,1786240764,575.74,-0.17999999999994998,0.14487159065109426,3,3,True
19840,1786240884,576.57,-0.10999999999989996,0.12501111061734743,3,6,False
19842,1786240888,576.42,-0.13999999999998636,0.12260596324087912,3,8,False
19843,1786240890,576.28,-0.13999999999998636,0.11873874215641916,3,5,False
19844,1786240892,576.05,-0.2300000000000182,0.11551334699217101,3,8,False
19846,1786240896,575.77,-0.21000000000003638,0.10669270515519311,3,2,False
19860,1786240924,576.37,-0.11000000000001364,0.12411464234507005,3,4,False
19864,1786240932,576.25,-0.21000000000003638,0.11768602295941334,3,4,False
19901,1786241006,577.49,-0.12000000000000455,0.13664227424598552,3,5,False
19915,1786241034,577.26,-0.3300000000000409,0.13558105406812468,3,8,False
19955,1786241114,575.4,-0.2300000000000182,0.1329995822883947,3,1,False
19958,1786241120,575.13,-0.25,0.12847827313079357,3,7,False
19960,1786241124,574.94,-0.2299999999999045,0.14424131015611882,3,4,False
19976,1786241156,574.39,-0.16999999999995907,0.14032106042928333,3,4,False
19987,1786241178,574.72,-0.25,0.1296833751017428,3,0,False
19988,1786241180,574.6,-0.12000000000000455,0.12787146323990622,3,2,False
19992,1786241188,574.8,-0.15000000000009095,0.13952697867359815,3,4,False
19999,1786241202,574.96,-0.11000000000001364,0.11226951698678601,3,9,False
20005,1786241214,575.17,-0.18000000000006366,0.11229425630906081,3,3,True
20008,1786241220,575.33,-0.12999999999999545,0.14112248423111798,3,2,False
20029,1786241262,575.01,-0.18000000000006366,0.10075272259899329,3,6,False
20038,1786241280,575.39,-0.20000000000004547,0.14243907079483178,3,3,True
20041,1786241286,575.5,-0.14999999999997726,0.14252095362515627,3,4,False
20054,1786241312,575.54,-0.11000000000001364,0.11105554165975194,3,4,False
20056,1786241316,575.52,-0.12000000000000455,0.10836666154005903,3,6,False
20057,1786241318,575.36,-0.15999999999996817,0.08617811013632135,3,1,False
20059,1786241322,575.13,-0.17999999999994998,0.09534149149242058,3,8,False
20062,1786241328,574.98,-0.11000000000001364,0.08323994767470326,3,2,False
20069,1786241342,575.39,-0.10000000000002274,0.11452316602133722,3,7,False
20072,1786241348,575.41,-0.11000000000001364,0.11860766323376028,3,8,False
20077,1786241358,575.29,-0.12000000000000455,0.09500877152489105,3,9,False
20079,1786241362,575.05,-0.14000000000010004,0.10189319026424302,3,8,False
20102,1786241408,576.12,-0.11000000000001364,0.12996153277025785,3,4,False
20109,1786241422,576.24,-0.13999999999998636,0.1288452991424544,3,4,False
20110,1786241424,576.14,-0.10000000000002274,0.13326664999165472,3,1,False
20111,1786241426,576.01,-0.12999999999999545,0.12899612397277155,3,8,False
20118,1786241440,576.03,-0.21000000000003638,0.1267762683715771,3,6,False
20119,1786241442,575.86,-0.16999999999995907,0.1298546195644238,3,6,False
20120,1786241444,575.76,-0.10000000000002274,0.1298546195644238,3,1,False
20126,1786241456,575.77,-0.12999999999999545,0.12149074038789125,3,2,False
20127,1786241458,575.62,-0.14999999999997726,0.12263767773403855,3,5,False
20155,1786241514,576.44,-0.14999999999997726,0.14453373308675455,3,9,False
20156,1786241516,576.29,-0.15000000000009095,0.1283441553878362,3,7,False
20159,1786241522,576.02,-0.3100000000000591,0.10774970997644542,3,7,False
20186,1786241576,574.81,-0.12000000000000455,0.061967733539322264,3,1,False
20192,1786241588,574.54,-0.12999999999999545,0.07114929530374207,3,8,False
20194,1786241592,574.55,-0.12999999999999545,0.09040648944257516,3,7,False
20213,1786241630,575.1,-0.10000000000002274,0.1343461532344074,3,0,False
20215,1786241634,575.0,-0.20000000000004547,0.10593499054713207,3,1,False
20219,1786241642,575.22,-0.10000000000002274,0.1262449118886869,3,0,False
20223,1786241650,575.42,-0.11000000000001364,0.13554826938525202,3,0,False
20224,1786241652,575.3,-0.12000000000000455,0.14102797200871814,3,6,False
20238,1786241680,575.22,-0.15999999999996817,0.10826408042886249,3,6,False
20270,1786241744,576.57,-0.14999999999997726,0.13276964177767922,3,2,False
20284,1786241772,576.49,-0.22000000000002728,0.10783217413083954,3,0,False
20287,1786241778,576.56,-0.15000000000009095,0.12445882853381153,3,6,False
20289,1786241782,576.54,-0.12000000000000455,0.12710887721428243,3,7,False
20290,1786241784,576.37,-0.16999999999995907,0.1372953021774842,3,3,True
20313,1786241830,575.22,-0.13999999999998636,0.11123548594462877,3,8,False
20315,1786241834,575.0,-0.17999999999994998,0.11259070417520049,3,7,False
20318,1786241840,574.97,-0.14999999999997726,0.09649985607356244,3,0,False
20331,1786241866,575.56,-0.15000000000009095,0.10954958288877338,3,2,False
20351,1786241906,575.56,-0.11000000000001364,0.12149074038786944,3,6,False
20373,1786241950,575.68,-0.12999999999999545,0.11425604773683312,3,1,False
20375,1786241954,575.52,-0.19000000000005457,0.12169634341261332,3,4,False
20383,1786241970,575.17,-0.10000000000002274,0.13378672912098413,3,6,False
20384,1786241972,575.06,-0.11000000000001364,0.13167721476736183,3,8,False
20385,1786241974,574.78,-0.2799999999999727,0.14369721252998297,3,2,False
20386,1786241976,574.62,-0.15999999999996817,0.14187631546134488,3,5,False
20388,1786241980,574.6,-0.14999999999997726,0.13916017948949488,3,5,False
20392,1786241988,574.62,-0.15999999999996817,0.13818264885447681,3,7,False
20396,1786241996,574.32,-0.14999999999997726,0.11015141094570315,3,0,False
20397,1786241998,574.2,-0.12000000000000455,0.09743943988160442,3,8,False
20403,1786242010,574.25,-0.12999999999999545,0.11262523893180405,3,8,False
20407,1786242018,574.22,-0.1999999999999318,0.12612163441164734,3,0,False
20408,1786242020,574.0,-0.22000000000002728,0.14451451291978987,3,0,False
20415,1786242034,574.14,-0.16999999999995907,0.13806600675842232,3,6,False
20416,1786242036,573.96,-0.17999999999994998,0.14299961149906332,3,4,False
20417,1786242038,573.84,-0.12000000000000455,0.13546627296529445,3,0,False
20443,1786242090,574.27,-0.13999999999998636,0.14466820275682601,3,3,True
20453,1786242110,574.15,-0.11000000000001364,0.12865112168617293,3,6,False
20454,1786242112,573.86,-0.2899999999999636,0.1400039681977268,3,5,False
20486,1786242176,573.76,-0.10000000000002274,0.05835713800002209,3,5,False
20489,1786242182,573.72,-0.2899999999999636,0.1414252845537416,3,0,False
20500,1786242204,573.97,-0.11000000000001364,0.12000462954029711,3,4,False
20501,1786242206,573.74,-0.2300000000000182,0.09798525966240366,3,5,False
20502,1786242208,573.45,-0.2899999999999636,0.12799739580682504,3,2,False
20520,1786242244,572.94,-0.2099999999999227,0.1414252845537445,3,2,False
20526,1786242256,572.92,-0.10000000000002274,0.09512564790257,3,7,False
20528,1786242260,572.81,-0.16000000000008185,0.10308572484425303,3,0,False
20532,1786242268,572.85,-0.10000000000002274,0.09261629326302881,3,9,False
20534,1786242272,572.77,-0.12000000000000455,0.09077444574331091,3,5,False
20541,1786242286,572.84,-0.13999999999998636,0.10671353137151461,3,9,False
20542,1786242288,572.59,-0.25,0.12885823390239945,3,2,False
20552,1786242308,572.67,-0.11000000000001364,0.060516297162174146,3,8,False
20557,1786242318,572.71,-0.25,0.11419281938896393,3,0,False
20559,1786242322,572.58,-0.12000000000000455,0.12090400232324273,3,3,True
20571,1786242346,572.89,-0.2400000000000091,0.10952422360169942,3,3,True
20578,1786242360,572.62,-0.15999999999996817,0.11234866364236276,3,1,False
20581,1786242366,572.62,-0.10000000000002274,0.09165757530675597,3,4,False
20584,1786242372,572.42,-0.3000000000000682,0.12154560186751417,3,2,False
20598,1786242400,572.09,-0.13999999999998636,0.10591401124393728,3,4,False
20602,1786242408,571.92,-0.13999999999998636,0.1426767909180424,3,6,False
20620,1786242444,572.47,-0.1999999999999318,0.13377011790546223,3,3,True
20634,1786242472,573.03,-0.12000000000000455,0.13880842113424452,3,6,False
20638,1786242480,573.01,-0.12000000000000455,0.10809460876677446,3,6,False
20641,1786242486,573.14,-0.13999999999998636,0.1327529032952947,3,3,True
20647,1786242498,573.2,-0.17999999999994998,0.12649549838279064,3,3,True
20649,1786242502,573.1,-0.12999999999999545,0.12703455347966291,3,3,True
20651,1786242506,572.91,-0.12000000000000455,0.10078028907810399,3,4,False
20653,1786242510,572.72,-0.12000000000000455,0.0856673151726414,3,8,False
20678,1786242560,572.31,-0.2400000000000091,0.1326817411871077,3,6,False
20679,1786242562,572.16,-0.14999999999997726,0.11331372379370126,3,6,False
20680,1786242564,571.96,-0.1999999999999318,0.10246408584905764,3,3,True
20682,1786242568,571.91,-0.12000000000000455,0.10757942802100388,3,0,False
20683,1786242570,571.8,-0.11000000000001364,0.10677078252028119,3,9,False
20704,1786242612,571.24,-0.21000000000003638,0.09660917830793056,3,4,False
20706,1786242616,571.21,-0.2300000000000182,0.13982528780987594,3,5,False
20713,1786242630,570.99,-0.15999999999996817,0.14237665226826376,3,5,False
20720,1786242644,571.34,-0.10000000000002274,0.13121653012397144,3,5,False
20724,1786242652,571.56,-0.15000000000009095,0.13995634239925528,3,0,False
20737,1786242678,571.17,-0.11000000000001364,0.1400158721161591,3,6,False
20741,1786242686,571.34,-0.11000000000001364,0.13002563849745818,3,3,True
20743,1786242690,571.21,-0.12000000000000455,0.11059937713306482,3,9,False
20747,1786242698,571.56,-0.10000000000002274,0.1409846327323038,3,7,False
20756,1786242716,570.91,-0.22000000000002728,0.1288625452005195,3,9,False
20759,1786242722,570.81,-0.19000000000005457,0.13680480823260657,3,4,False
20761,1786242726,570.5,-0.2400000000000091,0.13343745934167278,3,8,False
20764,1786242732,570.49,-0.12000000000000455,0.13846780612596257,3,9,False
20765,1786242734,570.39,-0.10000000000002274,0.1249177507180157,3,7,False
20772,1786242748,570.52,-0.11000000000001364,0.09276014469827772,3,3,True
20773,1786242750,570.23,-0.2899999999999636,0.12035133752660684,3,6,False
20783,1786242770,571.02,-0.12000000000000455,0.1355195762816486,3,3,True
20795,1786242794,571.85,-0.22000000000002728,0.1293402060029573,3,6,False
20798,1786242800,571.8,-0.14000000000010004,0.14007934259634833,3,8,False
20805,1786242814,571.72,-0.2599999999999909,0.14103191128254872,3,6,False
20806,1786242816,571.56,-0.16000000000008185,0.14071247279474008,3,1,False
20807,1786242818,571.41,-0.14999999999997726,0.1446105882092726,3,9,False
20808,1786242820,571.29,-0.12000000000000455,0.14340695783525734,3,5,False
20823,1786242850,571.32,-0.15999999999996817,0.12851286144022914,3,7,False
20825,1786242854,571.05,-0.22000000000002728,0.13194695904037568,3,9,False
20842,1786242888,571.89,-0.12999999999999545,0.11528226229563661,3,2,False
20854,1786242912,571.97,-0.12999999999999545,0.1114600077756136,3,8,False
20855,1786242914,571.78,-0.19000000000005457,0.09686760724483127,3,0,False
20856,1786242916,571.6,-0.17999999999994998,0.10469001862643872,3,4,False
20858,1786242920,571.41,-0.12999999999999545,0.0885939551487108,3,9,False
20869,1786242942,572.15,-0.14999999999997726,0.1292886520757206,3,9,False
20877,1786242958,571.39,-0.12000000000000455,0.12936168074216722,3,0,False
20885,1786242974,571.41,-0.10000000000002274,0.086948260477148,3,6,False
20888,1786242980,571.54,-0.12999999999999545,0.11452316602136424,3,0,False
20898,1786243000,571.68,-0.10000000000002274,0.0769126488658059,3,5,False
20901,1786243006,571.59,-0.1999999999999318,0.11450861200024144,3,4,False
20902,1786243008,571.34,-0.25,0.1338490028186775,3,2,False
20904,1786243012,571.31,-0.11000000000001364,0.14025373831420312,3,7,False
20910,1786243024,571.46,-0.13999999999998636,0.13928787137115256,3,4,False
20911,1786243026,571.24,-0.22000000000002728,0.14206805880750473,3,9,False
20930,1786243064,571.69,-0.18999999999994088,0.11970333699978573,3,3,True
20937,1786243078,571.66,-0.11000000000001364,0.09592242235841231,3,7,False
20960,1786243124,572.25,-0.14999999999997726,0.12642081403876915,3,2,False
20961,1786243126,572.12,-0.12999999999999545,0.1340356503157219,3,3,True
20964,1786243132,572.05,-0.15000000000009095,0.1413270438852332,3,3,True
20965,1786243134,571.83,-0.2199999999999136,0.10069204977994178,3,4,False
20967,1786243138,571.82,-0.12000000000000455,0.11568155523772919,3,0,False
20989,1786243182,571.35,-0.18999999999994088,0.09971626413643289,3,8,False
20991,1786243186,571.06,-0.22000000000002728,0.11777568132304594,3,2,False
20993,1786243190,571.05,-0.17000000000007276,0.13275290329533163,3,8,False
21008,1786243220,571.1,-0.10000000000002274,0.08628763269179827,3,9,False
21009,1786243222,570.89,-0.21000000000003638,0.10110500592069399,3,5,False
21011,1786243226,570.75,-0.10000000000002274,0.0919903376568668,3,4,False
21019,1786243242,570.82,-0.13999999999998636,0.10573026477260648,3,6,False
21024,1786243252,570.96,-0.16999999999995907,0.13002563849743234,3,0,False
21031,1786243266,571.27,-0.13999999999998636,0.1359779393872333,3,8,False
21050,1786243304,572.73,-0.16999999999995907,0.09681597664296447,3,9,False
21051,1786243306,572.59,-0.13999999999998636,0.11795008360412233,3,6,False
21052,1786243308,572.46,-0.12999999999999545,0.1314238266914315,3,5,False
21053,1786243310,572.35,-0.11000000000001364,0.13656093471006323,3,2,False
21061,1786243326,572.5,-0.11000000000001364,0.09938142012805849,3,1,False
21067,1786243338,572.33,-0.16999999999995907,0.13434615323443388,3,8,False
21115,1786243434,573.0,-0.14999999999997726,0.14003570973146234,3,5,False
21119,1786243442,572.77,-0.2400000000000091,0.1427546457698763,3,3,True
21121,1786243446,572.72,-0.2099999999999227,0.1390283744020687,3,4,False
21124,1786243452,572.76,-0.12999999999999545,0.13979747255700348,3,6,False
21125,1786243454,572.66,-0.10000000000002274,0.13623509092738811,3,6,False
21147,1786243498,573.73,-0.10000000000002274,0.14304622407535456,3,3,True
21148,1786243500,573.63,-0.10000000000002274,0.1254547284437239,3,8,False
21154,1786243512,573.33,-0.11000000000001364,0.04217687623436859,3,3,True
21159,1786243522,573.34,-0.11000000000001364,0.06899275324263923,3,9,False
21160,1786243524,573.19,-0.14999999999997726,0.07885288693368467,3,0,False
21170,1786243544,573.86,-0.21000000000003638,0.14345343805181998,3,5,False
21184,1786243572,574.7,-0.10999999999989996,0.09811557810388571,3,2,False
21187,1786243578,574.57,-0.14999999999997726,0.12875471943883374,3,3,True
21203,1786243610,575.31,-0.13000000000010914,0.09531235200355545,3,0,False
21213,1786243630,575.53,-0.17000000000007276,0.14061768499495322,3,7,False
21224,1786243652,575.59,-0.10000000000002274,0.13472605951005043,3,5,False
21225,1786243654,575.35,-0.2400000000000091,0.09982762921933983,3,3,True
21227,1786243658,575.15,-0.18000000000006366,0.0828385310240516,3,0,False
21238,1786243680,575.6,-0.10000000000002274,0.10466878978737276,3,8,False
21246,1786243696,575.84,-0.25,0.13505554412906337,3,6,False
21250,1786243704,575.65,-0.25,0.14009917122445187,3,4,False
21251,1786243706,575.54,-0.11000000000001364,0.14391741458983545,3,5,False
21258,1786243720,575.55,-0.14000000000010004,0.1150313966803121,3,7,False
21259,1786243722,575.37,-0.17999999999994998,0.12083505745896461,3,4,False
21271,1786243746,575.67,-0.15000000000009095,0.13795732029228644,3,4,False
21294,1786243792,576.08,-0.12000000000000455,0.12389960093200442,3,8,False
21295,1786243794,575.98,-0.10000000000002274,0.12818822965554144,3,6,False
21298,1786243800,575.34,-0.15999999999996817,0.13777598565142954,3,7,False
21300,1786243804,575.36,-0.11000000000001364,0.14476033833739865,3,0,False
21301,1786243806,575.2,-0.15999999999996817,0.14476033833739865,3,2,False
21313,1786243830,576.07,-0.16999999999995907,0.13687382673266016,3,0,False
21320,1786243844,575.95,-0.16999999999995907,0.09267026371914551,3,4,False
21322,1786243848,575.83,-0.11000000000001364,0.08608135686661796,3,8,False
21346,1786243896,576.15,-0.15999999999996817,0.1226059632408727,3,6,False
21359,1786243922,576.39,-0.16999999999995907,0.09761602782780503,3,0,False
21363,1786243930,576.56,-0.14000000000010004,0.1398769300333555,3,5,False
21364,1786243932,576.45,-0.10999999999989996,0.14437990010924087,3,0,False
21368,1786243940,576.23,-0.12000000000000455,0.14142528455378478,3,9,False
21387,1786243978,576.76,-0.19000000000005457,0.14304622407537695,3,5,False
21404,1786244012,577.81,-0.13000000000010914,0.11813363431115256,3,3,True
21412,1786244028,578.09,-0.11000000000001364,0.12913816889930566,3,7,False
21413,1786244030,577.97,-0.12000000000000455,0.13597793938723526,3,6,False
21416,1786244036,577.82,-0.13999999999998636,0.1413427669807352,3,1,False
21418,1786244040,577.55,-0.2599999999999909,0.11286176402029394,3,5,False
21422,1786244048,577.44,-0.2199999999999136,0.13302046626152148,3,5,False
21449,1786244102,577.67,-0.12000000000000455,0.13609228894803152,3,4,False
21455,1786244114,578.15,-0.11000000000001364,0.13184165586879035,3,7,False
21467,1786244138,577.69,-0.11999999999989086,0.11479450238477959,3,9,False
21468,1786244140,577.49,-0.20000000000004547,0.11656662377273115,3,5,False
21469,1786244142,577.35,-0.13999999999998636,0.12057731498455149,3,1,False
21471,1786244146,577.0,-0.30999999999994543,0.1404318735583304,3,5,False
21472,1786244148,576.85,-0.14999999999997726,0.14009520572331646,3,3,True
21474,1786244152,576.93,-0.10000000000002274,0.13306639946530396,3,3,True
21475,1786244154,576.73,-0.1999999999999318,0.13425100868643386,3,5,False
21536,1786244276,578.48,-0.13999999999998636,0.14161371559438163,3,3,True
21542,1786244288,578.7,-0.2099999999999227,0.12099586769801228,3,5,False
21556,1786244316,579.2,-0.2999999999999545,0.13654466098841447,3,3,True
21559,1786244322,579.12,-0.13999999999998636,0.12705641791474945,3,5,False
21580,1786244364,578.35,-0.22000000000002728,0.1315548048026655,3,3,True
21586,1786244376,577.97,-0.14999999999997726,0.13920408678546636,3,6,False
21588,1786244380,577.74,-0.22000000000002728,0.11631375193365852,3,2,False
21592,1786244388,577.68,-0.25,0.14321700705959542,3,9,False
21622,1786244448,579.49,-0.10000000000002274,0.13862819979275687,3,7,False
21623,1786244450,579.37,-0.12000000000000455,0.13395272798018812,3,9,False
21651,1786244506,579.67,-0.12000000000000455,0.08685236515680597,3,0,False
21669,1786244542,580.12,-0.17999999999994998,0.09211104409593261,3,2,False
21673,1786244550,580.26,-0.2300000000000182,0.13574895129531883,3,0,False
21681,1786244566,580.19,-0.10999999999989996,0.14383632673593844,3,4,False
21685,1786244574,580.03,-0.13999999999998636,0.09237604307030813,3,4,False
21688,1786244580,579.79,-0.15000000000009095,0.0725794583733867,3,3,True
21689,1786244582,579.63,-0.15999999999996817,0.07848566748136607,3,9,False
21690,1786244584,579.49,-0.13999999999998636,0.08116512661096068,3,0,False
21694,1786244592,579.51,-0.15999999999996817,0.11946175585142259,3,9,False
21714,1786244632,580.31,-0.11000000000001364,0.09288583195396427,3,2,False
21716,1786244636,580.22,-0.1999999999999318,0.1272137309150712,3,2,False
21728,1786244660,580.99,-0.11000000000001364,0.09153627089239737,3,7,False
21772,1786244748,582.08,-0.13999999999998636,0.144975093646389,3,3,True
21776,1786244756,582.11,-0.12000000000000455,0.10587728746052158,3,2,False
21779,1786244762,581.87,-0.2400000000000091,0.12175111224680074,3,1,False
21798,1786244800,581.98,-0.2300000000000182,0.1359738536958326,3,4,False
21811,1786244826,582.55,-0.10000000000002274,0.13826303434638365,3,8,False
21821,1786244846,582.82,-0.15999999999996817,0.09381423725164363,3,2,False
21822,1786244848,582.62,-0.20000000000004547,0.11805836597961375,3,8,False
21831,1786244866,582.36,-0.13999999999998636,0.08099382692527969,3,3,True
21833,1786244870,582.18,-0.25,0.09368979548370267,3,6,False
21836,1786244876,582.17,-0.19000000000005457,0.12824022596501589,3,3,True
21837,1786244878,582.03,-0.13999999999998636,0.13101738646285793,3,5,False
21840,1786244884,581.98,-0.12999999999999545,0.140222046134783,3,7,False
21845,1786244894,581.91,-0.21000000000003638,0.1412051305331887,3,9,False
21865,1786244934,583.05,-0.2700000000000955,0.12987600924645126,3,1,False
21869,1786244942,582.7,-0.12000000000000455,0.1376347824255892,3,9,False
21874,1786244952,582.68,-0.11000000000001364,0.12598059815350654,3,9,False
21875,1786244954,582.49,-0.18999999999994088,0.1133529394805752,3,9,False
21881,1786244966,582.67,-0.13999999999998636,0.13048627003125468,3,0,False
21893,1786244990,583.09,-0.12000000000000455,0.12165981715877258,3,4,False
21911,1786245026,583.94,-0.15999999999996817,0.1199814800523657,3,8,False
21912,1786245028,583.78,-0.16000000000008185,0.12714383805579815,3,9,False
21914,1786245032,583.48,-0.21000000000003638,0.1416921545699339,3,9,False
21916,1786245036,583.34,-0.14999999999997726,0.1320816245946405,3,9,False
21918,1786245040,583.18,-0.21000000000003638,0.1405900265152465,3,5,False
21922,1786245048,583.3,-0.17000000000007276,0.1338988009240362,3,8,False
21928,1786245060,583.26,-0.22000000000002728,0.1280451309326654,3,2,False
21941,1786245086,583.07,-0.2099999999999227,0.12596736790841556,3,0,False
21959,1786245122,582.82,-0.16999999999995907,0.1320774183743791,3,6,False
21961,1786245126,582.55,-0.21000000000003638,0.14244297104455403,3,3,True
21988,1786245180,583.44,-0.15999999999996817,0.13519122259476476,3,1,False
21992,1786245188,583.68,-0.14000000000010004,0.12824022596501242,3,9,False
22035,1786245274,584.62,-0.12999999999999545,0.11547486498994435,3,5,False
22037,1786245278,584.32,-0.2299999999999045,0.1047748909699899,3,2,False
22038,1786245280,584.12,-0.20000000000004547,0.11450861200023248,3,3,True
22049,1786245302,584.67,-0.21000000000003638,0.1268595023375581,3,5,False
22052,1786245308,584.59,-0.12000000000000455,0.1379573202922656,3,0,False
22060,1786245324,584.68,-0.10000000000002274,0.14008330854648984,3,2,False
22063,1786245330,584.53,-0.19000000000005457,0.13864823595463133,3,3,True
22073,1786245350,585.03,-0.12000000000000455,0.11323525167640515,3,0,False
22074,1786245352,584.8,-0.2300000000000182,0.1437629221245013,3,3,True
22080,1786245364,584.66,-0.12999999999999545,0.1408071967857661,3,4,False
22082,1786245368,584.45,-0.18999999999994088,0.1272792206135663,3,9,False
22103,1786245410,584.29,-0.15000000000009095,0.08947377020981649,3,9,False
22106,1786245416,584.16,-0.16000000000008185,0.11123548594463856,3,2,False
22121,1786245446,584.91,-0.22000000000002728,0.14387108426955048,3,2,False
22127,1786245458,585.18,-0.16000000000008185,0.13886844293952874,3,4,False
22132,1786245468,585.3,-0.16000000000008185,0.1250599856069451,3,9,False
22135,1786245474,585.25,-0.15999999999996817,0.12882373832320698,3,8,False
22137,1786245478,585.28,-0.10000000000002274,0.12918548250053846,3,6,False
22160,1786245524,584.41,-0.11000000000001364,0.1418175666912293,3,8,False
22163,1786245530,584.39,-0.18000000000006366,0.12728358539542556,3,4,False
22183,1786245570,585.24,-0.12000000000000455,0.09534149149243101,3,3,True
22186,1786245576,585.11,-0.10000000000002274,0.09693067396627865,3,5,False
22188,1786245580,585.02,-0.12999999999999545,0.09723396754450817,3,7,False
22189,1786245582,584.87,-0.14999999999997726,0.08680117766737205,3,4,False
22198,1786245600,585.37,-0.12000000000000455,0.13753787357184732,3,0,False
22199,1786245602,585.2,-0.16999999999995907,0.14063743772156395,3,5,False
22203,1786245610,585.21,-0.16999999999995907,0.10362861037804943,3,1,False
22204,1786245612,585.11,-0.10000000000002274,0.1007747763855187,3,6,False
22205,1786245614,584.96,-0.14999999999997726,0.10566719242769172,3,7,False
22207,1786245618,584.77,-0.10000000000002274,0.10432854089097619,3,9,False
22209,1786245622,584.51,-0.18000000000006366,0.10418466511172537,3,6,False
22221,1786245646,584.36,-0.10000000000002274,0.12050357302216369,3,3,True
22222,1786245648,584.23,-0.12999999999999545,0.12375603240065941,3,7,False
22225,1786245654,584.33,-0.14999999999997726,0.13918812209858586,3,8,False
22233,1786245670,584.68,-0.18000000000006366,0.11939197814110773,3,9,False
22237,1786245678,584.83,-0.11000000000001364,0.11711343029541176,3,0,False
22276,1786245756,585.99,-0.11000000000001364,0.13558515159607537,3,6,False
22277,1786245758,585.86,-0.12999999999999545,0.1389004439637685,3,6,False
22284,1786245772,586.07,-0.17999999999994998,0.12810152223920596,3,5,False
22287,1786245778,586.19,-0.11999999999989086,0.12867271142967188,3,2,False
22289,1786245782,586.07,-0.14999999999997726,0.13614126650079028,3,7,False
22290,1786245784,585.97,-0.10000000000002274,0.13639811012048406,3,3,True
22298,1786245800,585.75,-0.15999999999996817,0.06750308634920046,3,6,False
22302,1786245808,585.88,-0.2699999999999818,0.13782436488355373,3,6,False
22329,1786245862,586.41,-0.14999999999997726,0.08666666666666986,3,6,False
22330,1786245864,586.26,-0.14999999999997726,0.09240610850419177,3,9,False
22331,1786245866,586.09,-0.16999999999995907,0.09912954487268369,3,8,False
22335,1786245874,585.79,-0.21000000000003638,0.08907549856409848,3,6,False
22344,1786245892,585.58,-0.11000000000001364,0.07885288693368978,3,7,False
22347,1786245898,585.61,-0.14999999999997726,0.08512082915216139,3,1,False
22349,1786245902,585.48,-0.12999999999999545,0.08643558937792295,3,7,False
22351,1786245906,585.6,-0.16999999999995907,0.14149990184525635,3,1,False
22362,1786245928,585.43,-0.15000000000009095,0.12795832654946057,3,3,True
22368,1786245940,584.97,-0.25,0.105309068935211,3,9,False
22371,1786245946,584.99,-0.2599999999999909,0.14003570973148122,3,9,False
22372,1786245948,584.89,-0.10000000000002274,0.1372912556898176,3,7,False
22374,1786245952,584.76,-0.11000000000001364,0.13769935043823217,3,7,False
22383,1786245970,584.26,-0.2300000000000182,0.1375540297887081,3,7,False
22387,1786245978,584.26,-0.12999999999999545,0.1229679271644137,3,7,False
22389,1786245982,584.16,-0.11000000000001364,0.09910712498212532,3,2,False
22391,1786245986,583.95,-0.16999999999995907,0.104264620610784,3,6,False
22393,1786245990,583.62,-0.34000000000003183,0.12859929151351734,3,3,True
22405,1786246014,583.51,-0.16999999999995907,0.12090400232323859,3,3,True
22406,1786246016,583.33,-0.17999999999994998,0.1282575533838006,3,3,True
22407,1786246018,583.03,-0.3000000000000682,0.1443337182443011,3,4,False
22410,1786246024,582.48,-0.13999999999998636,0.14314328485820685,3,1,False
22415,1786246034,582.15,-0.2699999999999818,0.12920268315065775,3,0,False
22418,1786246040,582.13,-0.13999999999998636,0.1258261587358353,3,4,False
22420,1786246044,581.97,-0.16999999999995907,0.128534474407077,3,1,False
22429,1786246062,582.22,-0.18999999999994088,0.13644697789900764,3,2,False
22432,1786246068,582.11,-0.1999999999999318,0.11318127053533579,3,7,False
22484,1786246172,581.6,-0.2099999999999227,0.08859395514868196,3,2,False
22487,1786246178,581.61,-0.15999999999996817,0.10850499220463741,3,5,False
22505,1786246214,581.88,-0.16999999999995907,0.13531855420122688,3,2,False
22523,1786246250,581.08,-0.16999999999995907,0.1310640216755773,3,8,False
22543,1786246290,581.32,-0.17999999999994998,0.10979273402392165,3,5,False
22574,1786246352,582.14,-0.13999999999998636,0.10906165432655228,3,1,False
22575,1786246354,582.01,-0.12999999999999545,0.1064633478923394,3,1,False
22576,1786246356,581.91,-0.10000000000002274,0.10276726672979333,3,6,False
22580,1786246364,582.14,-0.13999999999998636,0.1297219248152559,3,2,False
22601,1786246406,582.32,-0.2099999999999227,0.09593979593702844,3,3,True
22602,1786246408,582.13,-0.19000000000005457,0.11276819882690922,3,8,False
22619,1786246442,582.31,-0.2300000000000182,0.13974580097052658,3,0,False
22631,1786246466,583.09,-0.2099999999999227,0.12454807193293355,3,4,False
22641,1786246486,583.53,-0.22000000000002728,0.14477568856683257,3,3,True
22649,1786246502,583.59,-0.10000000000002274,0.14531574817158618,3,3,True
22655,1786246514,583.46,-0.17999999999994998,0.10854594521317801,3,0,False
22670,1786246544,583.29,-0.13999999999998636,0.11647126493495132,3,5,False
22674,1786246552,583.16,-0.17000000000007276,0.09425733098515106,3,9,False
22678,1786246560,583.0,-0.11000000000001364,0.07916929820190367,3,8,False
22680,1786246564,582.94,-0.2399999999998954,0.12249716550007542,3,6,False
22684,1786246572,582.7,-0.17999999999994998,0.11616080807796525,3,5,False
22688,1786246580,582.68,-0.10000000000002274,0.12336035739964739,3,3,True
22693,1786246590,583.13,-0.11000000000001364,0.13874436925512024,3,4,False
22701,1786246606,583.42,-0.20000000000004547,0.1396065901023357,3,2,False
22711,1786246626,583.15,-0.18000000000006366,0.08512082915219857,3,9,False
22715,1786246634,583.09,-0.18999999999994088,0.12603350524541782,3,6,False
22719,1786246642,583.02,-0.14999999999997726,0.12937456387474108,3,1,False
22721,1786246646,582.95,-0.15999999999996817,0.1300427280208672,3,4,False
22726,1786246656,583.12,-0.14999999999997726,0.1331832488632764,3,3,True
22729,1786246662,583.05,-0.16000000000008185,0.1371171437534822,3,3,True
22741,1786246686,582.89,-0.32000000000005,0.14533103973726724,3,1,False
22773,1786246750,582.24,-0.2300000000000182,0.13248060654719962,3,6,False
22774,1786246752,582.06,-0.18000000000006366,0.13433374689764027,3,8,False
22793,1786246790,582.15,-0.17000000000007276,0.14291022823206095,3,7,False
22801,1786246806,581.78,-0.25,0.13771548771130063,3,3,True
22803,1786246810,581.72,-0.11000000000001364,0.12046668511345258,3,6,False
22808,1786246820,581.5,-0.15999999999996817,0.11470251377659027,3,5,False
22810,1786246824,581.26,-0.19000000000005457,0.10456789394670161,3,2,False
22812,1786246828,581.12,-0.20000000000004547,0.09768998583958688,3,4,False
22833,1786246870,581.46,-0.1999999999999318,0.13050755618820462,3,0,False
22835,1786246874,581.35,-0.14999999999997726,0.12925427136718315,3,7,False
22876,1786246956,581.8,-0.21000000000003638,0.11421227799340454,3,0,False
22881,1786246966,581.56,-0.11000000000001364,0.10319345371141449,3,3,True
22882,1786246968,581.33,-0.2299999999999045,0.11740244176903529,3,6,False
22884,1786246972,581.43,-0.12999999999999545,0.1425326473322775,3,0,False
22910,1786247024,581.62,-0.12999999999999545,0.13960261060912246,3,4,False
22912,1786247028,581.46,-0.17999999999994998,0.1346641913963688,3,1,False
22945,1786247094,582.8,-0.14000000000010004,0.1367235653914055,3,9,False
22954,1786247112,582.27,-0.12999999999999545,0.13752171545693315,3,4,False
22965,1786247134,582.11,-0.11000000000001364,0.09956014374347663,3,9,False
22973,1786247150,581.93,-0.34000000000003183,0.12970050972231112,3,4,False
22976,1786247156,581.67,-0.12999999999999545,0.12532624093408776,3,8,False
22977,1786247158,581.48,-0.18999999999994088,0.1326817411871171,3,2,False
22978,1786247160,581.32,-0.15999999999996817,0.11777568132306147,3,5,False
23022,1786247248,582.43,-0.12999999999999545,0.14462211295498476,3,3,True
23027,1786247258,582.63,-0.10000000000002274,0.13524052647046692,3,3,True
23033,1786247270,582.94,-0.10999999999989996,0.10650508595053229,3,3,True
23034,1786247272,582.83,-0.11000000000001364,0.11532080856847361,3,6,False
23044,1786247292,583.36,-0.12000000000000455,0.1037143513052231,3,3,True
23048,1786247300,583.16,-0.20000000000004547,0.09117138927439722,3,5,False
23049,1786247302,583.05,-0.11000000000001364,0.09204467514324277,3,5,False
23050,1786247304,582.75,-0.2999999999999545,0.1155902725626634,3,8,False
23052,1786247308,582.66,-0.12000000000000455,0.11392492654765624,3,2,False
23074,1786247352,582.52,-0.15999999999996817,0.13998412608417912,3,7,False
23077,1786247358,582.46,-0.14999999999997726,0.12529520696692692,3,4,False
23080,1786247364,582.59,-0.11000000000001364,0.13890044396375348,3,2,False
23084,1786247372,582.54,-0.2900000000000773,0.1425794125702993,3,3,True
23098,1786247400,582.68,-0.11000000000001364,0.14017449443066166,3,6,False
23099,1786247402,582.56,-0.12000000000000455,0.13540064007728111,3,8,False
23103,1786247410,582.32,-0.2199999999999136,0.13011106366825223,3,3,True
23104,1786247412,582.13,-0.19000000000005457,0.13011106366825223,3,9,False
23121,1786247446,582.65,-0.15999999999996817,0.11294541454465729,3,4,False
23122,1786247448,582.34,-0.30999999999994543,0.13946325680978383,3,6,False
23137,1786247478,582.26,-0.21000000000003638,0.1423766522682391,3,5,False
23138,1786247480,582.15,-0.11000000000001364,0.14353087163084785,3,6,False
23188,1786247580,584.46,-0.11000000000001364,0.1260555433132485,3,2,False
23190,1786247584,584.3,-0.12000000000000455,0.11851394667108715,3,3,True
23193,1786247590,584.24,-0.16999999999995907,0.11481385901631147,3,9,False
23195,1786247594,584.07,-0.2199999999999136,0.12789318459815602,3,1,False
23200,1786247604,584.05,-0.12999999999999545,0.12376052143819959,3,5,False
23211,1786247626,584.07,-0.17999999999994998,0.08270429251253833,3,1,False
23215,1786247634,584.15,-0.11000000000001364,0.12532624093407252,3,1,False
23217,1786247638,583.91,-0.20000000000004547,0.14049120178067195,3,3,True
23219,1786247642,583.66,-0.17000000000007276,0.1389684216727723,3,3,True
23225,1786247654,583.74,-0.12999999999999545,0.11110055505412617,3,7,False
23246,1786247696,584.33,-0.2099999999999227,0.143077290689722,3,5,False
23250,1786247704,584.2,-0.2199999999999136,0.1197404600699774,3,2,False
23272,1786247748,585.46,-0.12000000000000455,0.13971796989331337,3,1,False
23277,1786247758,585.34,-0.10000000000002274,0.05839520528262061,3,5,False
23281,1786247766,585.54,-0.12000000000000455,0.10936178491593719,3,0,False
23294,1786247792,585.88,-0.11000000000001364,0.112175457803062,3,6,False
23298,1786247800,585.95,-0.10999999999989996,0.1334166406412388,3,2,False
23317,1786247838,585.78,-0.18000000000006366,0.1037089945740355,3,6,False
23318,1786247840,585.66,-0.12000000000000455,0.1037089945740355,3,1,False
23320,1786247844,585.49,-0.22000000000002728,0.10853058964592793,3,8,False
23321,1786247846,585.38,-0.11000000000001364,0.10853058964592793,3,4,False
23327,1786247858,585.31,-0.22000000000002728,0.11963370019449757,3,9,False
23328,1786247860,585.19,-0.11999999999989086,0.11963370019448985,3,0,False
23331,1786247866,585.02,-0.2599999999999909,0.142610580875948,3,7,False
23345,1786247894,585.73,-0.13999999999998636,0.11700427342622646,3,5,False
23391,1786247986,587.34,-0.1999999999999318,0.12660086009888807,3,4,False
23396,1786247996,587.12,-0.2999999999999545,0.12605554331324625,3,6,False
23398,1786248000,587.02,-0.13999999999998636,0.12629770825754133,3,6,False
23429,1786248062,588.56,-0.16000000000008185,0.09777525249266253,3,4,False
23431,1786248066,588.41,-0.12999999999999545,0.09843779761861199,3,4,False
23436,1786248076,588.14,-0.11000000000001364,0.07208020224415752,3,8,False
23439,1786248082,587.97,-0.2999999999999545,0.12386820953467995,3,6,False
23442,1786248088,587.93,-0.10000000000002274,0.13033716959397987,3,2,False
23443,1786248090,587.82,-0.10999999999989996,0.1316729956284432,3,7,False
23444,1786248092,587.67,-0.15000000000009095,0.13273197722391775,3,7,False
23451,1786248106,587.7,-0.15999999999996817,0.09877584050093573,3,5,False
23452,1786248108,587.45,-0.25,0.11933147112140882,3,2,False
23453,1786248110,587.32,-0.12999999999999545,0.12064640713902955,3,1,False
23460,1786248124,587.36,-0.22000000000002728,0.1394433377556942,3,7,False
23462,1786248128,586.96,-0.11000000000001364,0.1430190352521217,3,0,False
23476,1786248156,587.37,-0.10000000000002274,0.1315928062876936,3,0,False
23491,1786248186,587.49,-0.13999999999998636,0.11390054140930536,3,9,False
23510,1786248224,588.56,-0.10000000000002274,0.11805836597962906,3,2,False
23513,1786248230,588.65,-0.18000000000006366,0.14126806669122002,3,7,False
23531,1786248266,589.4,-0.14999999999997726,0.12322066926182428,3,8,False
23534,1786248272,589.61,-0.11000000000001364,0.13140268896283408,3,2,False
23542,1786248288,589.94,-0.11999999999989086,0.107310556589531,3,2,False
23547,1786248298,590.01,-0.10000000000002274,0.11470251377657542,3,9,False
23550,1786248304,590.05,-0.10000000000002274,0.11929887770731107,3,6,False
23563,1786248330,590.35,-0.2999999999999545,0.12968337510171374,3,6,False
23572,1786248348,590.21,-0.2400000000000091,0.1383393572985437,3,1,False
23573,1786248350,590.01,-0.20000000000004547,0.12020353109992016,3,0,False
23574,1786248352,589.9,-0.11000000000001364,0.12130768959780075,3,5,False
23585,1786248374,589.39,-0.20000000000004547,0.14500574701252683,3,4,False
23621,1786248446,590.1,-0.10000000000002274,0.1363655218724755,3,3,True
23639,1786248482,591.05,-0.17000000000007276,0.1031719169369582,3,9,False
23640,1786248484,590.79,-0.2599999999999909,0.12773235907769973,3,5,False
23665,1786248534,591.68,-0.18000000000006366,0.14289078968841268,3,8,False
23670,1786248544,591.79,-0.15000000000009095,0.1260335052454418,3,6,False
23671,1786248546,591.66,-0.12999999999999545,0.12145415230086089,3,2,False
23686,1786248576,591.08,-0.14999999999997726,0.09707385504519771,3,7,False
23706,1786248616,591.47,-0.14999999999997726,0.13259797216479705,3,3,True
23708,1786248620,591.31,-0.12000000000000455,0.11728408057171208,3,6,False
23711,1786248626,591.25,-0.2699999999999818,0.12879354711233887,3,4,False
23712,1786248628,591.14,-0.11000000000001364,0.12903487900563715,3,5,False
23724,1786248652,592.12,-0.13999999999998636,0.13381579378631528,3,0,False
23727,1786248658,592.06,-0.12000000000000455,0.12420413304983119,3,3,True
23731,1786248666,592.25,-0.10000000000002274,0.10877601859887817,3,8,False
23735,1786248674,592.06,-0.12000000000000455,0.10699948078796141,3,8,False
23737,1786248678,591.86,-0.12000000000000455,0.10498677165351379,3,3,True
23747,1786248698,591.84,-0.14999999999997726,0.08283853102404375,3,8,False
23749,1786248702,591.79,-0.19000000000005457,0.11374435272917509,3,0,False
23750,1786248704,591.6,-0.18999999999994088,0.1269470580815271,3,6,False
23753,1786248710,591.33,-0.14999999999997726,0.10211649121359226,3,6,False
23804,1786248812,591.87,-0.15999999999996817,0.121659817158788,3,5,False
23807,1786248818,591.7,-0.17999999999994998,0.12928865207570298,3,6,False
23811,1786248826,591.56,-0.2900000000000773,0.12598500792643666,3,7,False
23818,1786248840,591.29,-0.20000000000004547,0.11728881731296968,3,8,False
23819,1786248842,591.18,-0.11000000000001364,0.11448435118685904,3,5,False
23840,1786248884,592.16,-0.12999999999999545,0.13784451788561655,3,9,False
23866,1786248936,592.49,-0.2400000000000091,0.13217833071691906,3,6,False
23878,1786248960,593.06,-0.17000000000007276,0.13383239933256977,3,8,False
23904,1786249012,593.08,-0.30999999999994543,0.12997863072230056,3,7,False
23905,1786249014,592.97,-0.11000000000001364,0.1297390543445609,3,2,False
23907,1786249018,592.99,-0.12999999999999545,0.1451014970441086,3,4,False
23914,1786249032,592.62,-0.12999999999999545,0.1213076895977987,3,8,False
23915,1786249034,592.38,-0.2400000000000091,0.13510900948658047,3,2,False
23919,1786249042,592.38,-0.12000000000000455,0.13050755618821971,3,9,False
23950,1786249104,592.98,-0.16999999999995907,0.1443183210052512,3,0,False
23957,1786249118,593.36,-0.10000000000002274,0.11855144218626533,3,5,False
23959,1786249122,593.31,-0.14000000000010004,0.13141959941771916,3,8,False
23964,1786249132,593.49,-0.12000000000000455,0.10413666234543839,3,8,False
23966,1786249136,593.32,-0.15999999999996817,0.11587349423690076,3,8,False
23967,1786249138,593.18,-0.14000000000010004,0.11979612310553223,3,1,False
23973,1786249150,593.01,-0.14999999999997726,0.07831560082981234,3,8,False
23974,1786249152,592.88,-0.12999999999999545,0.07922541679705891,3,0,False
23980,1786249164,592.46,-0.18999999999994088,0.059525904725014546,3,2,False
23983,1786249170,592.18,-0.18000000000006366,0.06464432603785551,3,3,True
23998,1786249200,593.2,-0.10999999999989996,0.10553567064159701,3,0,False
24006,1786249216,592.81,-0.13000000000010914,0.13233375314796156,3,9,False
24007,1786249218,592.59,-0.2199999999999136,0.1295119042147636,3,1,False
24008,1786249220,592.41,-0.18000000000006366,0.13362052403896446,3,2,False
24011,1786249226,592.59,-0.12000000000000455,0.13453211099545703,3,1,False
24018,1786249240,592.65,-0.12000000000000455,0.13209424245171672,3,9,False
24019,1786249242,592.49,-0.15999999999996817,0.12587913073880383,3,9,False
24020,1786249244,592.39,-0.10000000000002274,0.1229091805629974,3,5,False
24026,1786249256,592.37,-0.20000000000004547,0.14366627996852172,3,0,False
24036,1786249276,592.1,-0.15999999999996817,0.13800563595577303,3,7,False
24038,1786249280,591.85,-0.22000000000002728,0.14494826663331795,3,3,True
24045,1786249294,591.22,-0.11000000000001364,0.1453119250287369,3,5,False
24054,1786249312,591.39,-0.13999999999998636,0.10956479564370564,3,0,False
24076,1786249356,591.61,-0.10000000000002274,0.1104334892845227,3,3,True
24080,1786249364,592.09,-0.12000000000000455,0.13192590513027533,3,2,False
24088,1786249380,591.7,-0.12000000000000455,0.12980326994682728,3,2,False
24095,1786249394,591.91,-0.14999999999997726,0.1109354166471097,3,3,True
24121,1786249446,592.47,-0.10000000000002274,0.1369346965203434,3,3,True
24130,1786249464,592.89,-0.20000000000004547,0.1291682795598486,3,4,False
24131,1786249466,592.74,-0.14999999999997726,0.1356506952105896,3,3,True
24146,1786249496,592.11,-0.12999999999999545,0.13499382701935686,3,6,False
24150,1786249504,592.13,-0.10000000000002274,0.12844800071970278,3,3,True
24165,1786249534,591.23,-0.18999999999994088,0.14376292212452665,3,5,False
24178,1786249560,591.44,-0.13999999999998636,0.09732534213771794,3,6,False
24181,1786249566,591.27,-0.2699999999999818,0.12624491188866563,3,4,False
24198,1786249600,592.76,-0.16999999999995907,0.13250157231772836,3,6,False
24208,1786249620,593.6,-0.12999999999999545,0.13712929827154718,3,2,False
24247,1786249698,593.02,-0.11000000000001364,0.14112248423111587,3,1,False
24253,1786249710,593.08,-0.15999999999996817,0.11276819882693749,3,7,False
24254,1786249712,592.97,-0.11000000000001364,0.11654279137821963,3,4,False
24258,1786249720,592.99,-0.15999999999996817,0.0881665091365785,3,7,False
24259,1786249722,592.87,-0.12000000000000455,0.09240610850417871,3,9,False
24268,1786249740,592.9,-0.3000000000000682,0.1403527302509563,3,8,False
24271,1786249746,592.87,-0.10000000000002274,0.13952697867361277,3,4,False
24290,1786249784,593.65,-0.11000000000001364,0.08694826047713203,3,7,False
24292,1786249788,593.49,-0.17999999999994998,0.10405126941399756,3,7,False
24295,1786249794,593.29,-0.16000000000008185,0.11308305698811912,3,3,True
24297,1786249798,593.18,-0.25,0.1312715590759154,3,7,False
24307,1786249818,593.27,-0.22000000000002728,0.1407480017620198,3,9,False
24308,1786249820,593.09,-0.17999999999994998,0.11203174153384303,3,3,True
24319,1786249842,594.0,-0.11000000000001364,0.09369572502997577,3,4,False
24325,1786249854,594.32,-0.13999999999998636,0.12401164819842397,3,1,False
24327,1786249858,594.11,-0.1999999999999318,0.13999999999998863,3,6,False
24330,1786249864,593.95,-0.15999999999996817,0.13444949485462482,3,4,False
24331,1786249866,593.84,-0.11000000000001364,0.12094075684675462,3,0,False
24335,1786249874,593.73,-0.22000000000002728,0.106296231771816,3,1,False
24340,1786249884,593.77,-0.20000000000004547,0.13497324837825084,3,7,False
24366,1786249936,594.13,-0.12000000000000455,0.10115444736750455,3,4,False
24393,1786249990,595.5,-0.12000000000000455,0.11824644697502304,3,5,False
24399,1786250002,595.83,-0.12999999999999545,0.12703455347965775,3,2,False
24413,1786250030,597.09,-0.12999999999999545,0.10507140429249992,3,7,False
24422,1786250048,596.76,-0.11000000000001364,0.07574812062208748,3,2,False
24424,1786250052,596.54,-0.18000000000006366,0.08260347046786636,3,8,False
24425,1786250054,596.38,-0.15999999999996817,0.058651513194473315,3,5,False
24428,1786250060,596.2,-0.17999999999994998,0.08299933065326796,3,4,False
24430,1786250064,596.0,-0.13999999999998636,0.07676804890926014,3,8,False
24431,1786250066,595.88,-0.12000000000000455,0.07709301740971503,3,1,False
24433,1786250070,595.78,-0.12999999999999545,0.08643558937793583,3,6,False
24434,1786250072,595.56,-0.22000000000002728,0.09162726425881716,3,6,False
24452,1786250108,595.39,-0.2300000000000182,0.13896842167279586,3,8,False
24453,1786250110,595.18,-0.21000000000003638,0.11673331429661116,3,3,True
24463,1786250130,595.92,-0.11000000000001364,0.11899579824512897,3,5,False
24465,1786250134,595.72,-0.12999999999999545,0.13641847382225913,3,9,False
24471,1786250146,596.08,-0.12999999999999545,0.1283225103661157,3,4,False
24473,1786250150,595.91,-0.12999999999999545,0.12296792716439325,3,7,False
24474,1786250152,595.77,-0.13999999999998636,0.1291682795598105,3,4,False
24484,1786250172,596.08,-0.18999999999994088,0.10979273402388703,3,8,False
24500,1786250204,596.28,-0.14999999999997726,0.12766710182694155,3,0,False
24501,1786250206,596.1,-0.17999999999994998,0.12936168074219517,3,2,False
24508,1786250220,595.88,-0.21000000000003638,0.13108521401491785,3,7,False
24514,1786250232,596.09,-0.14999999999997726,0.13292019326566093,3,0,False
24515,1786250234,595.9,-0.19000000000005457,0.14134276698077547,3,0,False
24526,1786250256,595.98,-0.17999999999994998,0.13660974424329528,3,2,False
24529,1786250262,595.85,-0.1999999999999318,0.1418919776919254,3,0,False
24530,1786250264,595.7,-0.14999999999997726,0.13420134127493336,3,7,False
24532,1786250268,595.57,-0.1999999999999318,0.14145670715801295,3,1,False
24534,1786250272,595.35,-0.15999999999996817,0.10934146311233299,3,1,False
24555,1786250314,596.27,-0.15999999999996817,0.1335165407980099,3,8,False
24560,1786250324,596.38,-0.13999999999998636,0.11813833698959281,3,5,False
24564,1786250332,596.59,-0.10000000000002274,0.12851286144023547,3,8,False
24569,1786250342,596.77,-0.11000000000001364,0.12518874638810046,3,3,True
24572,1786250348,596.98,-0.11000000000001364,0.13532265967762333,3,3,True
24583,1786250370,596.3,-0.12000000000000455,0.1286727114296723,3,7,False
24597,1786250398,596.03,-0.21000000000003638,0.09180292902615189,3,0,False
24619,1786250442,595.13,-0.10000000000002274,0.12359881337076328,3,6,False
24622,1786250448,595.11,-0.11000000000001364,0.08124722217471936,3,1,False
24623,1786250450,594.91,-0.20000000000004547,0.0923098646467985,3,3,True
24624,1786250452,594.73,-0.17999999999994998,0.09129317852087829,3,1,False
24632,1786250468,594.9,-0.12000000000000455,0.1420054772026526,3,1,False
24646,1786250496,594.34,-0.10000000000002274,0.1437938338965386,3,5,False
24649,1786250502,594.46,-0.14999999999997726,0.12440525176481518,3,8,False
24650,1786250504,594.18,-0.2800000000000864,0.143453438051843,3,7,False
24682,1786250568,595.38,-0.12000000000000455,0.13040109065665714,3,8,False
24685,1786250574,594.96,-0.13999999999998636,0.11276327219248178,3,2,False
24697,1786250598,595.43,-0.12000000000000455,0.13320410404086516,3,2,False
24701,1786250606,595.41,-0.18000000000006366,0.12055427546685167,3,3,True
24702,1786250608,595.23,-0.17999999999994998,0.13395272798018867,3,8,False
24704,1786250612,594.99,-0.18999999999994088,0.1291381688993101,3,5,False
24705,1786250614,594.75,-0.2400000000000091,0.13864422895389863,3,9,False
24713,1786250630,594.87,-0.17999999999994998,0.12395787815041028,3,6,False
24714,1786250632,594.76,-0.11000000000001364,0.11479934184866934,3,5,False
24715,1786250634,594.45,-0.30999999999994543,0.13055437351708812,3,6,False
24726,1786250656,594.39,-0.20000000000004547,0.08083591061182595,3,7,False
24729,1786250662,594.35,-0.11000000000001364,0.08664102184686248,3,3,True
24732,1786250668,594.32,-0.16999999999995907,0.10750193796702842,3,9,False
24738,1786250680,594.48,-0.14999999999997726,0.11612254063893994,3,0,False
24739,1786250682,594.3,-0.18000000000006366,0.12536613046060974,3,8,False
24752,1786250708,595.2,-0.17999999999994998,0.13318324886325927,3,9,False
24765,1786250734,594.49,-0.2400000000000091,0.1019204482809002,3,9,False
24768,1786250740,594.49,-0.13999999999998636,0.13474667590211825,3,5,False
24778,1786250760,594.63,-0.11000000000001364,0.1400158721161233,3,5,False
24781,1786250766,594.91,-0.13999999999998636,0.13258121200899325,3,5,False
24794,1786250792,594.45,-0.15999999999996817,0.13695498043758408,3,9,False
24797,1786250798,594.16,-0.14999999999997726,0.09383200117466943,3,3,True
24798,1786250800,593.93,-0.2300000000000182,0.06579429222120546,3,7,False
24799,1786250802,593.67,-0.2599999999999909,0.08069834088890594,3,5,False
24816,1786250836,594.68,-0.15000000000009095,0.10891382934333733,3,8,False
24823,1786250850,594.78,-0.18000000000006366,0.1245257670792482,3,7,False
24824,1786250852,594.67,-0.11000000000001364,0.12970050972232286,3,8,False
24826,1786250856,594.57,-0.10999999999989996,0.11268934682963107,3,2,False
24840,1786250884,594.31,-0.2800000000000864,0.12851718432440515,3,6,False
24862,1786250928,593.72,-0.30999999999994543,0.12875903420298362,3,0,False
24868,1786250940,593.76,-0.12000000000000455,0.13674388062682866,3,7,False
24874,1786250952,593.89,-0.10000000000002274,0.0934523051258501,3,5,False
24881,1786250966,594.03,-0.2400000000000091,0.1328992935354505,3,5,False
24908,1786251020,594.43,-0.12999999999999545,0.08854377448471254,3,3,True
24911,1786251026,594.21,-0.1999999999999318,0.09924156835158361,3,6,False
24918,1786251040,594.53,-0.14999999999997726,0.13157169570658234,3,7,False
24946,1786251096,595.48,-0.10000000000002274,0.1290520997289407,3,1,False
24950,1786251104,595.51,-0.11000000000001364,0.14329844536646802,3,5,False
24955,1786251114,595.49,-0.16999999999995907,0.11589746426140095,3,1,False
24975,1786251154,596.82,-0.13999999999998636,0.10972693379474695,3,0,False
24976,1786251156,596.6,-0.22000000000002728,0.1297690255800611,3,3,True
24987,1786251178,597.04,-0.18000000000006366,0.11560949595756971,3,7,False
24989,1786251182,596.83,-0.13999999999998636,0.10469001862644121,3,5,False
24996,1786251196,596.83,-0.12000000000000455,0.10743990568373683,3,6,False
24997,1786251198,596.66,-0.17000000000007276,0.10601886624557467,3,4,False
25003,1786251210,596.89,-0.12000000000000455,0.14195460933381035,3,4,False
25010,1786251224,596.41,-0.12999999999999545,0.11244751862293123,3,3,True
25012,1786251228,596.31,-0.12000000000000455,0.08192137151633601,3,2,False
25013,1786251230,596.12,-0.18999999999994088,0.08932462644138925,3,5,False
25015,1786251234,595.77,-0.37999999999999545,0.12795832654944325,3,7,False
25032,1786251268,595.18,-0.12999999999999545,0.12623170934613576,3,9,False
25050,1786251304,595.87,-0.2300000000000182,0.13784451788557675,3,3,True
25051,1786251306,595.73,-0.13999999999998636,0.14307729068970385,3,3,True
25065,1786251334,595.43,-0.22000000000002728,0.14164117417695607,3,5,False
25066,1786251336,595.25,-0.17999999999994998,0.14263005760825734,3,0,False
25068,1786251340,595.22,-0.17999999999994998,0.1289487408925712,3,2,False
25069,1786251342,595.12,-0.10000000000002274,0.12832683966255629,3,9,False
25086,1786251376,596.27,-0.11000000000001364,0.10564090116995829,3,6,False
25087,1786251378,596.16,-0.11000000000001364,0.12036980056845721,3,1,False
25101,1786251406,597.35,-0.14999999999997726,0.14033293744994516,3,9,False
25117,1786251438,598.16,-0.20000000000004547,0.1304862700312643,3,3,True
25119,1786251442,598.12,-0.11000000000001364,0.11682845924215074,3,3,True
25125,1786251454,597.81,-0.12000000000000455,0.1266842093115612,3,7,False
25126,1786251456,597.67,-0.13999999999998636,0.12879354711236068,3,6,False
25128,1786251460,597.69,-0.16999999999995907,0.14446837408622146,3,8,False
25141,1786251486,598.59,-0.11000000000001364,0.11823235127870703,3,3,True
25144,1786251492,598.77,-0.13999999999998636,0.1282402259650053,3,3,True
25150,1786251504,598.35,-0.10000000000002274,0.13632070031119256,3,9,False
25157,1786251518,598.29,-0.12999999999999545,0.09912954487270308,3,0,False
25177,1786251558,598.67,-0.22000000000002728,0.12771931029497946,3,4,False
25193,1786251590,598.44,-0.12999999999999545,0.12077987323132583,3,4,False
25194,1786251592,598.34,-0.10000000000002274,0.1210876633774899,3,2,False
25201,1786251606,598.71,-0.13999999999998636,0.11942454614619788,3,6,False
25202,1786251608,598.56,-0.15000000000009095,0.13016655996583398,3,0,False
25205,1786251614,598.47,-0.13999999999998636,0.1309155792443919,3,2,False
25206,1786251616,598.22,-0.25,0.13169408997118215,3,6,False
25211,1786251626,598.32,-0.10999999999989996,0.1318627232305534,3,5,False
25215,1786251634,598.19,-0.2399999999998954,0.13725887949415444,3,4,False
25231,1786251666,598.66,-0.16000000000008185,0.11635195648455986,3,0,False
25233,1786251670,598.56,-0.14000000000010004,0.1094481104857272,3,7,False
25236,1786251676,598.61,-0.21000000000003638,0.12184233892849733,3,0,False
25237,1786251678,598.5,-0.11000000000001364,0.12454807193302479,3,3,True
25238,1786251680,598.33,-0.16999999999995907,0.13163923764934204,3,3,True
25239,1786251682,598.13,-0.20000000000004547,0.13727506854653324,3,1,False
25244,1786251692,598.06,-0.11000000000001364,0.11901913945058454,3,1,False
25245,1786251694,597.91,-0.14999999999997726,0.11308305698811533,3,8,False
25270,1786251744,598.01,-0.12000000000000455,0.09829660330968369,3,5,False
25304,1786251812,597.79,-0.20000000000004547,0.1411224842310939,3,4,False
25306,1786251816,597.63,-0.11000000000001364,0.12191071414042136,3,4,False
25313,1786251830,597.4,-0.19000000000005457,0.09503800409427719,3,2,False
25315,1786251834,597.16,-0.2599999999999909,0.10952422360169894,3,4,False
25316,1786251836,597.04,-0.12000000000000455,0.11009591777677499,3,3,True
25317,1786251838,596.83,-0.2099999999999227,0.11994906326343059,3,0,False
25319,1786251842,596.65,-0.14999999999997726,0.12077987323131828,3,2,False
25325,1786251854,596.36,-0.25,0.14529663145133584,3,0,False
25327,1786251858,596.18,-0.12000000000000455,0.1379412113103776,3,7,False
25328,1786251860,595.97,-0.2099999999999227,0.14445683707520643,3,0,False
25332,1786251868,595.63,-0.16999999999995907,0.09620002309999096,3,3,True
25333,1786251870,595.43,-0.20000000000004547,0.08273115763991759,3,6,False
25336,1786251876,595.62,-0.10000000000002274,0.1330663994653291,3,6,False
25349,1786251902,595.98,-0.1999999999999318,0.11110055505411075,3,9,False
25382,1786251968,597.32,-0.18999999999994088,0.12536613046057915,3,1,False
25393,1786251990,597.51,-0.19000000000005457,0.11274356350190623,3,7,False
25398,1786252000,597.34,-0.15999999999996817,0.13326664999164278,3,0,False
25400,1786252004,597.16,-0.13999999999998636,0.11852800887927904,3,7,False
25405,1786252014,596.72,-0.2400000000000091,0.11272385136545969,3,1,False
25428,1786252060,597.25,-0.21000000000003638,0.13059266612041934,3,6,False
25438,1786252080,597.4,-0.12999999999999545,0.0872098363463313,3,2,False
25442,1786252088,597.41,-0.2699999999999818,0.13519122259475236,3,4,False
25444,1786252092,597.43,-0.11000000000001364,0.13727911551126157,3,7,False
25450,1786252104,597.45,-0.17999999999994998,0.14277021164561152,3,9,False
25456,1786252116,597.6,-0.12999999999999545,0.10629623177182017,3,6,False
25460,1786252124,597.58,-0.11000000000001364,0.10089047967419376,3,7,False
25466,1786252136,597.74,-0.14999999999997726,0.10627009613870107,3,9,False
25467,1786252138,597.59,-0.14999999999997726,0.11643309953214401,3,5,False
25493,1786252190,598.2,-0.14999999999997726,0.12041133206175089,3,2,False
25506,1786252216,597.87,-0.21000000000003638,0.14063743772157156,3,7,False
25510,1786252224,597.63,-0.2400000000000091,0.14422590305182054,3,5,False
25513,1786252230,597.1,-0.4199999999999591,0.14382087624695875,3,1,False
25520,1786252244,596.96,-0.12999999999999545,0.14522396496446335,3,7,False
25564,1786252332,597.94,-0.13999999999998636,0.12629770825752246,3,0,False
25573,1786252350,598.46,-0.14999999999997726,0.131723616375761,3,5,False
25577,1786252358,598.43,-0.14000000000010004,0.1176671388092389,3,5,False
25578,1786252360,598.25,-0.17999999999994998,0.11749231653364263,3,1,False
25584,1786252372,598.78,-0.14999999999997726,0.14461058820923114,3,9,False
25597,1786252398,599.36,-0.15999999999996817,0.12465507967543561,3,9,False
25600,1786252404,599.36,-0.12999999999999545,0.1020021786259797,3,2,False
25604,1786252412,599.35,-0.16999999999995907,0.12518430856586524,3,5,False
25605,1786252414,599.25,-0.10000000000002274,0.11751595636338093,3,3,True
25631,1786252466,600.4,-0.19000000000005457,0.14261058087598089,3,1,False
25644,1786252492,600.18,-0.14000000000010004,0.13499382701937065,3,5,False
25646,1786252496,599.96,-0.18999999999994088,0.14126806669119557,3,1,False
25648,1786252500,599.77,-0.13999999999998636,0.1008629433108812,3,5,False
25651,1786252506,599.58,-0.11000000000001364,0.09114091653406385,3,4,False
25652,1786252508,599.34,-0.2400000000000091,0.0971596624119362,3,2,False
25657,1786252518,599.22,-0.25,0.1285344744071169,3,4,False
25680,1786252564,598.92,-0.13999999999998636,0.08608135686665914,3,3,True
25701,1786252606,599.83,-0.2099999999999227,0.10049322807477444,3,1,False
25710,1786252624,599.77,-0.19000000000005457,0.10285372569279744,3,1,False
25711,1786252626,599.61,-0.15999999999996817,0.09378462323621135,3,3,True
25716,1786252636,599.6,-0.12999999999999545,0.11153474794880527,3,2,False
25729,1786252662,598.33,-0.12999999999999545,0.12518874638808594,3,6,False
25753,1786252710,598.31,-0.13000000000010914,0.10519822558709095,3,0,False
25754,1786252712,598.2,-0.10999999999989996,0.1142171421265584,3,0,False
25755,1786252714,598.0,-0.20000000000004547,0.13278637815012406,3,7,False
25767,1786252738,599.01,-0.18000000000006366,0.12004165943542024,3,1,False
25768,1786252740,598.91,-0.10000000000002274,0.13142382669147987,3,9,False
25786,1786252776,599.21,-0.13999999999998636,0.130728726758895,3,8,False
25787,1786252778,599.08,-0.12999999999999545,0.1280147560938983,3,7,False
25788,1786252780,598.97,-0.11000000000001364,0.1312715590759273,3,5,False
25789,1786252782,598.85,-0.12000000000000455,0.13451559182654754,3,4,False
25792,1786252788,598.82,-0.14999999999997726,0.11825114516711412,3,3,True
25826,1786252856,598.02,-0.17000000000007276,0.13834337312966585,3,6,False
25827,1786252858,597.86,-0.15999999999996817,0.1366626015655718,3,3,True
25844,1786252892,598.08,-0.12000000000000455,0.0748405712906545,3,5,False
25845,1786252894,597.95,-0.12999999999999545,0.07989576542804487,3,5,False
25846,1786252896,597.65,-0.3000000000000682,0.11652372195301106,3,4,False
25851,1786252906,597.05,-0.11000000000001364,0.13723054405717214,3,7,False
25868,1786252940,596.88,-0.13999999999998636,0.14261447643519606,3,0,False
25896,1786252996,597.32,-0.14999999999997726,0.1373559851869055,3,6,False
25903,1786253010,597.37,-0.17999999999994998,0.13377011790545607,3,2,False
25959,1786253122,597.79,-0.16000000000008185,0.11005554153344581,3,9,False
25961,1786253126,597.75,-0.13999999999998636,0.09068259663979246,3,2,False
25964,1786253132,597.77,-0.11000000000001364,0.10405126941400618,3,7,False
25965,1786253134,597.67,-0.10000000000002274,0.10591401124392072,3,4,False
25966,1786253136,597.44,-0.2299999999999045,0.12083505745894552,3,2,False
25979,1786253162,597.62,-0.21000000000003638,0.09510812560215731,3,8,False
25980,1786253164,597.48,-0.13999999999998636,0.09926955446885188,3,7,False
25981,1786253166,597.37,-0.11000000000001364,0.09908470001860965,3,9,False
25984,1786253172,597.25,-0.11000000000001364,0.1017677093515729,3,7,False
25991,1786253186,597.31,-0.2800000000000864,0.14009520572338657,3,8,False
26006,1786253216,597.96,-0.14999999999997726,0.14049120178068894,3,3,True
26008,1786253220,598.0,-0.12999999999999545,0.13226236552145582,3,3,True
26021,1786253246,597.68,-0.20000000000004547,0.137198153534719,3,4,False
26034,1786253272,596.71,-0.2799999999999727,0.1338988009240284,3,6,False
26097,1786253398,597.4,-0.17000000000007276,0.12449453357029425,3,2,False
26098,1786253400,597.22,-0.17999999999994998,0.1337493509849032,3,2,False
26118,1786253440,596.94,-0.14999999999997726,0.13192590513026722,3,6,False
26135,1786253474,595.99,-0.13999999999998636,0.1279279311001158,3,3,True
26136,1786253476,595.73,-0.2599999999999909,0.13906033862240538,3,9,False
26140,1786253484,595.76,-0.10000000000002274,0.12877629181386527,3,2,False
26147,1786253498,595.66,-0.12000000000000455,0.09741663102366319,3,7,False
26148,1786253500,595.37,-0.2899999999999636,0.13108097582113526,3,6,False
26161,1786253526,594.71,-0.13999999999998636,0.09392668535738993,3,0,False
26163,1786253530,594.53,-0.17000000000007276,0.09468661761600289,3,6,False
26166,1786253536,594.45,-0.10999999999989996,0.09386160024204797,3,9,False
26168,1786253540,594.37,-0.22000000000002728,0.12472636716695006,3,1,False
26174,1786253552,594.33,-0.11000000000001364,0.12454807193296949,3,1,False
26175,1786253554,594.21,-0.12000000000000455,0.12176936305072207,3,4,False
26177,1786253558,594.01,-0.12999999999999545,0.10654159333853701,3,8,False
26178,1786253560,593.88,-0.12999999999999545,0.09445163371330932,3,1,False
26180,1786253564,593.79,-0.12000000000000455,0.09967168326283425,3,0,False
26181,1786253566,593.5,-0.2899999999999636,0.12479316220584163,3,3,True
26198,1786253600,594.09,-0.14999999999997726,0.1152581643288032,3,2,False
26201,1786253606,594.07,-0.16999999999995907,0.1076207332358366,3,3,True
26215,1786253634,593.84,-0.2099999999999227,0.13888844444370915,3,0,False
26217,1786253638,593.69,-0.10999999999989996,0.1169045194449738,3,5,False
26219,1786253642,593.67,-0.18000000000006366,0.1328491207681911,3,9,False
26239,1786253682,593.61,-0.16999999999995907,0.11136027618098726,3,0,False
26240,1786253684,593.3,-0.3100000000000591,0.1318627232305489,3,7,False
26242,1786253688,593.17,-0.10000000000002274,0.12587471725666127,3,4,False
26245,1786253694,593.23,-0.13999999999998636,0.1332541431501021,3,8,False
26252,1786253708,593.73,-0.12000000000000455,0.13150411907364573,3,3,True
26305,1786253814,594.26,-0.11000000000001364,0.11489125293074699,3,2,False
26309,1786253822,594.43,-0.12000000000000455,0.10692157042533589,3,8,False
26310,1786253824,594.28,-0.14999999999997726,0.11756794725697231,3,8,False
26331,1786253866,594.57,-0.12999999999999545,0.13125462954799338,3,2,False
26332,1786253868,594.42,-0.15000000000009095,0.13259797216484592,3,0,False
26390,1786253984,594.33,-0.16999999999995907,0.12815355372883655,3,3,True
26391,1786253986,594.23,-0.10000000000002274,0.1315716957065903,3,0,False
26400,1786254004,594.33,-0.2299999999999045,0.11690451944499833,3,2,False
26401,1786254006,594.12,-0.21000000000003638,0.13160969231447814,3,3,True
26411,1786254026,594.48,-0.10000000000002274,0.08044321668801191,3,7,False
26418,1786254040,594.6,-0.10000000000002274,0.11491059326471022,3,9,False
26419,1786254042,594.39,-0.21000000000003638,0.13540474306482098,3,4,False
26432,1786254068,593.72,-0.12999999999999545,0.12398924684554417,3,8,False
26443,1786254090,593.59,-0.12999999999999545,0.08974655672749574,3,1,False
26447,1786254098,593.56,-0.21000000000003638,0.1304010906566447,3,4,False
26449,1786254102,593.34,-0.1999999999999318,0.117964213029014,3,7,False
26454,1786254112,593.32,-0.13999999999998636,0.1419272113913812,3,6,False
26459,1786254122,593.66,-0.14999999999997726,0.14242346872776895,3,1,False
26468,1786254140,592.68,-0.22000000000002728,0.1414252845537431,3,9,False
26484,1786254172,594.13,-0.11000000000001364,0.11520513105856686,3,6,False
26486,1786254176,594.25,-0.11000000000001364,0.12773235907770253,3,1,False
26491,1786254186,594.15,-0.17000000000007276,0.12266032592309421,3,5,False
26495,1786254194,594.04,-0.13999999999998636,0.08740709353366927,3,9,False
26502,1786254208,594.19,-0.11999999999989086,0.09570788891204897,3,6,False
26506,1786254216,594.29,-0.18000000000006366,0.11095544651394816,3,4,False
26507,1786254218,594.14,-0.14999999999997726,0.11110055505410897,3,1,False
26527,1786254258,594.19,-0.12999999999999545,0.14000396819773597,3,1,False
26530,1786254264,594.16,-0.21000000000003638,0.14158232783633107,3,9,False
26534,1786254272,594.05,-0.12000000000000455,0.10720696494786994,3,3,True
26546,1786254296,594.02,-0.21000000000003638,0.11813833698959911,3,2,False
26547,1786254298,593.92,-0.10000000000002274,0.12114729327008725,3,3,True
26568,1786254340,595.07,-0.12999999999999545,0.14391355429948896,3,3,True
26579,1786254362,595.27,-0.21000000000003638,0.12903057346571148,3,4,False
26602,1786254408,595.63,-0.19000000000005457,0.1176435293588198,3,7,False
26604,1786254412,595.52,-0.25,0.14470276047432035,3,7,False
26613,1786254430,595.67,-0.20000000000004547,0.12927146286444668,3,9,False
26614,1786254432,595.39,-0.2799999999999727,0.13565069521057527,3,5,False
26616,1786254436,595.15,-0.20000000000004547,0.11890705987826426,3,8,False
26628,1786254460,595.06,-0.11000000000001364,0.13097921802923973,3,4,False
26630,1786254464,595.0,-0.13999999999998636,0.1404318735583455,3,2,False
26642,1786254488,595.01,-0.18000000000006366,0.13135617398679264,3,1,False
26647,1786254498,594.87,-0.21000000000003638,0.11682845924215955,3,0,False
26653,1786254510,595.31,-0.10000000000002274,0.14031710119902238,3,7,False
26655,1786254514,595.23,-0.13999999999998636,0.1434495652756901,3,1,False
26674,1786254552,594.98,-0.17999999999994998,0.14175487449975896,3,2,False
26699,1786254602,596.52,-0.22000000000002728,0.13825901618178585,3,9,False
26700,1786254604,596.39,-0.12999999999999545,0.1402220461347698,3,7,False
26710,1786254624,596.93,-0.14000000000010004,0.11654279137820156,3,0,False
26747,1786254698,598.12,-0.20000000000004547,0.13334999895845642,3,8,False
26748,1786254700,597.98,-0.13999999999998636,0.10881176406988034,3,9,False
26750,1786254704,597.97,-0.12000000000000455,0.09393259994984321,3,5,False
26753,1786254710,597.95,-0.2199999999999136,0.12626691305853302,3,2,False
26787,1786254778,599.74,-0.11000000000001364,0.11117553687750038,3,0,False
26792,1786254788,599.77,-0.12999999999999545,0.08011103405759469,3,5,False
26796,1786254796,599.91,-0.12999999999999545,0.11187294380480305,3,6,False
26797,1786254798,599.76,-0.14999999999997726,0.11707547423206356,3,4,False
26799,1786254802,599.62,-0.22000000000002728,0.13721434975168287,3,3,True
26801,1786254806,599.41,-0.12000000000000455,0.1305075561882236,3,1,False
26806,1786254816,599.54,-0.11000000000001364,0.1138273546502323,3,5,False
26811,1786254826,599.57,-0.15999999999996817,0.09191783770786414,3,5,False
26814,1786254832,599.51,-0.18000000000006366,0.1060398248039191,3,6,False
26829,1786254862,599.9,-0.21000000000003638,0.13705230145217223,3,0,False
26832,1786254868,599.68,-0.12999999999999545,0.11993053545005077,3,1,False
26833,1786254870,599.51,-0.16999999999995907,0.12493998559308879,3,5,False
26866,1786254936,601.63,-0.12000000000000455,0.11659998094149433,3,8,False
26872,1786254948,602.14,-0.11000000000001364,0.13030306553910523,3,8,False
26891,1786254986,602.72,-0.12999999999999545,0.09837004964246504,3,3,True
26913,1786255030,603.55,-0.17000000000007276,0.12708702180441422,3,1,False
26967,1786255138,603.86,-0.13999999999998636,0.13603921003396974,3,6,False
26969,1786255142,603.83,-0.2299999999999045,0.11508451001084435,3,3,True
26970,1786255144,603.63,-0.20000000000004547,0.12843069899536555,3,9,False
26986,1786255176,603.81,-0.10000000000002274,0.0948917511928644,3,5,False
26988,1786255180,603.51,-0.2400000000000091,0.11843892002961351,3,3,True
26993,1786255190,603.44,-0.12999999999999545,0.11642832797715971,3,4,False
26994,1786255192,603.34,-0.10000000000002274,0.11711343029540758,3,5,False
26998,1786255200,603.29,-0.17000000000007276,0.12007405122581907,3,2,False
27015,1786255234,603.3,-0.18000000000006366,0.12556096350201532,3,0,False
27018,1786255240,603.07,-0.13999999999998636,0.1168332144554818,3,6,False
27037,1786255278,603.24,-0.12999999999999545,0.10627009613871358,3,7,False
27039,1786255282,603.17,-0.10000000000002274,0.09191783770786795,3,3,True
27040,1786255284,602.93,-0.2400000000000091,0.11631375193368486,3,3,True
27056,1786255316,603.27,-0.14999999999997726,0.13469719125998655,3,9,False
27059,1786255322,603.3,-0.11000000000001364,0.12677626837155465,3,0,False
27062,1786255328,603.28,-0.19000000000005457,0.13914021704739832,3,0,False
27063,1786255330,603.1,-0.17999999999994998,0.13299958228839717,3,4,False
27088,1786255380,603.26,-0.14999999999997726,0.13609228894800296,3,9,False
27100,1786255404,602.84,-0.16999999999995907,0.12979042936806584,3,5,False
27101,1786255406,602.65,-0.19000000000005457,0.12038826077872004,3,6,False
27104,1786255412,602.32,-0.25,0.10322036836033364,3,2,False
27159,1786255522,602.57,-0.2199999999999136,0.11999999999998279,3,5,False
27160,1786255524,602.45,-0.12000000000000455,0.12410121317339236,3,6,False
27171,1786255546,603.19,-0.2199999999999136,0.12472636716690637,3,9,False
27176,1786255556,603.09,-0.12000000000000455,0.1420524159910167,3,6,False
27184,1786255572,603.51,-0.18000000000006366,0.11510864433222748,3,8,False
27185,1786255574,603.38,-0.12999999999999545,0.12338287293355231,3,6,False
27186,1786255576,603.26,-0.12000000000000455,0.12338287293355231,3,2,False
27187,1786255578,603.12,-0.13999999999998636,0.1309961831505187,3,7,False
27252,1786255708,605.05,-0.12999999999999545,0.1410476672775932,3,7,False
27260,1786255724,604.95,-0.13999999999998636,0.1407480017619916,3,3,True
27261,1786255726,604.83,-0.12000000000000455,0.14315880847659565,3,1,False
27267,1786255738,604.01,-0.15999999999996817,0.1288452991424841,3,4,False
27268,1786255740,603.74,-0.2699999999999818,0.13550317749453858,3,3,True
27269,1786255742,603.63,-0.11000000000001364,0.12755826555388824,3,8,False
27274,1786255752,603.78,-0.10000000000002274,0.1289961239727765,3,0,False
27283,1786255770,604.11,-0.1999999999999318,0.12463725143167212,3,6,False
27288,1786255780,604.08,-0.15999999999996817,0.13428411008834534,3,7,False
27297,1786255798,604.18,-0.15000000000009095,0.14057026712644952,3,2,False
27302,1786255808,603.85,-0.2699999999999818,0.13982528780988246,3,5,False
27311,1786255826,603.52,-0.2799999999999727,0.12569805089974997,3,1,False
27312,1786255828,603.41,-0.11000000000001364,0.10437113266287114,3,3,True
27314,1786255832,603.22,-0.2099999999999227,0.10467409740074213,3,9,False
27316,1786255836,603.17,-0.12000000000000455,0.11207140580894193,3,5,False
27322,1786255848,603.33,-0.15999999999996817,0.12389960093199251,3,1,False
27327,1786255858,603.18,-0.25,0.1295333504889274,3,9,False
27341,1786255886,604.09,-0.14999999999997726,0.13293691068407637,3,4,False
27342,1786255888,603.94,-0.14999999999997726,0.14437990010925672,3,6,False
27347,1786255898,604.29,-0.12999999999999545,0.14006347767272093,3,0,False
27352,1786255908,604.25,-0.17999999999994998,0.14114216631152782,3,9,False
27365,1786255934,603.95,-0.2400000000000091,0.13110216541988207,3,0,False
27366,1786255936,603.7,-0.25,0.13245124889307847,3,3,True
27367,1786255938,603.53,-0.17000000000007276,0.13150834363054648,3,7,False
27400,1786256004,602.76,-0.14999999999997726,0.12682446311514653,3,1,False
27404,1786256012,602.63,-0.2999999999999545,0.13207741837436984,3,2,False
27405,1786256014,602.52,-0.11000000000001364,0.12833982667552374,3,7,False
27418,1786256040,602.67,-0.12000000000000455,0.14312387796746245,3,6,False
27474,1786256152,602.11,-0.12000000000000455,0.13029880190459342,3,1,False
27477,1786256158,601.99,-0.25,0.13950706871774746,3,1,False
27501,1786256206,602.58,-0.11000000000001364,0.11053405709452853,3,0,False
27566,1786256336,601.91,-0.11000000000001364,0.14335658726098188,3,9,False
27588,1786256380,602.31,-0.15000000000009095,0.10975224624376735,3,1,False
27589,1786256382,602.11,-0.1999999999999318,0.12327025413922804,3,9,False
27591,1786256386,602.09,-0.1999999999999318,0.13467656729278957,3,6,False
27604,1786256412,601.98,-0.18999999999994088,0.09250225222480718,3,9,False
27607,1786256418,602.05,-0.12999999999999545,0.10447753612882577,3,2,False
27608,1786256420,601.82,-0.2299999999999045,0.12260596324083062,3,6,False
27636,1786256476,602.02,-0.12000000000000455,0.07800284895083101,3,1,False
27643,1786256490,602.46,-0.13999999999998636,0.11974046007003536,3,6,False
27644,1786256492,602.26,-0.20000000000004547,0.1395389232835024,3,0,False
27647,1786256498,601.9,-0.10000000000002274,0.13436682791690344,3,0,False
27670,1786256544,602.84,-0.2599999999999909,0.13549907748763976,3,8,False
27672,1786256548,602.62,-0.15999999999996817,0.1426884718538982,3,1,False
27695,1786256594,601.68,-0.3000000000000682,0.13858010118502948,3,7,False
27729,1786256662,602.77,-0.12999999999999545,0.13612086132875834,3,0,False
27730,1786256664,602.6,-0.16999999999995907,0.13834337312962383,3,7,False
27733,1786256670,602.43,-0.12000000000000455,0.11278790321265322,3,5,False
27803,1786256810,604.51,-0.22000000000002728,0.14205241599106125,3,3,True
27815,1786256834,604.43,-0.19000000000005457,0.09698224350650758,3,3,True
27819,1786256842,604.24,-0.18999999999994088,0.10812030336620879,3,1,False
27830,1786256864,604.85,-0.1999999999999318,0.11964763079790787,3,4,False
27833,1786256870,604.78,-0.16000000000008185,0.1171134302953927,3,8,False
27842,1786256888,605.16,-0.12000000000000455,0.10942272768185804,3,7,False
27844,1786256892,605.12,-0.25,0.14057026712645365,3,1,False
27882,1786256968,604.39,-0.2300000000000182,0.13703608608279094,3,0,False
27886,1786256976,604.39,-0.11000000000001364,0.12703455347967935,3,4,False
27887,1786256978,604.24,-0.14999999999997726,0.1298246680891102,3,7,False
27892,1786256988,604.09,-0.13999999999998636,0.1446835627613991,3,9,False
27894,1786256992,603.96,-0.12999999999999545,0.13222875800838974,3,6,False
27941,1786257086,602.27,-0.13999999999998636,0.13838753958038347,3,0,False
27942,1786257088,602.1,-0.16999999999995907,0.13251834254589198,3,4,False
27952,1786257108,601.91,-0.11000000000001364,0.13924000063839329,3,0,False
27953,1786257110,601.8,-0.11000000000001364,0.10720696494787318,3,4,False
27956,1786257116,601.77,-0.20000000000004547,0.12185601704015415,3,2,False
27957,1786257118,601.62,-0.14999999999997726,0.12901765598380935,3,8,False
27972,1786257148,601.5,-0.10000000000002274,0.12287753614427026,3,0,False
27973,1786257150,601.4,-0.10000000000002274,0.11928024890054682,3,3,True
27974,1786257152,601.23,-0.16999999999995907,0.11583513188052014,3,1,False
27982,1786257168,601.65,-0.11000000000001364,0.1328533025558705,3,5,False
27985,1786257174,601.6,-0.13999999999998636,0.12215200002911998,3,8,False
27986,1786257176,601.48,-0.12000000000000455,0.13209424245171322,3,1,False
27997,1786257198,602.5,-0.10000000000002274,0.13868028779254918,3,6,False
28006,1786257216,602.41,-0.13999999999998636,0.11493476410555838,3,3,True
28014,1786257232,602.24,-0.11000000000001364,0.08553102101318676,3,7,False
28022,1786257248,602.53,-0.12000000000000455,0.1112005195831255,3,1,False
28023,1786257250,602.31,-0.22000000000002728,0.13158858444241803,3,0,False
28024,1786257252,602.1,-0.2099999999999227,0.14377451481786027,3,7,False
28039,1786257282,600.78,-0.13999999999998636,0.1335373439238065,3,9,False
28045,1786257294,600.68,-0.22000000000002728,0.11614645926588063,3,4,False
28076,1786257356,600.46,-0.2099999999999227,0.12668420931151017,3,2,False
28080,1786257364,600.56,-0.20000000000004547,0.13806600675841194,3,4,False
28086,1786257376,600.41,-0.18000000000006366,0.13648361725049168,3,6,False
28087,1786257378,600.26,-0.14999999999997726,0.12988884136488563,3,8,False
28098,1786257400,600.21,-0.2099999999999227,0.09764447984621968,3,9,False
28103,1786257410,600.28,-0.17000000000007276,0.1173977096123275,3,0,False
28104,1786257412,600.1,-0.17999999999994998,0.12985461956441258,3,5,False
28107,1786257418,600.06,-0.12000000000000455,0.13150411907362475,3,8,False
28108,1786257420,599.88,-0.17999999999994998,0.12737084962161277,3,3,True
28113,1786257430,599.52,-0.2899999999999636,0.11529671865810551,3,2,False
28114,1786257432,599.32,-0.1999999999999318,0.1174544829095418,3,9,False
28126,1786257456,598.97,-0.15999999999996817,0.13381579378631855,3,4,False
28127,1786257458,598.84,-0.12999999999999545,0.13341664064124764,3,3,True
28132,1786257468,599.03,-0.13999999999998636,0.12247448713912835,3,9,False
28134,1786257472,598.86,-0.12999999999999545,0.10975224624376383,3,8,False
28136,1786257476,598.58,-0.2999999999999545,0.13403565031569153,3,1,False
28141,1786257486,598.54,-0.12000000000000455,0.11879487456207143,3,5,False
28163,1786257530,599.23,-0.25,0.13990472948878993,3,4,False
28168,1786257540,599.46,-0.13999999999998636,0.13737620689996158,3,1,False
28173,1786257550,599.37,-0.20000000000004547,0.12249263016380998,3,9,False
28205,1786257614,600.6,-0.22000000000002728,0.09585289655392544,3,5,False
28206,1786257616,600.45,-0.14999999999997726,0.10864826019980037,3,2,False
28207,1786257618,600.22,-0.2300000000000182,0.11685223337380068,3,3,True
28213,1786257630,600.37,-0.15999999999996817,0.13538422688367968,3,0,False
28216,1786257636,600.28,-0.11000000000001364,0.12156845351032299,3,5,False
28219,1786257642,600.13,-0.11000000000001364,0.09545214042185003,3,2,False
28224,1786257652,600.34,-0.2199999999999136,0.1419859147943888,3,7,False
28241,1786257686,599.03,-0.14999999999997726,0.14525456581082652,3,3,True
28247,1786257698,599.17,-0.18000000000006366,0.1391282382073128,3,3,True
28256,1786257716,598.75,-0.10000000000002274,0.12489995996797225,3,8,False
28262,1786257728,598.59,-0.13999999999998636,0.07156193898372545,3,0,False
28267,1786257738,598.76,-0.10000000000002274,0.09953223933312591,3,4,False
28271,1786257746,598.67,-0.18000000000006366,0.11862171433221869,3,6,False
28272,1786257748,598.56,-0.11000000000001364,0.1151858401791728,3,7,False
28278,1786257760,598.86,-0.12000000000000455,0.12398924684558742,3,7,False
28280,1786257764,598.57,-0.1999999999999318,0.14069667926271798,3,3,True
28302,1786257808,598.78,-0.12000000000000455,0.13574485871171119,3,2,False
28306,1786257816,598.59,-0.2400000000000091,0.11880890351970276,3,2,False
28326,1786257856,598.62,-0.14999999999997726,0.06896859188547487,3,2,False
28327,1786257858,598.52,-0.10000000000002274,0.06003702561290787,3,3,True
28329,1786257862,598.26,-0.16999999999995907,0.06924994985959437,3,3,True
28332,1786257868,598.35,-0.18999999999994088,0.1352364185006625,3,9,False
28359,1786257922,599.52,-0.17000000000007276,0.1439907404430712,3,9,False
28373,1786257950,599.47,-0.17999999999994998,0.13383655039717915,3,4,False
28398,1786258000,599.83,-0.1999999999999318,0.13644697789901736,3,7,False
28404,1786258012,599.91,-0.12000000000000455,0.1394592732265807,3,0,False
28443,1786258090,599.55,-0.2400000000000091,0.14469892113548524,3,7,False
28481,1786258166,600.43,-0.11000000000001364,0.13963842196503395,3,9,False
28487,1786258178,600.68,-0.10000000000002274,0.12249263016381111,3,7,False
28488,1786258180,600.57,-0.10999999999989996,0.12719189352226215,3,8,False
28505,1786258214,600.61,-0.16999999999995907,0.13830722645218457,3,5,False
28527,1786258258,600.64,-0.14999999999997726,0.10456789394665933,3,8,False
28533,1786258270,600.92,-0.12999999999999545,0.1113353293234375,3,6,False
28537,1786258278,600.79,-0.22000000000002728,0.124208605892593,3,1,False
28555,1786258314,601.35,-0.12999999999999545,0.12425779653607069,3,9,False
28559,1786258322,601.44,-0.11999999999989086,0.12726175998921604,3,6,False
28564,1786258332,601.04,-0.3100000000000591,0.1444683740862036,3,0,False
28568,1786258340,600.8,-0.25,0.12833982667555685,3,1,False
28569,1786258342,600.61,-0.18999999999994088,0.13283657461541204,3,3,True
28573,1786258350,600.27,-0.19000000000005457,0.1275234183286549,3,1,False
28574,1786258352,600.11,-0.15999999999996817,0.10853058964590849,3,8,False
28577,1786258358,600.03,-0.2900000000000773,0.1413270438852335,3,4,False
28579,1786258362,600.0,-0.13999999999998636,0.14129952425809053,3,8,False
28584,1786258372,599.75,-0.12000000000000455,0.141829318392083,3,6,False
28586,1786258376,599.65,-0.11000000000001364,0.12329278612763865,3,1,False
28589,1786258382,599.7,-0.12000000000000455,0.11401754250992471,3,6,False
28597,1786258398,599.76,-0.16999999999995907,0.1368900613225348,3,0,False
28600,1786258404,599.86,-0.15999999999996817,0.13432961119739023,3,8,False
28601,1786258406,599.68,-0.18000000000006366,0.14371654200002126,3,5,False
28614,1786258432,599.45,-0.25,0.14412957133544538,3,6,False
28626,1786258456,599.93,-0.2600000000001046,0.1356302162335646,3,6,False
28629,1786258462,599.87,-0.13999999999998636,0.1407756292040084,3,8,False
28631,1786258466,599.65,-0.12999999999999545,0.14408716497704294,3,7,False
28648,1786258500,599.87,-0.2699999999999818,0.14329844536645772,3,8,False
28678,1786258560,602.09,-0.10000000000002274,0.10379466909882555,3,8,False
28681,1786258566,601.95,-0.17999999999994998,0.12084884957848802,3,5,False
28682,1786258568,601.85,-0.10000000000002274,0.1246149625401722,3,6,False
28684,1786258572,601.92,-0.13999999999998636,0.13920807767111154,3,2,False
28686,1786258576,601.84,-0.17999999999994998,0.1343461532344056,3,6,False
28737,1786258678,602.67,-0.13999999999998636,0.12130768959780433,3,4,False
28763,1786258730,602.81,-0.37000000000000455,0.13441230102437438,3,2,False
28766,1786258736,602.73,-0.14999999999997726,0.141770550146661,3,0,False
28779,1786258762,602.45,-0.2199999999999136,0.1274362585765808,3,8,False
28782,1786258768,602.4,-0.10000000000002274,0.12686388155987757,3,5,False
28785,1786258774,602.18,-0.12000000000000455,0.10181137242741048,3,1,False
28795,1786258794,602.51,-0.21000000000003638,0.1280668228352209,3,4,False
28809,1786258822,602.89,-0.12999999999999545,0.10145606602532314,3,8,False
28810,1786258824,602.78,-0.11000000000001364,0.11249197502242556,3,4,False
28860,1786258924,603.48,-0.21000000000003638,0.10013324456277536,3,8,False
28861,1786258926,603.28,-0.20000000000004547,0.10293471501665073,3,2,False
28865,1786258934,603.13,-0.22000000000002728,0.1196104789166615,3,5,False
28881,1786258966,603.11,-0.2999999999999545,0.12571572870746411,3,2,False
28896,1786258996,603.35,-0.2099999999999227,0.14112248423106888,3,6,False
28923,1786259050,603.78,-0.32000000000005,0.10708771067577638,3,5,False
28930,1786259064,603.82,-0.12999999999999545,0.12473972903612299,3,3,True
28942,1786259088,604.12,-0.11000000000001364,0.09129317852086409,3,1,False
28946,1786259096,604.24,-0.12999999999999545,0.11116054455906238,3,3,True
28949,1786259102,604.12,-0.13999999999998636,0.10174041041350274,3,6,False
28950,1786259104,603.86,-0.2599999999999909,0.12668859459318588,3,4,False
28953,1786259110,603.91,-0.12999999999999545,0.12622730819173314,3,8,False
28973,1786259150,604.35,-0.11000000000001364,0.12320263344951277,3,4,False
28976,1786259156,604.42,-0.15000000000009095,0.1300470000508751,3,7,False
28977,1786259158,604.27,-0.14999999999997726,0.1408111422359321,3,1,False
28979,1786259162,604.3,-0.11000000000001364,0.12392201849015023,3,7,False
28981,1786259166,604.16,-0.11000000000001364,0.11516172203568627,3,0,False
28982,1786259168,604.0,-0.15999999999996817,0.12075687236022553,3,5,False
28985,1786259174,603.83,-0.15999999999996817,0.10013324456276097,3,4,False
28989,1786259182,603.87,-0.13999999999998636,0.10285372569277566,3,1,False
28991,1786259186,603.81,-0.10000000000002274,0.10543560435954207,3,3,True
28992,1786259188,603.63,-0.17999999999994998,0.10822302075906362,3,3,True
28998,1786259200,603.82,-0.12000000000000455,0.11049886877248413,3,7,False
29003,1786259210,604.19,-0.15999999999996817,0.1211243621700843,3,0,False
29006,1786259216,604.25,-0.10000000000002274,0.1302134998974947,3,0,False
29011,1786259226,603.89,-0.12999999999999545,0.12165981715878639,3,7,False
29015,1786259234,603.86,-0.15999999999996817,0.10969148655307114,3,0,False
29018,1786259240,603.57,-0.12999999999999545,0.10492854711660098,3,8,False
29027,1786259258,604.06,-0.10000000000002274,0.0964019363567604,3,5,False
29031,1786259266,604.21,-0.11000000000001364,0.11296508801886791,3,0,False
29064,1786259332,604.77,-0.18000000000006366,0.10306955580254533,3,3,True
29065,1786259334,604.63,-0.13999999999998636,0.10836666154003496,3,3,True
29067,1786259338,604.46,-0.16999999999995907,0.10664583129843368,3,8,False
29069,1786259342,604.4,-0.18000000000006366,0.11923832344417988,3,8,False
29071,1786259346,604.2,-0.17999999999994998,0.10044346115546886,3,5,False
29072,1786259348,604.05,-0.15000000000009095,0.1020947272553088,3,1,False
29081,1786259366,603.91,-0.2900000000000773,0.12196994165233567,3,0,False
29082,1786259368,603.8,-0.11000000000001364,0.11815714583179643,3,0,False
29098,1786259400,603.74,-0.12000000000000455,0.14035273025092077,3,5,False
29100,1786259404,603.42,-0.2300000000000182,0.1165666237727449,3,8,False
29102,1786259408,603.08,-0.2999999999999545,0.1015436414115146,3,8,False
29103,1786259410,602.78,-0.3000000000000682,0.11337744239683008,3,4,False
29105,1786259414,602.73,-0.11000000000001364,0.12465062285356705,3,1,False
29107,1786259418,602.52,-0.19000000000005457,0.12001851708986283,3,6,False
29108,1786259420,602.36,-0.15999999999996817,0.1201665510864196,3,2,False
29112,1786259428,602.15,-0.21000000000003638,0.12365273955722998,3,6,False
29114,1786259432,602.13,-0.2300000000000182,0.14027354229031513,3,4,False
29138,1786259480,602.89,-0.11000000000001364,0.10855106325288237,3,8,False
29141,1786259486,602.98,-0.15999999999996817,0.12251530516631143,3,7,False
29143,1786259490,602.97,-0.10000000000002274,0.12418624006796712,3,7,False
29147,1786259498,602.84,-0.18999999999994088,0.12685950233755183,3,0,False
29148,1786259500,602.7,-0.13999999999998636,0.12965338406689342,3,9,False
29161,1786259526,602.32,-0.10999999999989996,0.09122012448528524,3,4,False
29164,1786259532,601.95,-0.1999999999999318,0.06412661087426248,3,5,False
29166,1786259536,602.08,-0.16999999999995907,0.13709688382872967,3,2,False
29177,1786259558,602.27,-0.13999999999998636,0.10731573354667696,3,6,False
29224,1786259652,601.54,-0.10000000000002274,0.13934768666103173,3,9,False
29228,1786259660,601.61,-0.11000000000001364,0.12440525176481299,3,8,False
29230,1786259664,601.64,-0.13999999999998636,0.10979273402390098,3,2,False
29237,1786259678,601.49,-0.16999999999995907,0.1026374417278554,3,7,False
29238,1786259680,601.17,-0.32000000000005,0.13785660827266033,3,4,False
29256,1786259716,601.39,-0.12999999999999545,0.09288583195393613,3,1,False
29258,1786259720,601.16,-0.35000000000002274,0.14439529078193167,3,8,False
29288,1786259780,599.93,-0.10000000000002274,0.13969808715780493,3,8,False
29299,1786259802,600.36,-0.2899999999999636,0.14405245958019738,3,8,False
29309,1786259822,600.43,-0.11000000000001364,0.08807194029127169,3,0,False
29312,1786259828,600.31,-0.10000000000002274,0.066374359172481,3,4,False
29313,1786259830,600.14,-0.16999999999995907,0.08003471469029107,3,0,False
29331,1786259866,600.05,-0.2900000000000773,0.11327939893123928,3,0,False
29332,1786259868,599.9,-0.14999999999997726,0.11445037740824382,3,0,False
29333,1786259870,599.7,-0.1999999999999318,0.11796421302901523,3,4,False
29334,1786259872,599.54,-0.16000000000008185,0.11843892002960153,3,2,False
29359,1786259922,599.78,-0.2300000000000182,0.10826408042887467,3,3,True
29362,1786259928,599.7,-0.13999999999998636,0.12696893758359123,3,8,False
29381,1786259966,599.29,-0.22000000000002728,0.13245124889307505,3,2,False
29397,1786259998,599.99,-0.16999999999995907,0.14523926619357316,3,5,False
29407,1786260018,599.88,-0.13999999999998636,0.1164712649349655,3,3,True
29414,1786260032,600.18,-0.20000000000004547,0.1396662688936369,3,0,False
29421,1786260046,600.37,-0.18999999999994088,0.13620246367488195,3,4,False
29434,1786260072,599.85,-0.12999999999999545,0.14153523314787997,3,7,False
29439,1786260082,600.11,-0.12000000000000455,0.1334208046412074,3,2,False
29440,1786260084,599.92,-0.19000000000005457,0.13342080464122377,3,9,False
29474,1786260152,599.9,-0.21000000000003638,0.13565069521059275,3,1,False
29512,1786260228,600.17,-0.10000000000002274,0.13784451788559454,3,7,False
29517,1786260238,600.16,-0.13999999999998636,0.11157458890302806,3,3,True
29518,1786260240,600.03,-0.12999999999999545,0.11925695879994956,3,8,False
29529,1786260262,600.65,-0.10000000000002274,0.10306955580255074,3,8,False
29530,1786260264,600.48,-0.16999999999995907,0.11015645439302817,3,0,False
29532,1786260268,600.27,-0.2300000000000182,0.13530213104998495,3,3,True
29549,1786260302,599.86,-0.18999999999994088,0.11545080722493885,3,9,False
29557,1786260318,599.79,-0.11000000000001364,0.0948449026334547,3,0,False
29559,1786260322,599.56,-0.14000000000010004,0.08192137151629074,3,1,False
29564,1786260332,599.79,-0.12999999999999545,0.10543560435958312,3,5,False
29566,1786260336,599.74,-0.11000000000001364,0.11276327219250253,3,3,True
29569,1786260342,599.66,-0.21000000000003638,0.12472191289248122,3,8,False
29574,1786260352,599.57,-0.17999999999994998,0.12336035739967752,3,6,False
29584,1786260372,598.75,-0.10000000000002274,0.1414841962120736,3,9,False
29585,1786260374,598.59,-0.15999999999996817,0.12111060142602233,3,1,False
29586,1786260376,598.31,-0.2800000000000864,0.13679262488241403,3,3,True
29607,1786260418,598.65,-0.14999999999997726,0.1294260835809833,3,7,False
29611,1786260426,598.28,-0.18000000000006366,0.11834506984051135,3,7,False
29612,1786260428,598.17,-0.11000000000001364,0.11276327219247637,3,3,True
29615,1786260434,598.23,-0.11000000000001364,0.13882042757143018,3,1,False
29621,1786260446,598.57,-0.1999999999999318,0.14410258691486535,3,4,False
29626,1786260456,598.77,-0.13999999999998636,0.14531192502872478,3,3,True
29665,1786260534,598.35,-0.12999999999999545,0.1291166569855187,3,4,False
29669,1786260542,598.49,-0.11000000000001364,0.14500957822771812,3,7,False
29672,1786260548,598.26,-0.12000000000000455,0.11493476410555546,3,6,False
29693,1786260590,598.85,-0.13999999999998636,0.13182479955522336,3,0,False
29694,1786260592,598.7,-0.14999999999997726,0.13960261060913087,3,5,False
29701,1786260606,598.2,-0.14999999999997726,0.1442567156149304,3,0,False
29708,1786260620,598.05,-0.16000000000008185,0.12615686884017752,3,3,True
29709,1786260622,597.93,-0.12000000000000455,0.1178511301977671,3,6,False
29712,1786260628,597.81,-0.11000000000001364,0.086210337096126,3,8,False
29746,1786260696,600.43,-0.11000000000001364,0.1421306128570132,3,1,False
29805,1786260814,600.95,-0.1999999999999318,0.10198039027183887,3,7,False
29808,1786260820,600.74,-0.20000000000004547,0.11113555286725894,3,3,True
29835,1786260874,600.39,-0.11000000000001364,0.137355985186885,3,0,False
29881,1786260966,600.58,-0.12000000000000455,0.09741092797468191,3,7,False
29883,1786260970,600.77,-0.10000000000002274,0.12467290536973905,3,8,False
29899,1786261002,601.34,-0.14999999999997726,0.12961481396816532,3,2,False
29903,1786261010,601.52,-0.11000000000001364,0.11402241495036139,3,7,False
29904,1786261012,601.37,-0.14999999999997726,0.12658330590300568,3,6,False
29921,1786261046,601.99,-0.17999999999994998,0.11976365614545606,3,5,False
29972,1786261148,601.38,-0.22000000000002728,0.12120231020903098,3,7,False
29975,1786261154,601.22,-0.2099999999999227,0.12429355932183789,3,0,False
29978,1786261160,601.25,-0.12999999999999545,0.13123346456685242,3,4,False
29980,1786261164,601.11,-0.12999999999999545,0.1235403667722289,3,2,False
29982,1786261168,601.1,-0.12000000000000455,0.12163698268022485,3,5,False
29989,1786261182,601.29,-0.10000000000002274,0.12411911841273951,3,8,False
30017,1786261238,602.27,-0.15999999999996817,0.13125462954798597,3,8,False
30078,1786261360,604.31,-0.10000000000002274,0.1248154192753678,3,8,False
30125,1786261454,605.21,-0.2699999999999818,0.14431447143878923,3,8,False
30126,1786261456,605.08,-0.12999999999999545,0.11374923687164873,3,3,True
30129,1786261462,605.08,-0.2099999999999227,0.1412484021541472,3,7,False
30130,1786261464,604.97,-0.11000000000001364,0.1279930553671378,3,5,False
30131,1786261466,604.85,-0.12000000000000455,0.1266184118610541,3,3,True
30134,1786261472,604.59,-0.25,0.14309670389865042,3,0,False
30140,1786261484,604.79,-0.11000000000001364,0.14489843186021498,3,9,False
30147,1786261498,604.99,-0.10000000000002274,0.14499425275966552,3,5,False
30150,1786261504,605.06,-0.10000000000002274,0.12009718287010755,3,2,False
30155,1786261514,604.68,-0.2300000000000182,0.12853447440711147,3,1,False
30156,1786261516,604.41,-0.2699999999999818,0.12461496254016338,3,3,True
30158,1786261520,604.52,-0.11000000000001364,0.13792510044706904,3,1,False
30159,1786261522,604.31,-0.21000000000003638,0.1424585709757277,3,4,False
30196,1786261596,601.39,-0.11000000000001364,0.11650464940648282,3,2,False
30198,1786261600,601.5,-0.12000000000000455,0.14158232783632096,3,8,False
30204,1786261612,601.79,-0.20000000000004547,0.13795732029227517,3,8,False
30210,1786261624,602.11,-0.18999999999994088,0.1371292982715381,3,1,False
30227,1786261658,602.17,-0.18000000000006366,0.12000462954033153,3,8,False
30230,1786261664,602.01,-0.11000000000001364,0.09689054534772884,3,4,False
30253,1786261710,601.95,-0.13999999999998636,0.08824838682818562,3,8,False
30267,1786261738,602.86,-0.17999999999994998,0.11974046006998051,3,3,True
30286,1786261776,601.88,-0.12999999999999545,0.12338287293355814,3,3,True
30300,1786261804,602.02,-0.22000000000002728,0.10332795684937082,3,4,False
30325,1786261854,601.58,-0.18999999999994088,0.13097921802923398,3,0,False
30326,1786261856,601.4,-0.18000000000006366,0.1346765672928138,3,3,True
30330,1786261864,601.28,-0.3000000000000682,0.1429257771634617,3,1,False
30339,1786261882,601.36,-0.21000000000003638,0.1441295713354444,3,9,False
30346,1786261896,601.4,-0.14999999999997726,0.1147170431975881,3,0,False
30348,1786261900,601.26,-0.13999999999998636,0.12050357302216577,3,6,False
30354,1786261912,601.63,-0.13999999999998636,0.11804424782445681,3,5,False
30375,1786261954,601.55,-0.15000000000009095,0.11274356350190774,3,8,False
30394,1786261992,602.88,-0.12999999999999545,0.14283245818479645,3,9,False
30421,1786262046,603.26,-0.10000000000002274,0.13243027515554154,3,6,False
30425,1786262054,603.2,-0.15999999999996817,0.12606876430476197,3,6,False
30431,1786262066,603.14,-0.12000000000000455,0.13206059215374044,3,0,False
30436,1786262076,602.83,-0.12999999999999545,0.1413466974813682,3,4,False
30455,1786262114,603.19,-0.14999999999997726,0.12952906151814064,3,0,False
30470,1786262144,602.9,-0.12999999999999545,0.11849050594877789,3,4,False
30489,1786262182,603.4,-0.3300000000000409,0.14353087163087036,3,0,False
30490,1786262184,603.3,-0.10000000000002274,0.12675873846714575,3,4,False
30498,1786262200,603.54,-0.10000000000002274,0.14082692293103494,3,1,False
30500,1786262204,603.43,-0.18000000000006366,0.10478019320888056,3,5,False
30511,1786262226,603.77,-0.22000000000002728,0.14335658726096934,3,6,False
30531,1786262266,604.39,-0.13999999999998636,0.11477514248883842,3,7,False
30533,1786262270,604.15,-0.22000000000002728,0.1359289029848596,3,0,False
30538,1786262280,603.9,-0.11000000000001364,0.11425604773685717,3,7,False
30540,1786262284,603.93,-0.2400000000000091,0.1415784038773021,3,1,False
30545,1786262294,603.79,-0.11000000000001364,0.13474667590210795,3,4,False
30549,1786262302,603.62,-0.20000000000004547,0.10885770528541763,3,5,False
30572,1786262348,603.65,-0.11000000000001364,0.09393259994982668,3,9,False
30583,1786262370,603.88,-0.12999999999999545,0.11059937713307214,3,7,False
30590,1786262384,604.22,-0.12000000000000455,0.1418175666912441,3,0,False
30596,1786262396,604.35,-0.12999999999999545,0.13784451788558852,3,7,False
30598,1786262400,604.56,-0.11000000000001364,0.1338157937863126,3,3,True
30599,1786262402,604.43,-0.12999999999999545,0.14098463273229853,3,5,False
30618,1786262440,604.37,-0.12999999999999545,0.1424390707947978,3,4,False
30626,1786262456,604.43,-0.21000000000003638,0.11758684733703484,3,9,False
30628,1786262460,604.38,-0.11000000000001364,0.11713714658941,3,3,True
30632,1786262468,604.6,-0.10000000000002274,0.13284912076822217,3,4,False
30633,1786262470,604.44,-0.15999999999996817,0.14063743772157372,3,5,False
30643,1786262490,604.84,-0.11000000000001364,0.13808210118140637,3,2,False
30645,1786262494,604.67,-0.15000000000009095,0.12445882853380763,3,5,False
30661,1786262526,605.67,-0.12000000000000455,0.13587576024526982,3,6,False
30668,1786262540,606.0,-0.12000000000000455,0.14198591479439096,3,4,False
30678,1786262560,605.56,-0.2600000000001046,0.1275582655538577,3,5,False
30679,1786262562,605.45,-0.10999999999989996,0.11090035567519929,3,5,False
30680,1786262564,605.35,-0.10000000000002274,0.10875558734048998,3,6,False
30681,1786262566,605.16,-0.19000000000005457,0.11508451001087293,3,6,False
30682,1786262568,604.86,-0.2999999999999545,0.12795832654942696,3,0,False
30701,1786262606,604.98,-0.10000000000002274,0.1370360860828011,3,4,False
30702,1786262608,604.84,-0.13999999999998636,0.14153523314788194,3,3,True
30715,1786262634,605.26,-0.20000000000004547,0.10914312723310532,3,2,False
30717,1786262638,605.1,-0.12000000000000455,0.10723287224023462,3,5,False
30718,1786262640,604.95,-0.14999999999997726,0.1178322725081961,3,0,False
30719,1786262642,604.8,-0.15000000000009095,0.12114729327009251,3,0,False
30722,1786262648,604.93,-0.11000000000001364,0.13141959941772585,3,9,False
30729,1786262662,604.69,-0.2399999999998954,0.14231811003678532,3,3,True
30731,1786262666,604.6,-0.12999999999999545,0.1178699848703259,3,5,False
30733,1786262670,604.32,-0.2299999999999045,0.13064370546555776,3,6,False
30734,1786262672,604.06,-0.2600000000001046,0.14483707321599548,3,6,False
30772,1786262748,604.39,-0.2400000000000091,0.12729667884294907,3,7,False
30787,1786262778,604.02,-0.2799999999999727,0.13546627296528627,3,7,False
30789,1786262782,603.94,-0.12999999999999545,0.13461467643279543,3,1,False
30821,1786262846,605.23,-0.10000000000002274,0.11608904628203877,3,3,True
30822,1786262848,605.13,-0.10000000000002274,0.12892719737212205,3,5,False
30829,1786262862,605.32,-0.15999999999996817,0.13896842167276544,3,0,False
30832,1786262868,605.4,-0.12000000000000455,0.13976567691833047,3,8,False
30837,1786262878,605.54,-0.18000000000006366,0.12302212989721509,3,6,False
30848,1786262900,605.71,-0.14999999999997726,0.12616127245181555,3,0,False
30850,1786262904,605.65,-0.14999999999997726,0.1328533025558386,3,3,True
30851,1786262906,605.53,-0.12000000000000455,0.09215928240458945,3,1,False
30864,1786262932,604.17,-0.15000000000009095,0.13141959941771147,3,8,False
30869,1786262942,603.66,-0.3100000000000591,0.11650464940653475,3,8,False
30871,1786262946,603.66,-0.12000000000000455,0.131807941086035,3,3,True
30872,1786262948,603.53,-0.12999999999999545,0.12287753614430197,3,4,False
30890,1786262984,602.63,-0.11000000000001364,0.1367235653914177,3,5,False
30896,1786262996,602.72,-0.18999999999994088,0.13507199726236543,3,7,False
30898,1786263000,602.75,-0.12000000000000455,0.14195460933378645,3,9,False
30900,1786263004,602.68,-0.11000000000001364,0.12903487900563484,3,3,True
30908,1786263020,602.9,-0.14999999999997726,0.11740244176901572,3,9,False
30929,1786263062,603.12,-0.2300000000000182,0.1319469590403698,3,3,True
30940,1786263084,603.6,-0.16999999999995907,0.1287590342030149,3,9,False
30952,1786263108,603.96,-0.11000000000001364,0.14112642086678356,3,4,False
30955,1786263114,603.77,-0.12999999999999545,0.12194716524425749,3,5,False
30985,1786263174,602.53,-0.13999999999998636,0.10181137242741305,3,5,False
30991,1786263186,602.5,-0.19000000000005457,0.10413666234542834,3,6,False
30992,1786263188,602.36,-0.13999999999998636,0.11076000080253745,3,4,False
30997,1786263198,602.42,-0.18000000000006366,0.1141587588502309,3,3,True
31005,1786263214,602.68,-0.2400000000000091,0.13323329580518706,3,9,False
31039,1786263282,602.91,-0.14999999999997726,0.11713714658944152,3,7,False
31041,1786263286,602.83,-0.13999999999998636,0.09345230512583502,3,9,False
31043,1786263290,602.83,-0.15999999999996817,0.11817595168033536,3,3,True
31045,1786263294,602.75,-0.17999999999994998,0.13410195126592162,3,3,True
31046,1786263296,602.63,-0.12000000000000455,0.13499382701933665,3,2,False
31051,1786263306,602.69,-0.13999999999998636,0.1278193169195145,3,5,False
31053,1786263310,602.48,-0.2699999999999818,0.13418478138577902,3,9,False
31102,1786263408,603.46,-0.2199999999999136,0.13353734392379005,3,5,False
31103,1786263410,603.35,-0.11000000000001364,0.13628401716023883,3,3,True
31122,1786263448,604.0,-0.10000000000002274,0.1361208613287817,3,9,False
31153,1786263510,603.71,-0.2199999999999136,0.12454807193296165,3,9,False
31158,1786263520,603.63,-0.13999999999998636,0.12358083274609288,3,7,False
31189,1786263582,604.36,-0.13999999999998636,0.11541711792930211,3,2,False
31201,1786263606,604.78,-0.12000000000000455,0.13253511065206902,3,2,False
31205,1786263614,605.11,-0.12999999999999545,0.12231107881135915,3,2,False
31230,1786263664,605.66,-0.12999999999999545,0.11073491871232513,3,8,False
31233,1786263670,605.29,-0.34000000000003183,0.10368756488177268,3,7,False
31234,1786263672,604.97,-0.31999999999993634,0.12640323483904461,3,8,False
31251,1786263706,604.67,-0.19000000000005457,0.10729502421929983,3,1,False
31255,1786263714,604.55,-0.19000000000005457,0.1252597301609722,3,5,False
31257,1786263718,604.55,-0.10000000000002274,0.12345039489608964,3,6,False
31259,1786263722,604.43,-0.2300000000000182,0.1346971912600193,3,9,False
31261,1786263726,604.26,-0.2300000000000182,0.14270793795567568,3,6,False
31284,1786263772,603.51,-0.11000000000001364,0.12065101187582705,3,8,False
31286,1786263776,603.17,-0.3100000000000591,0.11909380056633126,3,1,False
31288,1786263780,602.93,-0.18000000000006366,0.11537378866585161,3,2,False
31299,1786263802,603.54,-0.10000000000002274,0.14140564188022017,3,6,False
31307,1786263818,603.23,-0.12999999999999545,0.12422649565298491,3,4,False
31316,1786263836,603.52,-0.10000000000002274,0.08194849330863795,3,7,False
31319,1786263842,603.56,-0.10000000000002274,0.07944949478897152,3,5,False
31324,1786263852,603.73,-0.16999999999995907,0.1327654573549229,3,3,True
31325,1786263854,603.63,-0.10000000000002274,0.13731148693550838,3,9,False
31349,1786263902,603.3,-0.12999999999999545,0.12372011423639254,3,9,False
31350,1786263904,603.19,-0.10999999999989996,0.12543258481483632,3,7,False
31351,1786263906,603.07,-0.12000000000000455,0.10791457526929994,3,2,False
31356,1786263916,603.38,-0.11000000000001364,0.11808189248707217,3,6,False
31361,1786263926,603.54,-0.10000000000002274,0.11195733314278657,3,8,False
31371,1786263946,604.13,-0.12000000000000455,0.13568345514468874,3,1,False
31377,1786263958,603.83,-0.25,0.1281535537288488,3,8,False
31382,1786263968,604.11,-0.13999999999998636,0.13416407864998803,3,1,False
31402,1786264008,605.48,-0.2400000000000091,0.13358725820807588,3,9,False
31437,1786264078,607.27,-0.10000000000002274,0.12747112962899435,3,5,False
31464,1786264132,606.28,-0.11000000000001364,0.14392899483967855,3,9,False
31510,1786264224,607.77,-0.14999999999997726,0.14109098719149504,3,7,False
31511,1786264226,607.67,-0.10000000000002274,0.12708702180441817,3,5,False
31514,1786264232,607.52,-0.12000000000000455,0.10994948334981736,3,5,False
31516,1786264236,607.41,-0.13999999999998636,0.095312352003543,3,5,False
31517,1786264238,607.25,-0.15999999999996817,0.07888106377467557,3,7,False
31518,1786264240,606.97,-0.2799999999999727,0.09085397319018727,3,6,False
31524,1786264252,607.26,-0.12000000000000455,0.1369671493460968,3,3,True
31526,1786264256,607.12,-0.11000000000001364,0.13320410404086752,3,3,True
31528,1786264260,606.97,-0.15999999999996817,0.09988882709180302,3,8,False
31562,1786264328,607.95,-0.12999999999999545,0.13219934442601383,3,2,False
31563,1786264330,607.72,-0.2300000000000182,0.1445913782584227,3,5,False
31587,1786264378,607.79,-0.2300000000000182,0.13343329586142685,3,1,False
31601,1786264406,607.39,-0.14999999999997726,0.1446989211355017,3,5,False
31606,1786264416,606.97,-0.10000000000002274,0.13614126650081163,3,4,False
31619,1786264442,606.93,-0.11000000000001364,0.108653373420048,3,2,False
31620,1786264444,606.82,-0.10999999999989996,0.11276327219247582,3,7,False
31622,1786264448,606.59,-0.17999999999994998,0.12138094304020555,3,5,False
31623,1786264450,606.45,-0.13999999999998636,0.110332829807488,3,1,False
31650,1786264504,607.49,-0.30999999999994543,0.13674388062681433,3,7,False
31666,1786264536,607.24,-0.21000000000003638,0.13461467643280545,3,6,False
31668,1786264540,607.2,-0.15999999999996817,0.12688139693779885,3,4,False
31715,1786264634,608.65,-0.13999999999998636,0.0848266205595482,3,7,False
31717,1786264638,608.48,-0.18999999999994088,0.09310090105779072,3,6,False
31721,1786264646,608.69,-0.12999999999999545,0.11855144218624625,3,4,False
31735,1786264674,608.44,-0.2099999999999227,0.14400617270718416,3,3,True
31736,1786264676,608.33,-0.11000000000001364,0.14425671561488554,3,0,False
31738,1786264680,608.29,-0.11000000000001364,0.1318079410859871,3,3,True
31739,1786264682,608.13,-0.15999999999996817,0.13646733430871458,3,4,False
31750,1786264704,608.51,-0.13999999999998636,0.09534149149244141,3,2,False
31771,1786264746,607.9,-0.12000000000000455,0.10422198531128067,3,2,False
31772,1786264748,607.72,-0.17999999999994998,0.0978888258292152,3,2,False
31777,1786264758,607.82,-0.16999999999995907,0.10928555866778175,3,0,False
31779,1786264762,607.49,-0.30999999999994543,0.13680886910818138,3,6,False
31818,1786264840,608.67,-0.19000000000005457,0.1336870308676877,3,6,False
31830,1786264864,609.01,-0.19000000000005457,0.12780193008455124,3,6,False
31880,1786264964,609.01,-0.14999999999997726,0.11149987543590048,3,8,False
31883,1786264970,608.85,-0.15999999999996817,0.09475699915515372,3,8,False
31906,1786265016,607.96,-0.18999999999994088,0.1450057470125393,3,0,False
31909,1786265022,607.72,-0.11000000000001364,0.09743373816771041,3,4,False
31914,1786265032,607.67,-0.13999999999998636,0.10080233683358636,3,3,True
31916,1786265036,607.4,-0.3300000000000409,0.1340978084169481,3,7,False
31950,1786265104,605.9,-0.2300000000000182,0.11146000777558832,3,4,False
31953,1786265110,605.73,-0.11000000000001364,0.10723287224024251,3,3,True
31956,1786265116,605.7,-0.12000000000000455,0.10058164179745009,3,3,True
32003,1786265210,606.94,-0.16999999999995907,0.11948500603280036,3,9,False
32004,1786265212,606.79,-0.15000000000009095,0.11621818561078798,3,4,False
32005,1786265214,606.54,-0.25,0.13808210118137734,3,5,False
32008,1786265220,606.41,-0.11000000000001364,0.1227689790713499,3,2,False
32009,1786265222,606.12,-0.2899999999999636,0.12218383235472188,3,0,False
32015,1786265234,605.88,-0.12999999999999545,0.10895462868141043,3,7,False
32016,1786265236,605.67,-0.21000000000003638,0.1181148217249021,3,0,False
32018,1786265240,605.48,-0.22000000000002728,0.12120231020900307,3,2,False
32046,1786265296,605.52,-0.19000000000005457,0.13467656729284008,3,8,False
32056,1786265316,605.93,-0.12000000000000455,0.135519576281635,3,5,False
32088,1786265380,606.3,-0.14000000000010004,0.13391954466935688,3,6,False
32092,1786265388,606.44,-0.13999999999998636,0.14171959795471817,3,8,False
32099,1786265402,605.89,-0.12999999999999545,0.12074306973441348,3,6,False
32110,1786265424,605.81,-0.2400000000000091,0.13994046353123551,3,6,False
32142,1786265488,607.35,-0.13999999999998636,0.1388844443733399,3,2,False
32160,1786265524,607.35,-0.11000000000001364,0.13794121131039644,3,0,False
32169,1786265542,608.07,-0.12000000000000455,0.12123897429824813,3,8,False
32199,1786265602,609.16,-0.19000000000005457,0.11926161718398676,3,1,False
32214,1786265632,610.51,-0.10000000000002274,0.134064661016029,3,1,False
32217,1786265638,610.6,-0.11000000000001364,0.12340088240276836,3,4,False
32224,1786265652,610.48,-0.11000000000001364,0.07972870666620326,3,6,False
32226,1786265656,610.46,-0.1999999999999318,0.10721214690713562,3,4,False
32233,1786265670,609.96,-0.2899999999999636,0.12806682283521467,3,7,False
32236,1786265676,609.75,-0.35000000000002274,0.14448760039071798,3,3,True
32275,1786265754,611.21,-0.18999999999994088,0.1291854825004997,3,8,False
32285,1786265774,611.77,-0.21000000000003638,0.1308264329390464,3,8,False
32288,1786265780,611.61,-0.2300000000000182,0.12393546707864453,3,6,False
32304,1786265812,611.93,-0.18000000000006366,0.11916841490559027,3,0,False
32306,1786265816,611.89,-0.11000000000001364,0.12329278612763052,3,4,False
32327,1786265858,612.68,-0.12000000000000455,0.13186272323051754,3,2,False
32329,1786265862,612.55,-0.17000000000007276,0.1395588286947956,3,1,False
32340,1786265884,612.66,-0.19000000000005457,0.1326021618727815,3,6,False
32351,1786265906,613.19,-0.15999999999996817,0.1325854022465811,3,3,True
32359,1786265922,613.02,-0.18000000000006366,0.09915756260732539,3,9,False
32366,1786265936,613.23,-0.10000000000002274,0.10089047967422167,3,9,False
32367,1786265938,613.09,-0.13999999999998636,0.10739335795726794,3,3,True
32427,1786266058,614.62,-0.21000000000003638,0.11035800328426504,3,0,False
32431,1786266066,614.69,-0.2199999999999136,0.14420664185657106,3,5,False
32469,1786266142,613.81,-0.2800000000000864,0.14327905949191888,3,2,False
32476,1786266156,613.64,-0.11000000000001364,0.11564312920939035,3,1,False
32503,1786266210,614.33,-0.2400000000000091,0.12740573857650292,3,0,False
32549,1786266302,615.42,-0.16000000000008185,0.10274564062124361,3,2,False
32551,1786266306,615.08,-0.2400000000000091,0.14507086390987411,3,4,False
32572,1786266348,614.32,-0.12000000000000455,0.13638589044001417,3,9,False
32575,1786266354,614.53,-0.14999999999997726,0.1400991712244344,3,4,False
32578,1786266360,614.3,-0.2300000000000182,0.13276545735492284,3,2,False
32586,1786266376,614.23,-0.12999999999999545,0.1430190352520898,3,7,False
32612,1786266428,614.54,-0.22000000000002728,0.11843892002961046,3,7,False
32645,1786266494,615.36,-0.12999999999999545,0.13093255261138997,3,1,False
32649,1786266502,615.6,-0.12999999999999545,0.13793718377097702,3,9,False
32743,1786266690,616.77,-0.15999999999996817,0.13952697867357605,3,0,False
32744,1786266692,616.6,-0.16999999999995907,0.13952697867357605,3,9,False
32748,1786266700,616.63,-0.12000000000000455,0.11292081788187344,3,9,False
32750,1786266704,616.45,-0.13999999999998636,0.10850499220465058,3,2,False
32752,1786266708,616.3,-0.12000000000000455,0.09911273043020143,3,0,False
32767,1786266738,617.36,-0.10000000000002274,0.13333333333329592,3,5,False
32792,1786266788,618.05,-0.16000000000008185,0.13258540224661275,3,1,False
32804,1786266812,618.62,-0.15999999999996817,0.1174781303524801,3,7,False
32805,1786266814,618.47,-0.14999999999997726,0.12651306476232374,3,0,False
32829,1786266862,619.43,-0.11000000000001364,0.14245467115308785,3,3,True
32833,1786266870,619.32,-0.15999999999996817,0.12276445377677717,3,9,False
32836,1786266876,619.26,-0.21000000000003638,0.12203824537140764,3,8,False
32838,1786266880,619.19,-0.18999999999994088,0.1310852140148943,3,6,False
32839,1786266882,619.06,-0.13000000000010914,0.13250157231771273,3,7,False
32841,1786266886,618.63,-0.13999999999998636,0.1382469609872858,3,5,False
32845,1786266894,618.6,-0.13999999999998636,0.1393676193860404,3,8,False
32854,1786266912,618.8,-0.14000000000010004,0.11097547276562549,3,0,False
32870,1786266944,618.96,-0.15999999999996817,0.10287532908003451,3,5,False
32886,1786266976,618.36,-0.10000000000002274,0.09845472732851744,3,0,False
32890,1786266984,618.65,-0.13999999999998636,0.12231562087939081,3,9,False
32893,1786266990,618.53,-0.16000000000008185,0.12787146323990153,3,7,False
32894,1786266992,618.37,-0.15999999999996817,0.13565069521057316,3,2,False
32897,1786266998,618.14,-0.16999999999995907,0.12954621654923806,3,9,False
32900,1786267004,618.02,-0.25,0.1135341358358797,3,0,False
32960,1786267124,618.66,-0.21000000000003638,0.1445452639602456,3,2,False
32962,1786267128,618.56,-0.2600000000001046,0.12603350524543602,3,0,False
32965,1786267134,618.42,-0.20000000000004547,0.13150834363057068,3,4,False
32984,1786267172,618.31,-0.20000000000004547,0.13141959941774592,3,5,False
32987,1786267178,618.12,-0.12000000000000455,0.09982762921937155,3,8,False
32991,1786267186,618.29,-0.22000000000002728,0.13868028779255362,3,0,False
32996,1786267196,618.43,-0.12999999999999545,0.1379573202922654,3,4,False
32998,1786267200,618.23,-0.11000000000001364,0.14017845768876,3,4,False
33000,1786267204,618.1,-0.13999999999998636,0.11406138698086234,3,3,True
33005,1786267214,617.91,-0.17000000000007276,0.07633988327065339,3,7,False
33007,1786267218,617.77,-0.10000000000002274,0.07364328437361765,3,0,False
33012,1786267228,618.0,-0.19000000000005457,0.12129394965218222,3,2,False
33021,1786267246,617.15,-0.12000000000000455,0.12330630334432845,3,2,False
33025,1786267254,617.25,-0.14999999999997726,0.10846914563853019,3,3,True
33027,1786267258,617.09,-0.2400000000000091,0.13253511065206042,3,5,False
33028,1786267260,616.95,-0.13999999999998636,0.13472605951006614,3,1,False
33030,1786267264,616.79,-0.22000000000002728,0.14520483616065868,3,6,False
33045,1786267294,616.67,-0.2599999999999909,0.13064370546559934,3,5,False
33077,1786267358,616.05,-0.2599999999999909,0.13558105406812632,3,4,False
33107,1786267418,616.67,-0.18000000000006366,0.1421618795598941,3,2,False
33109,1786267422,616.48,-0.13999999999998636,0.1292542713672106,3,4,False
33111,1786267426,616.4,-0.13999999999998636,0.12456145292808161,3,7,False
33115,1786267434,616.27,-0.14999999999997726,0.11547005383793174,3,9,False
33170,1786267544,615.91,-0.19000000000005457,0.12813187650924476,3,6,False
33171,1786267546,615.76,-0.14999999999997726,0.12554326390177875,3,4,False
33177,1786267558,615.95,-0.1999999999999318,0.1387243469778854,3,2,False
33222,1786267648,616.67,-0.12000000000000455,0.11732670435818837,3,0,False
33223,1786267650,616.5,-0.16999999999995907,0.1260511360079061,3,0,False
33224,1786267652,616.3,-0.20000000000004547,0.12130768959777981,3,4,False
33226,1786267656,616.05,-0.19000000000005457,0.12185601704013596,3,0,False
33227,1786267658,615.9,-0.14999999999997726,0.09857315388413114,3,2,False
33230,1786267664,615.89,-0.13999999999998636,0.12615686884015026,3,3,True
33232,1786267668,615.73,-0.1999999999999318,0.1309961831504784,3,8,False
33249,1786267702,615.64,-0.13999999999998636,0.11345091939296144,3,7,False
33250,1786267704,615.37,-0.2699999999999818,0.14477568856681736,3,9,False
33289,1786267782,615.18,-0.10000000000002274,0.14531192502873866,3,0,False
33294,1786267792,615.32,-0.1999999999999318,0.12165981715879017,3,8,False
33296,1786267796,615.17,-0.11000000000001364,0.12311241475442658,3,4,False
33299,1786267802,615.03,-0.16000000000008185,0.12886254520052567,3,3,True
33302,1786267808,615.05,-0.17000000000007276,0.11718930554167238,3,2,False
33305,1786267814,614.84,-0.12999999999999545,0.10905656024899062,3,7,False
33306,1786267816,614.67,-0.17000000000007276,0.11460075625118521,3,3,True
33309,1786267822,614.5,-0.19000000000005457,0.11898179132403625,3,9,False
33310,1786267824,614.19,-0.30999999999994543,0.14182931839208313,3,6,False
33339,1786267882,613.85,-0.2300000000000182,0.13792510044709602,3,8,False
33362,1786267928,613.92,-0.17000000000007276,0.13582668695395472,3,4,False
33364,1786267932,613.82,-0.12000000000000455,0.13517067400552962,3,1,False
33367,1786267938,613.58,-0.14999999999997726,0.10079682534683962,3,9,False
33368,1786267940,613.39,-0.19000000000005457,0.109772492000519,3,9,False
33399,1786268002,613.87,-0.14999999999997726,0.11698053019391248,3,5,False
33400,1786268004,613.65,-0.22000000000002728,0.13636552187250855,3,7,False
33415,1786268034,614.03,-0.2799999999999727,0.14412957133543125,3,8,False
33443,1786268090,613.38,-0.12999999999999545,0.1281015222391736,3,7,False
33444,1786268092,613.27,-0.11000000000001364,0.12862088995698628,3,7,False
33481,1786268166,613.18,-0.35000000000002274,0.13872434697792013,3,6,False
33492,1786268188,612.96,-0.13999999999998636,0.11556623882241546,3,5,False
33499,1786268202,612.43,-0.18000000000006366,0.1205957434296103,3,4,False
33502,1786268208,612.1,-0.2899999999999636,0.13434615323443838,3,7,False
33505,1786268214,611.97,-0.10000000000002274,0.10788883167408748,3,0,False
33526,1786268256,611.31,-0.16000000000008185,0.1385480261698536,3,4,False
33539,1786268282,611.65,-0.2599999999999909,0.13793718377097974,3,3,True
33573,1786268350,611.44,-0.1999999999999318,0.13671137480106133,3,8,False
33593,1786268390,612.56,-0.11000000000001364,0.14220876672460697,3,0,False
33594,1786268392,612.4,-0.15999999999996817,0.13398175663540293,3,6,False
33600,1786268404,612.46,-0.16999999999995907,0.11702326454359172,3,7,False
33636,1786268476,612.21,-0.12999999999999545,0.09092732140439287,3,2,False
33642,1786268488,612.25,-0.15999999999996817,0.12511772234357,3,4,False
33664,1786268532,611.88,-0.12999999999999545,0.13910827118152164,3,9,False
33667,1786268538,611.84,-0.13999999999998636,0.11146000777558848,3,4,False
33679,1786268562,613.07,-0.10999999999989996,0.1453310397371968,3,8,False
33725,1786268654,614.72,-0.12999999999999545,0.11663809173869412,3,0,False
33726,1786268656,614.5,-0.22000000000002728,0.1353554990058146,3,9,False
33729,1786268662,614.46,-0.12999999999999545,0.13549907748764298,3,2,False
33749,1786268702,615.34,-0.13999999999998636,0.12994015716647042,3,1,False
33769,1786268742,615.94,-0.10999999999989996,0.11802071381281176,3,0,False
33819,1786268842,617.7,-0.14999999999997726,0.12699956255392328,3,5,False
33820,1786268844,617.55,-0.15000000000009095,0.13492796432006623,3,2,False
33826,1786268856,617.15,-0.2599999999999909,0.13778001790291736,3,7,False
33841,1786268886,616.93,-0.16000000000008185,0.13584713631301965,3,4,False
33870,1786268944,618.32,-0.16999999999995907,0.09016035098029052,3,1,False
33882,1786268968,618.35,-0.15999999999996817,0.12810152223921903,3,0,False
33884,1786268972,618.2,-0.1999999999999318,0.1209407568467615,3,6,False
33886,1786268976,618.24,-0.12000000000000455,0.1365812741353751,3,0,False
33888,1786268980,618.14,-0.15999999999996817,0.14468356276138555,3,4,False
33898,1786269000,618.28,-0.11000000000001364,0.11606511582344142,3,6,False
33904,1786269012,618.08,-0.17999999999994998,0.08270429251254001,3,5,False
33929,1786269062,618.76,-0.12000000000000455,0.11935474668209825,3,1,False
33930,1786269064,618.61,-0.14999999999997726,0.12375603240063415,3,6,False
33935,1786269074,618.47,-0.15999999999996817,0.10311266761275255,3,0,False
33938,1786269080,618.27,-0.18000000000006366,0.09326783415995075,3,7,False
33954,1786269112,618.1,-0.22000000000002728,0.11656662377274381,3,8,False
33955,1786269114,617.98,-0.12000000000000455,0.10985343771488448,3,3,True
33958,1786269120,617.83,-0.18999999999994088,0.09276613366715403,3,0,False
33975,1786269154,619.28,-0.10000000000002274,0.137537873571848,3,2,False
33991,1786269186,619.02,-0.13999999999998636,0.10913803695829799,3,2,False
33992,1786269188,618.92,-0.10000000000002274,0.0983418075444599,3,4,False
33995,1786269194,618.73,-0.2799999999999727,0.10616548926609394,3,4,False
34008,1786269220,618.89,-0.11000000000001364,0.10601886624557962,3,6,False
34009,1786269222,618.76,-0.12999999999999545,0.11093541664709708,3,5,False
34011,1786269226,618.5,-0.25,0.10985343771488472,3,9,False
34032,1786269268,619.54,-0.11000000000001364,0.09870832453919097,3,7,False
34039,1786269282,619.59,-0.2699999999999818,0.13381579378632283,3,1,False
34053,1786269310,619.87,-0.2300000000000182,0.14474498648004816,3,2,False
34071,1786269346,619.35,-0.12999999999999545,0.1445913782584067,3,0,False
34075,1786269354,619.18,-0.19000000000005457,0.14071247279470753,3,7,False
34104,1786269412,619.26,-0.15999999999996817,0.13070747662029308,3,1,False
34116,1786269436,618.8,-0.20000000000004547,0.13489090241955987,3,2,False
34118,1786269440,618.79,-0.12999999999999545,0.13057139383837021,3,3,True
34121,1786269446,618.57,-0.16999999999995907,0.1360106205003706,3,7,False
34122,1786269448,618.37,-0.20000000000004547,0.1408545348933006,3,4,False
34123,1786269450,618.24,-0.12999999999999545,0.11685223337381954,3,6,False
34125,1786269454,618.14,-0.22000000000002728,0.13150411907365492,3,2,False
34128,1786269460,618.15,-0.19000000000005457,0.1438517755654799,3,3,True
34135,1786269474,617.91,-0.12999999999999545,0.12789318459820226,3,2,False
34153,1786269510,618.35,-0.13999999999998636,0.13984515246037682,3,2,False
34166,1786269536,619.19,-0.14999999999997726,0.09614803401235586,3,1,False
34167,1786269538,619.01,-0.18000000000006366,0.1174544829095754,3,4,False
34170,1786269544,618.96,-0.2400000000000091,0.14061768499494467,3,2,False
34178,1786269560,619.14,-0.13999999999998636,0.12657891697365156,3,8,False
34179,1786269562,618.98,-0.15999999999996817,0.12488216668344534,3,3,True
34187,1786269578,618.98,-0.21000000000003638,0.1295290615181698,3,3,True
34188,1786269580,618.83,-0.14999999999997726,0.13050755618822232,3,6,False
34223,1786269650,619.86,-0.12000000000000455,0.11384687571958589,3,3,True
34224,1786269652,619.63,-0.2300000000000182,0.13169408997116533,3,6,False
34228,1786269660,619.45,-0.2099999999999227,0.14253654502148969,3,3,True
34230,1786269664,619.51,-0.12000000000000455,0.12727922061356206,3,9,False
34235,1786269674,619.21,-0.30999999999994543,0.14230249470754489,3,0,False
34240,1786269684,619.23,-0.11000000000001364,0.1247931622058179,3,9,False
34246,1786269696,619.93,-0.12000000000000455,0.1427546457699029,3,2,False
34251,1786269706,620.23,-0.12999999999999545,0.13343329586144698,3,4,False
34255,1786269714,619.81,-0.15000000000009095,0.13040109065667715,3,7,False
34256,1786269716,619.67,-0.13999999999998636,0.1321783307169415,3,0,False
34258,1786269720,619.61,-0.18999999999994088,0.14167254889750247,3,1,False
34261,1786269726,619.14,-0.39999999999997726,0.14169215456991993,3,6,False
34264,1786269732,618.65,-0.11000000000001364,0.14487159065107896,3,7,False
34294,1786269792,620.01,-0.16999999999995907,0.10646334789231653,3,9,False
34295,1786269794,619.89,-0.12000000000000455,0.12723119813070138,3,4,False
34304,1786269812,619.48,-0.2400000000000091,0.11518584017915284,3,7,False
34332,1786269868,619.12,-0.2300000000000182,0.1046103882668295,3,5,False
34333,1786269870,618.95,-0.16999999999995907,0.10347302385970197,3,4,False
34334,1786269872,618.84,-0.11000000000001364,0.10386422761365699,3,7,False
34355,1786269914,618.89,-0.11000000000001364,0.13059266612043494,3,1,False
34360,1786269924,618.79,-0.2400000000000091,0.13163923764930432,3,8,False
34361,1786269926,618.48,-0.30999999999994543,0.13375350462698354,3,6,False
34372,1786269948,618.15,-0.13999999999998636,0.1145474186138737,3,5,False
34373,1786269950,618.05,-0.10000000000002274,0.11491059326465732,3,7,False
34400,1786270004,617.77,-0.21000000000003638,0.1450708639098807,3,6,False
34405,1786270014,617.84,-0.17999999999994998,0.14263005760825367,3,1,False
34431,1786270066,617.91,-0.12000000000000455,0.12980326994683467,3,9,False
34432,1786270068,617.79,-0.12000000000000455,0.12980326994683467,3,7,False
34438,1786270080,617.94,-0.17999999999994998,0.10685400216077022,3,5,False
34439,1786270082,617.75,-0.19000000000005457,0.12117938952001334,3,3,True
34441,1786270086,617.57,-0.15999999999996817,0.12176480060619119,3,3,True
34442,1786270088,617.43,-0.14000000000010004,0.12348639151295168,3,1,False
34476,1786270156,616.91,-0.10000000000002274,0.12764969425908598,3,0,False
34477,1786270158,616.7,-0.2099999999999227,0.13952697867355074,3,4,False
34480,1786270164,616.53,-0.13999999999998636,0.12064640713900497,3,2,False
34481,1786270166,616.42,-0.11000000000001364,0.1175868473370316,3,7,False
34484,1786270172,616.38,-0.13999999999998636,0.11704225257952633,3,7,False
34522,1786270248,616.4,-0.12000000000000455,0.13994046353121792,3,7,False
34541,1786270286,615.36,-0.15999999999996817,0.13560154046978445,3,0,False
34547,1786270298,615.25,-0.11000000000001364,0.11862171433219851,3,2,False
34550,1786270304,615.17,-0.22000000000002728,0.1352569571018248,3,0,False
34552,1786270308,614.98,-0.22000000000002728,0.1077857958071513,3,6,False
34556,1786270316,615.09,-0.10000000000002274,0.13350405736657947,3,6,False
34569,1786270342,614.61,-0.13999999999998636,0.12384578223655375,3,7,False
34591,1786270386,615.19,-0.13999999999998636,0.11721300648345266,3,7,False
34594,1786270392,615.06,-0.2700000000000955,0.1281882296555698,3,1,False
34597,1786270398,614.85,-0.2300000000000182,0.13939950581774654,3,6,False
34598,1786270400,614.66,-0.19000000000005457,0.14009520572339157,3,8,False
34599,1786270402,614.48,-0.17999999999994998,0.13505554412910906,3,6,False
34607,1786270418,614.43,-0.12000000000000455,0.1413270438852041,3,3,True
34613,1786270430,614.33,-0.13999999999998636,0.09720539536922573,3,4,False
34616,1786270436,614.01,-0.21000000000003638,0.08262364471911494,3,5,False
34618,1786270440,613.8,-0.15000000000009095,0.08340663442839755,3,2,False
34622,1786270448,613.97,-0.14999999999997726,0.13089435944049804,3,1,False
34623,1786270450,613.81,-0.16000000000008185,0.13256444973423506,3,7,False
34624,1786270452,613.57,-0.2399999999998954,0.1452239649644738,3,0,False
34668,1786270540,612.07,-0.12999999999999545,0.0984829370443948,3,3,True
34670,1786270544,611.88,-0.14999999999997726,0.11318127053537455,3,0,False
34679,1786270562,612.41,-0.10000000000002274,0.11631375193368752,3,1,False
34680,1786270564,612.31,-0.10000000000002274,0.10812030336622352,3,3,True
34706,1786270616,612.52,-0.18000000000006366,0.13737216279552045,3,6,False
34711,1786270626,611.97,-0.16999999999995907,0.13848786549332315,3,7,False
34714,1786270632,611.78,-0.12000000000000455,0.12302212989723645,3,2,False
34717,1786270638,611.72,-0.10000000000002274,0.08656404180337667,3,6,False
34757,1786270718,612.11,-0.22000000000002728,0.10718623460544982,3,9,False
34758,1786270720,611.99,-0.12000000000000455,0.10650508595057379,3,6,False
34771,1786270746,611.39,-0.15999999999996817,0.14377837884125724,3,5,False
34772,1786270748,611.25,-0.13999999999998636,0.14134276698075154,3,6,False
34798,1786270800,612.01,-0.22000000000002728,0.11399805066558631,3,2,False
34811,1786270826,611.37,-0.11000000000001364,0.11431438132526463,3,7,False
34814,1786270832,611.44,-0.13999999999998636,0.13298287274850876,3,0,False
34836,1786270876,612.67,-0.15000000000009095,0.10934654391736581,3,0,False
34863,1786270930,614.34,-0.1999999999999318,0.11556623882238554,3,7,False
34864,1786270932,614.17,-0.17000000000007276,0.13275290329530978,3,4,False
34876,1786270956,614.67,-0.10000000000002274,0.14153523314787028,3,2,False
34908,1786271020,615.53,-0.16000000000008185,0.1295676571439846,3,3,True
34909,1786271022,615.33,-0.1999999999999318,0.13880842113423414,3,5,False
34933,1786271070,614.64,-0.13999999999998636,0.10708771067580669,3,6,False
34934,1786271072,614.46,-0.17999999999994998,0.10538817137928896,3,2,False
34966,1786271136,616.32,-0.18999999999994088,0.1344164341804051,3,5,False
34974,1786271152,616.23,-0.16999999999995907,0.0999777753080781,3,3,True
34976,1786271156,616.02,-0.3100000000000591,0.1265789169736617,3,5,False
35005,1786271214,616.48,-0.11000000000001364,0.13646733430874636,3,0,False
35007,1786271218,616.39,-0.21000000000003638,0.13792510044707776,3,7,False
35010,1786271224,616.23,-0.10000000000002274,0.10068653225621581,3,6,False
35011,1786271226,616.06,-0.17000000000007276,0.10926013810070068,3,7,False
35015,1786271234,616.03,-0.13999999999998636,0.10997474457549865,3,2,False
35019,1786271242,616.13,-0.19000000000005457,0.1273664878303042,3,7,False
35043,1786271290,617.0,-0.16999999999995907,0.14399459866415193,3,2,False
35060,1786271324,617.31,-0.18000000000006366,0.11925695880001143,3,0,False
35068,1786271340,617.49,-0.18999999999994088,0.13747322971725398,3,9,False
35069,1786271342,617.39,-0.10000000000002274,0.13816254517376542,3,8,False
35074,1786271352,617.56,-0.11000000000001364,0.10435516278554603,3,7,False
35079,1786271362,617.53,-0.2699999999999818,0.12465062285353855,3,4,False
35085,1786271374,617.23,-0.10000000000002274,0.14439144326753475,3,0,False
35090,1786271384,617.24,-0.10000000000002274,0.12745369529535472,3,8,False
35093,1786271390,617.23,-0.10000000000002274,0.07622335600065959,3,3,True
35105,1786271414,617.33,-0.13999999999998636,0.13599019572505996,3,6,False
35108,1786271420,617.3,-0.12999999999999545,0.11489608831947709,3,9,False
35112,1786271428,617.35,-0.14999999999997726,0.13348324905314093,3,2,False
35160,1786271524,616.29,-0.15000000000009095,0.118958442790401,3,5,False
35173,1786271550,617.18,-0.10000000000002274,0.13808210118138942,3,2,False
35175,1786271554,617.21,-0.11000000000001364,0.12908223046657924,3,8,False
35176,1786271556,617.08,-0.12999999999999545,0.13761459870879525,3,9,False
35179,1786271562,616.89,-0.20000000000004547,0.1402537383142338,3,2,False
35182,1786271568,616.62,-0.15999999999996817,0.1346765672928542,3,3,True
35183,1786271570,616.43,-0.19000000000005457,0.14009917122448665,3,6,False
35188,1786271580,615.78,-0.3100000000000591,0.12896597311781335,3,5,False
35202,1786271608,616.25,-0.16999999999995907,0.12123897429822157,3,9,False
35222,1786271648,615.51,-0.20000000000004547,0.10832051206184491,3,0,False
35223,1786271650,615.4,-0.11000000000001364,0.10689558768570886,3,0,False
35224,1786271652,615.2,-0.1999999999999318,0.0967758004645852,3,1,False
35236,1786271676,615.8,-0.10000000000002274,0.12345039489610478,3,9,False
35239,1786271682,615.65,-0.20000000000004547,0.1347466759021274,3,8,False
35241,1786271686,615.52,-0.15999999999996817,0.11183320914053996,3,1,False
35243,1786271690,615.37,-0.13999999999998636,0.08608135686663966,3,3,True
35299,1786271802,616.32,-0.18999999999994088,0.13104706533657684,3,2,False
35302,1786271808,616.06,-0.2400000000000091,0.12231107881134991,3,4,False
35316,1786271836,616.05,-0.18000000000006366,0.10965096138811431,3,3,True
35318,1786271840,615.8,-0.2300000000000182,0.11694728157025512,3,8,False
35320,1786271844,615.63,-0.25,0.13872434697792085,3,9,False
35323,1786271850,615.43,-0.20000000000004547,0.13697120540871763,3,6,False
35330,1786271864,615.25,-0.17999999999994998,0.11754904413808083,3,2,False
35332,1786271868,615.19,-0.12999999999999545,0.1220382453714066,3,0,False
35336,1786271876,615.06,-0.20000000000004547,0.11043348928452273,3,8,False
35338,1786271880,614.89,-0.2899999999999636,0.14252095362514494,3,2,False
35370,1786271944,613.78,-0.12000000000000455,0.13236733400318756,3,3,True
35385,1786271974,613.61,-0.10000000000002274,0.13055862880542377,3,0,False
35409,1786272022,614.78,-0.10000000000002274,0.1443914432675475,3,6,False
35421,1786272046,614.49,-0.11000000000001364,0.133420804641213,3,8,False
35423,1786272050,614.48,-0.1999999999999318,0.13540064007723956,3,7,False
35438,1786272080,614.96,-0.1999999999999318,0.1334541119636048,3,5,False
35439,1786272082,614.85,-0.11000000000001364,0.14134669748134865,3,1,False
35441,1786272086,614.8,-0.11000000000001364,0.1394791900049621,3,3,True
35447,1786272098,614.89,-0.12999999999999545,0.1446105882092175,3,4,False
35448,1786272100,614.74,-0.14999999999997726,0.13870832707518202,3,2,False
35452,1786272108,614.3,-0.12999999999999545,0.1128469957262477,3,6,False
35476,1786272156,615.01,-0.2999999999999545,0.12598059815346016,3,5,False
35479,1786272162,614.97,-0.12000000000000455,0.12918548250049047,3,2,False
35505,1786272214,615.53,-0.22000000000002728,0.12349089035229427,3,4,False
35514,1786272232,615.92,-0.12000000000000455,0.13581441586058549,3,0,False
35515,1786272234,615.8,-0.12000000000000455,0.11907513967610585,3,0,False
35581,1786272366,614.28,-0.18000000000006366,0.13243027515553554,3,0,False
35584,1786272372,614.0,-0.2400000000000091,0.11078006238587834,3,7,False
35602,1786272408,614.8,-0.15000000000009095,0.09573690801127915,3,3,True
35605,1786272414,614.64,-0.12000000000000455,0.10434983895001104,3,3,True
35619,1786272442,614.87,-0.18999999999994088,0.1376953158244417,3,2,False
35620,1786272444,614.72,-0.14999999999997726,0.13623916878454695,3,8,False
35635,1786272474,614.67,-0.15000000000009095,0.12276897907138459,3,0,False
35649,1786272502,614.38,-0.2599999999999909,0.14045956318061606,3,3,True
35662,1786272528,614.83,-0.12999999999999545,0.12536613046059691,3,9,False
35663,1786272530,614.69,-0.13999999999998636,0.12799739580683284,3,2,False
35682,1786272568,615.3,-0.12000000000000455,0.07378647873727318,3,3,True
35684,1786272572,614.89,-0.34000000000003183,0.13739238212749807,3,3,True
35713,1786272630,615.81,-0.17000000000007276,0.1345114617173312,3,1,False
35772,1786272748,618.37,-0.14999999999997726,0.12314851016376818,3,1,False
35794,1786272792,618.54,-0.12999999999999545,0.1091176734844821,3,3,True
35795,1786272794,618.43,-0.11000000000001364,0.11944315244779047,3,5,False
35796,1786272796,618.25,-0.17999999999994998,0.12894443247641071,3,0,False
35801,1786272806,617.61,-0.2699999999999818,0.14265732056613042,3,4,False
35803,1786272810,617.43,-0.11000000000001364,0.08579044235809852,3,4,False
35806,1786272816,617.17,-0.13999999999998636,0.08854377448470217,3,8,False
35811,1786272826,617.02,-0.34000000000003183,0.1333708280613815,3,3,True
35812,1786272828,616.83,-0.18999999999994088,0.13971796989331864,3,9,False
35838,1786272880,616.68,-0.12999999999999545,0.12169634341260388,3,3,True
35848,1786272900,617.1,-0.11000000000001364,0.09259229629583718,3,4,False
35858,1786272920,617.46,-0.18999999999994088,0.13343329586144007,3,8,False
35864,1786272932,617.48,-0.15999999999996817,0.10741404832598112,3,6,False
35867,1786272938,617.23,-0.22000000000002728,0.11830281296551391,3,0,False
35868,1786272940,617.1,-0.12999999999999545,0.1112754340464323,3,0,False
35869,1786272942,617.0,-0.10000000000002274,0.1123288822065696,3,7,False
35870,1786272944,616.87,-0.12999999999999545,0.11296016997154382,3,7,False
35904,1786273012,616.59,-0.1999999999999318,0.12844800071968515,3,4,False
35926,1786273056,618.15,-0.13999999999998636,0.14523544103741168,3,4,False
35964,1786273132,618.62,-0.13999999999998636,0.10972693379476688,3,1,False
35965,1786273134,618.41,-0.21000000000003638,0.11625642156696485,3,6,False
35968,1786273140,618.26,-0.14999999999997726,0.11113555286726783,3,0,False
35969,1786273142,618.1,-0.15999999999996817,0.10774970997642387,3,5,False
35996,1786273196,617.46,-0.17999999999994998,0.13838753958037095,3,3,True
35997,1786273198,617.33,-0.12999999999999545,0.1387083270751892,3,9,False
35998,1786273200,617.19,-0.13999999999998636,0.1389484316811979,3,4,False
35999,1786273202,617.04,-0.15000000000009095,0.13614126650081024,3,8,False
36007,1786273218,617.05,-0.12999999999999545,0.13113182510571061,3,7,False
36011,1786273226,617.47,-0.10000000000002274,0.13617390841616964,3,4,False
36048,1786273300,618.62,-0.10000000000002274,0.10446158251827643,3,4,False
36049,1786273302,618.44,-0.17999999999994998,0.12620970203944518,3,3,True
36069,1786273342,620.25,-0.10000000000002274,0.11916841490557332,3,6,False
36089,1786273382,620.54,-0.12999999999999545,0.13233375314795368,3,7,False
36112,1786273428,622.02,-0.11000000000001364,0.1279279311001311,3,6,False
36118,1786273440,622.11,-0.17999999999994998,0.11728881731292322,3,3,True
36121,1786273446,621.9,-0.10000000000002274,0.11045863982101804,3,1,False
36124,1786273452,621.64,-0.13999999999998636,0.11226951698677368,3,9,False
36128,1786273460,621.24,-0.4199999999999591,0.1344990706287496,3,9,False
36146,1786273496,621.6,-0.18999999999994088,0.14296852800531049,3,3,True
36151,1786273506,621.22,-0.12000000000000455,0.13507611023256322,3,6,False
36152,1786273508,621.06,-0.16000000000008185,0.1380660067584681,3,5,False
36153,1786273510,620.95,-0.10999999999989996,0.0764562329411736,3,2,False
36154,1786273512,620.62,-0.3300000000000409,0.0988601706115017,3,7,False
36155,1786273514,620.47,-0.14999999999997726,0.09577751997904477,3,1,False
36157,1786273518,620.3,-0.21000000000003638,0.11045863982103644,3,1,False
36164,1786273532,620.55,-0.12000000000000455,0.1307287267588869,3,8,False
36166,1786273536,620.42,-0.16000000000008185,0.13160969231449257,3,2,False
36191,1786273586,619.44,-0.2199999999999136,0.11914510294405092,3,9,False
36231,1786273666,618.86,-0.21000000000003638,0.13982528780987072,3,2,False
36232,1786273668,618.72,-0.13999999999998636,0.12922418074374425,3,4,False
36287,1786273778,620.66,-0.11000000000001364,0.09874771446019949,3,0,False
36310,1786273824,621.58,-0.16999999999995907,0.12617888536166538,3,5,False
36315,1786273834,621.04,-0.11000000000001364,0.1285647264567031,3,7,False
36328,1786273860,620.21,-0.15999999999996817,0.14164117417694153,3,5,False
36349,1786273902,620.77,-0.19000000000005457,0.12160500720684542,3,0,False
36406,1786274016,620.95,-0.15999999999996817,0.11985639555547929,3,4,False
36407,1786274018,620.84,-0.11000000000001364,0.12260596324085818,3,2,False
36437,1786274078,622.9,-0.12000000000000455,0.13175735273599884,3,5,False
36441,1786274086,623.06,-0.10000000000002274,0.11776152927748952,3,6,False
36452,1786274108,624.01,-0.10000000000002274,0.1365650028374973,3,1,False
36463,1786274130,624.11,-0.12000000000000455,0.14437605218471222,3,1,False
36467,1786274138,624.13,-0.10000000000002274,0.08093893445747269,3,0,False
36472,1786274148,624.32,-0.1999999999999318,0.13963842196503656,3,1,False
36497,1786274198,623.95,-0.12000000000000455,0.09697651491182147,3,0,False
36498,1786274200,623.7,-0.25,0.10809460876677918,3,9,False
36502,1786274208,623.62,-0.10000000000002274,0.09780365819107367,3,7,False
36507,1786274218,623.63,-0.11000000000001364,0.11370527203646845,3,1,False
36508,1786274220,623.51,-0.12000000000000455,0.09122012448527879,3,8,False
36509,1786274222,623.38,-0.12999999999999545,0.09757618106438413,3,6,False
36514,1786274232,623.41,-0.20000000000004547,0.1077239269821002,3,3,True
36515,1786274234,623.13,-0.2799999999999727,0.132982872748498,3,3,True
36516,1786274236,623.03,-0.10000000000002274,0.12973905434456365,3,5,False
36533,1786274270,623.39,-0.11000000000001364,0.14312387796747184,3,3,True
36537,1786274278,623.48,-0.12000000000000455,0.11471704319760963,3,5,False
36540,1786274284,623.65,-0.12999999999999545,0.13612086132878254,3,5,False
36602,1786274408,624.69,-0.13999999999998636,0.10834102536792845,3,7,False
36603,1786274410,624.47,-0.22000000000002728,0.09980536614386933,3,4,False
36604,1786274412,624.34,-0.12999999999999545,0.09487418569405531,3,2,False
36605,1786274414,624.22,-0.12000000000000455,0.09393259994982388,3,8,False
36608,1786274420,624.18,-0.11000000000001364,0.1021980647783656,3,3,True
36613,1786274430,624.36,-0.16999999999995907,0.13477965556995963,3,9,False
36616,1786274436,624.23,-0.12000000000000455,0.13014948670237922,3,9,False
36623,1786274450,623.86,-0.13999999999998636,0.10780641085864133,3,2,False
36652,1786274508,623.18,-0.11000000000001364,0.13312066372699538,3,0,False
36653,1786274510,623.0,-0.17999999999994998,0.13669105473456486,3,7,False
36657,1786274518,622.61,-0.11000000000001364,0.1446682027568266,3,2,False
36681,1786274566,622.81,-0.21000000000003638,0.13971796989331495,3,9,False
36685,1786274574,622.86,-0.10000000000002274,0.11073491871232452,3,2,False
36687,1786274578,622.79,-0.12999999999999545,0.1086073457716254,3,2,False
36714,1786274632,623.52,-0.21000000000003638,0.12787146323990264,3,5,False
36719,1786274642,623.69,-0.15999999999996817,0.14289078968840152,3,0,False
36724,1786274652,623.63,-0.13999999999998636,0.11873874215639786,3,8,False
36737,1786274678,621.93,-0.11000000000001364,0.1051982255870753,3,6,False
36739,1786274682,621.86,-0.1999999999999318,0.1282358937444798,3,1,False
36751,1786274706,621.92,-0.13999999999998636,0.11452316602135275,3,8,False
36755,1786274714,622.26,-0.12999999999999545,0.12129394965217799,3,8,False
36760,1786274724,622.32,-0.16999999999995907,0.1425326473323082,3,2,False
36761,1786274726,622.22,-0.10000000000002274,0.13784048752090824,3,9,False
36764,1786274732,622.13,-0.22000000000002728,0.12928865207571894,3,4,False
36795,1786274794,622.11,-0.2899999999999636,0.14483707321600423,3,1,False
36799,1786274802,622.01,-0.15999999999996817,0.1433100756324492,3,6,False
36806,1786274816,622.03,-0.16000000000008185,0.13717790557443074,3,2,False
36845,1786274894,621.66,-0.14999999999997726,0.11113555286725463,3,2,False
36850,1786274904,621.75,-0.11000000000001364,0.09503800409425851,3,1,False
36852,1786274908,621.56,-0.25,0.11692352676475684,3,8,False
36854,1786274912,621.45,-0.12999999999999545,0.12185601704014137,3,1,False
36855,1786274914,621.31,-0.14000000000010004,0.12085344660189375,3,4,False
36862,1786274928,621.67,-0.15000000000009095,0.1329536260004876,3,9,False
36866,1786274936,621.5,-0.14999999999997726,0.12011105971837521,3,1,False
36882,1786274968,621.13,-0.16999999999995907,0.08957306142660511,3,6,False
36885,1786274974,621.12,-0.2799999999999727,0.1409531048887367,3,9,False
36901,1786275006,621.06,-0.18000000000006366,0.11654279137821155,3,0,False
36904,1786275012,620.85,-0.16999999999995907,0.12653062870309822,3,1,False
36911,1786275026,620.83,-0.2400000000000091,0.13425100868645704,3,4,False
36913,1786275030,620.79,-0.15000000000009095,0.14484090889278514,3,9,False
36934,1786275072,621.04,-0.18000000000006366,0.1251843085658547,3,5,False
36938,1786275080,621.02,-0.10000000000002274,0.1264735369773266,3,5,False
36942,1786275088,620.99,-0.22000000000002728,0.12321616055626332,3,9,False
36943,1786275090,620.89,-0.10000000000002274,0.12534840334933325,3,1,False
36944,1786275092,620.61,-0.2799999999999727,0.1413466974813715,3,8,False
36945,1786275094,620.48,-0.12999999999999545,0.14337596265298055,3,0,False
36992,1786275188,621.24,-0.10000000000002274,0.14329844536646197,3,1,False
36995,1786275194,621.01,-0.16999999999995907,0.08512082915216812,3,3,True
36996,1786275196,620.63,-0.37999999999999545,0.12795832654942665,3,6,False
36999,1786275202,620.41,-0.11000000000001364,0.12059574342956339,3,1,False
37001,1786275206,620.22,-0.18999999999994088,0.11272385136546524,3,6,False
37034,1786275272,621.3,-0.10000000000002274,0.10013879257198996,3,3,True
37039,1786275282,621.67,-0.11000000000001364,0.13663007640259558,3,3,True
37049,1786275302,621.28,-0.25,0.13033716959400393,3,8,False
37054,1786275312,621.36,-0.14999999999997726,0.1151038178727816,3,8,False
37055,1786275314,621.18,-0.18000000000006366,0.12529520696695623,3,9,False
37103,1786275410,620.1,-0.22000000000002728,0.0962866091993656,3,8,False
37107,1786275418,620.06,-0.19000000000005457,0.11316163464512893,3,2,False
37133,1786275470,619.55,-0.25,0.13370365240586546,3,2,False
37135,1786275474,618.99,-0.2300000000000182,0.12011568497815846,3,5,False
37145,1786275494,619.34,-0.17999999999994998,0.11946640624969607,3,2,False
37165,1786275534,620.53,-0.10000000000002274,0.14057026712646364,3,2,False
37172,1786275548,620.31,-0.12000000000000455,0.10379466909880594,3,6,False
37173,1786275550,620.06,-0.25,0.12312595177295868,3,0,False
37184,1786275572,620.29,-0.16000000000008185,0.1339527279802045,3,0,False
37224,1786275652,619.78,-0.12000000000000455,0.1278019300845406,3,8,False
37225,1786275654,619.48,-0.2999999999999545,0.14132704388520514,3,0,False
37226,1786275656,619.3,-0.18000000000006366,0.14284412639111815,3,4,False
37228,1786275660,619.38,-0.15999999999996817,0.14213061285700793,3,5,False
37243,1786275690,620.19,-0.2399999999998954,0.10466878978734723,3,4,False
37247,1786275698,619.98,-0.14999999999997726,0.11177855091400414,3,7,False
37250,1786275704,619.83,-0.2400000000000091,0.12156388352537219,3,4,False
37290,1786275784,619.46,-0.16999999999995907,0.11951754868822596,3,3,True
37293,1786275790,619.29,-0.12000000000000455,0.12290918056299371,3,9,False
37317,1786275838,619.55,-0.2300000000000182,0.12233378746506317,3,1,False
37339,1786275882,618.62,-0.18999999999994088,0.0894489301842721,3,2,False
37340,1786275884,618.52,-0.10000000000002274,0.0899629553390338,3,2,False
37341,1786275886,618.42,-0.10000000000002274,0.08761658899241984,3,5,False
37346,1786275896,618.41,-0.14999999999997726,0.1205727074331982,3,1,False
37347,1786275898,618.31,-0.10000000000002274,0.10496560283146221,3,5,False
37355,1786275914,618.57,-0.12999999999999545,0.11666190466469768,3,2,False
37356,1786275916,618.32,-0.25,0.13403565031569595,3,6,False
37359,1786275922,618.39,-0.12999999999999545,0.1302348306372263,3,1,False
37367,1786275938,618.59,-0.25,0.13064370546556778,3,5,False
37394,1786275992,620.43,-0.25,0.1350267463216941,3,2,False
37399,1786276002,620.42,-0.12999999999999545,0.13958669150189146,3,9,False
37416,1786276036,619.31,-0.12000000000000455,0.12538385506556962,3,4,False
37419,1786276042,619.15,-0.12999999999999545,0.12559193180029143,3,3,True
37420,1786276044,619.03,-0.12000000000000455,0.12272824541326553,3,9,False
37421,1786276046,618.89,-0.13999999999998636,0.12514880032272865,3,1,False
37424,1786276052,618.58,-0.2599999999999909,0.0897217922246442,3,9,False
37427,1786276058,618.37,-0.12999999999999545,0.080560536244481,3,6,False
37465,1786276134,619.16,-0.14999999999997726,0.12393546707861511,3,7,False
37466,1786276136,618.97,-0.18999999999994088,0.1330037593453361,3,6,False
37467,1786276138,618.86,-0.11000000000001364,0.13359973386530372,3,5,False
37470,1786276144,618.84,-0.2300000000000182,0.13817862835232386,3,3,True
37484,1786276172,619.03,-0.12999999999999545,0.10416333328003091,3,4,False
37487,1786276178,618.8,-0.34000000000003183,0.14358891941158786,3,3,True
37502,1786276208,618.97,-0.11000000000001364,0.09674709297958414,3,7,False
37504,1786276212,618.75,-0.32000000000005,0.13808210118139877,3,9,False
37506,1786276216,618.62,-0.16999999999995907,0.14499425275967434,3,5,False
37507,1786276218,618.35,-0.2699999999999818,0.14533103973726916,3,5,False
37518,1786276240,617.85,-0.14999999999997726,0.12884098726725737,3,3,True
37519,1786276242,617.73,-0.12000000000000455,0.10064238117655125,3,2,False
37528,1786276260,617.25,-0.11000000000001364,0.14000000000003301,3,2,False
37529,1786276262,617.12,-0.12999999999999545,0.14051097228808304,3,9,False
37530,1786276264,616.99,-0.12999999999999545,0.13115300648905803,3,7,False
37531,1786276266,616.87,-0.12000000000000455,0.07291547618076548,3,6,False
37532,1786276268,616.46,-0.40999999999996817,0.13082643293904672,3,0,False
37533,1786276270,616.3,-0.16000000000008185,0.13062244149541138,3,7,False
37551,1786276306,615.9,-0.10000000000002274,0.10467409740078688,3,4,False
37563,1786276330,616.21,-0.12999999999999545,0.11645218379708547,3,0,False
37567,1786276338,616.38,-0.10000000000002274,0.13055437351710245,3,6,False
37584,1786276372,616.88,-0.22000000000002728,0.11039826890752859,3,4,False
37585,1786276374,616.74,-0.13999999999998636,0.12139924949429623,3,8,False
37600,1786276404,617.63,-0.15999999999996817,0.12409673645990825,3,3,True
37635,1786276474,618.08,-0.31999999999993634,0.13945927322658655,3,4,False
37636,1786276476,617.94,-0.13999999999998636,0.1405900265152345,3,8,False
37675,1786276554,617.38,-0.25,0.11266469426280619,3,0,False
37676,1786276556,617.2,-0.17999999999994998,0.12402508706797907,3,7,False
37677,1786276558,617.07,-0.12999999999999545,0.11589746426139075,3,1,False
37718,1786276640,619.64,-0.10000000000002274,0.12937456387474042,3,1,False
37719,1786276642,619.51,-0.12999999999999545,0.132870028390325,3,0,False
37722,1786276648,619.32,-0.2399999999998954,0.12647353697730876,3,8,False
37726,1786276656,619.35,-0.2400000000000091,0.13409780841689622,3,9,False
37728,1786276660,619.22,-0.16999999999995907,0.1420328600476793,3,8,False
37741,1786276686,619.51,-0.12000000000000455,0.14353087163083714,3,9,False
37746,1786276696,619.89,-0.11000000000001364,0.13584713631299852,3,2,False
37765,1786276734,619.76,-0.21000000000003638,0.11587349423687011,3,0,False
37769,1786276742,619.16,-0.2699999999999818,0.143608263457669,3,2,False
37771,1786276746,619.1,-0.12000000000000455,0.14529663145134594,3,2,False
37774,1786276752,619.04,-0.15000000000009095,0.14047933814068442,3,8,False
37782,1786276768,619.13,-0.2300000000000182,0.12196994165232702,3,9,False
37783,1786276770,618.99,-0.13999999999998636,0.12675435561222606,3,2,False
37787,1786276778,618.88,-0.12999999999999545,0.1216369826802561,3,9,False
37790,1786276784,618.94,-0.16999999999995907,0.14261058087596315,3,2,False
37811,1786276826,619.82,-0.12000000000000455,0.13118688958886507,3,1,False
37820,1786276844,619.57,-0.10999999999989996,0.14484090889281265,3,4,False
37823,1786276850,619.24,-0.25,0.11510864433221527,3,3,True
37825,1786276854,619.05,-0.18000000000006366,0.1146976702272371,3,4,False
37828,1786276860,618.84,-0.12000000000000455,0.09585289655391996,3,8,False
37830,1786276864,618.71,-0.16999999999995907,0.10101705026599551,3,4,False
37831,1786276866,618.44,-0.2699999999999818,0.1163328557774237,3,9,False
37843,1786276890,618.77,-0.12999999999999545,0.14173919711920638,3,9,False
37884,1786276972,617.05,-0.21000000000003638,0.1410122138130044,3,0,False
37890,1786276984,616.52,-0.19000000000005457,0.1357489512953218,3,8,False
37891,1786276986,616.38,-0.13999999999998636,0.1298931184559911,3,3,True
37897,1786276998,616.31,-0.10000000000002274,0.12730104302617382,3,7,False
37898,1786277000,616.17,-0.13999999999998636,0.09512564790259906,3,2,False
37923,1786277050,617.34,-0.1999999999999318,0.13739238212748808,3,3,True
37927,1786277058,617.43,-0.10000000000002274,0.11758684733703208,3,2,False
37930,1786277064,617.31,-0.10000000000002274,0.10488088481699022,3,4,False
37931,1786277066,617.14,-0.16999999999995907,0.11215564581813092,3,6,False
37933,1786277070,616.83,-0.2299999999999045,0.11512794814655906,3,2,False
37934,1786277072,616.62,-0.21000000000003638,0.08849984306324692,3,3,True
37937,1786277078,616.81,-0.11000000000001364,0.13677231688709196,3,3,True
37938,1786277080,616.63,-0.17999999999994998,0.14011503210654233,3,2,False
37990,1786277184,618.28,-0.2699999999999818,0.1253439711797447,3,1,False
38009,1786277222,619.02,-0.15999999999996817,0.12075687236021358,3,6,False
38028,1786277260,619.17,-0.12999999999999545,0.14242346872774356,3,0,False
38057,1786277318,617.93,-0.10000000000002274,0.08954204474870076,3,6,False
38059,1786277322,617.78,-0.18000000000006366,0.10000555540126158,3,4,False
38064,1786277332,617.88,-0.12000000000000455,0.112526540079337,3,9,False
38065,1786277334,617.69,-0.18999999999994088,0.12001851708985947,3,6,False
38084,1786277372,617.57,-0.2399999999998954,0.09930872178320976,3,0,False
38085,1786277374,617.3,-0.2700000000000955,0.12534397117974677,3,9,False
38127,1786277458,618.77,-0.14999999999997726,0.10530906893519129,3,6,False
38128,1786277460,618.56,-0.21000000000003638,0.13123769783614664,3,2,False
38153,1786277510,619.01,-0.12999999999999545,0.14317433041185665,3,0,False
38199,1786277602,618.72,-0.12000000000000455,0.11399805066559515,3,2,False
38238,1786277680,619.4,-0.14999999999997726,0.10629623177179785,3,7,False
38250,1786277704,619.67,-0.13999999999998636,0.0983418075444463,3,0,False
38251,1786277706,619.5,-0.16999999999995907,0.11432896007183566,3,4,False
38255,1786277714,619.43,-0.2600000000001046,0.1452048361606815,3,9,False
38289,1786277782,620.56,-0.19000000000005457,0.14071247279470195,3,1,False
38325,1786277854,619.95,-0.16999999999995907,0.12029593139882255,3,9,False
38329,1786277862,619.85,-0.25,0.12877197762798245,3,9,False
38347,1786277898,619.77,-0.15999999999996817,0.1422673539502622,3,0,False
38372,1786277948,619.41,-0.16000000000008185,0.09156054463213044,3,1,False
38374,1786277952,619.25,-0.15999999999996817,0.09218941852994218,3,7,False
38378,1786277960,618.89,-0.16999999999995907,0.0720262297901079,3,4,False
38394,1786277992,618.74,-0.12000000000000455,0.13042239071569967,3,8,False
38400,1786278004,618.66,-0.16000000000008185,0.12573782247200552,3,7,False
38402,1786278008,618.65,-0.12000000000000455,0.1327863781501145,3,5,False
38409,1786278022,619.09,-0.10000000000002274,0.12710887721426,3,3,True
38412,1786278028,619.2,-0.14999999999997726,0.11872002545671143,3,3,True
38430,1786278064,619.25,-0.20000000000004547,0.11403703102259578,3,4,False
38448,1786278100,619.61,-0.22000000000002728,0.13002563849744836,3,1,False
38481,1786278166,620.25,-0.21000000000003638,0.0931188010614307,3,7,False
38482,1786278168,620.07,-0.17999999999994998,0.10654159333854892,3,5,False
38494,1786278192,619.32,-0.16999999999995907,0.11770490407981683,3,5,False
38497,1786278198,619.18,-0.2900000000000773,0.13636552187249637,3,0,False
38498,1786278200,619.0,-0.17999999999994998,0.1405900265152457,3,2,False
38504,1786278212,618.62,-0.16999999999995907,0.13605554421306928,3,1,False
38507,1786278218,618.55,-0.11000000000001364,0.0768909762079988,3,6,False
38509,1786278222,618.55,-0.21000000000003638,0.11954078801815456,3,4,False
38510,1786278224,618.44,-0.10999999999989996,0.12149074038789885,3,4,False
38511,1786278226,618.34,-0.10000000000002274,0.12193349735727912,3,6,False
38514,1786278232,618.08,-0.2099999999999227,0.127906215642549,3,7,False
38518,1786278240,617.77,-0.12000000000000455,0.12670613420211704,3,9,False
38534,1786278272,618.17,-0.12000000000000455,0.132115269535512,3,5,False
38545,1786278294,617.38,-0.11000000000001364,0.1405584101598807,3,3,True
38548,1786278300,617.44,-0.11999999999989086,0.13824696098729675,3,9,False
38552,1786278308,617.53,-0.12000000000000455,0.13926792723219428,3,5,False
38557,1786278318,617.42,-0.11000000000001364,0.08834276679184644,3,9,False
38576,1786278356,618.01,-0.21000000000003638,0.11570556502510594,3,2,False
38582,1786278368,618.29,-0.17000000000007276,0.1335997338653525,3,1,False
38587,1786278378,618.21,-0.2099999999999227,0.13779614572901758,3,4,False
38609,1786278422,618.38,-0.13999999999998636,0.09675283515799635,3,1,False
38613,1786278430,618.46,-0.12999999999999545,0.12305825178885971,3,9,False
38628,1786278460,618.17,-0.10000000000002274,0.12258330500794523,3,0,False
38635,1786278474,618.35,-0.2400000000000091,0.14361986863475817,3,3,True
38639,1786278482,618.5,-0.10000000000002274,0.13572848714333816,3,8,False
38664,1786278532,618.97,-0.15999999999996817,0.1328323923011638,3,8,False
38679,1786278562,619.2,-0.2199999999999136,0.1421892322849284,3,5,False
38687,1786278578,619.38,-0.20000000000004547,0.14268847185388092,3,0,False
38722,1786278648,619.6,-0.16999999999995907,0.10031062866029801,3,4,False
38723,1786278650,619.34,-0.2599999999999909,0.11991200477387691,3,7,False
38737,1786278678,620.04,-0.12999999999999545,0.13597793938721142,3,1,False
38741,1786278686,619.8,-0.12999999999999545,0.12944325225962497,3,5,False
38765,1786278734,620.64,-0.16999999999995907,0.1149685947455901,3,1,False
38777,1786278758,619.85,-0.11000000000001364,0.13800161029658442,3,9,False
38779,1786278762,619.58,-0.30999999999994543,0.13524052647042223,3,9,False
38794,1786278792,620.39,-0.11000000000001364,0.13790495922110807,3,5,False
38798,1786278800,620.52,-0.13999999999998636,0.12265579661981595,3,1,False
38801,1786278806,620.59,-0.13999999999998636,0.12833982667554536,3,2,False
38802,1786278808,620.42,-0.17000000000007276,0.13761459870877682,3,2,False
38812,1786278828,620.44,-0.10999999999989996,0.11525816432876226,3,2,False
38816,1786278836,620.52,-0.2300000000000182,0.12393994961717493,3,1,False
38817,1786278838,620.31,-0.21000000000003638,0.14129952425805675,3,4,False
38850,1786278904,620.42,-0.17000000000007276,0.12720936373640232,3,8,False
38851,1786278906,620.28,-0.13999999999998636,0.13729125568981673,3,7,False
38869,1786278942,621.45,-0.2299999999999045,0.13023056476877365,3,8,False
38882,1786278968,620.99,-0.11000000000001364,0.133649624848783,3,2,False
38894,1786278992,620.91,-0.12000000000000455,0.12653062870307316,3,0,False
38895,1786278994,620.7,-0.2099999999999227,0.1428635712839064,3,1,False
38898,1786279000,620.4,-0.25,0.11599329482534311,3,0,False
38913,1786279030,621.27,-0.21000000000003638,0.11023207841239346,3,9,False
38919,1786279042,620.95,-0.33999999999991815,0.14270793795564,3,1,False
38940,1786279084,622.43,-0.14000000000010004,0.13500617269840803,3,7,False
38955,1786279114,621.91,-0.19000000000005457,0.1351706740055583,3,8,False
38958,1786279120,621.76,-0.13999999999998636,0.11324015777688852,3,6,False
38965,1786279134,621.25,-0.12999999999999545,0.11908913561790838,3,2,False
38969,1786279142,621.13,-0.10000000000002274,0.10667187487283883,3,5,False
39003,1786279210,621.79,-0.12999999999999545,0.136010620500325,3,5,False
39006,1786279216,621.79,-0.11000000000001364,0.12997435644516664,3,1,False
39011,1786279226,621.56,-0.2800000000000864,0.12972192481528816,3,5,False
39012,1786279228,621.45,-0.10999999999989996,0.13064370546559806,3,4,False
39013,1786279230,621.24,-0.21000000000003638,0.13850391089546527,3,8,False
39022,1786279248,621.1,-0.12000000000000455,0.1443183210052582,3,7,False
39023,1786279250,620.97,-0.12999999999999545,0.13548677672254253,3,0,False
39034,1786279272,621.47,-0.22000000000002728,0.12499333315554385,3,5,False
39055,1786279314,621.32,-0.13999999999998636,0.14353087163082948,3,0,False
39059,1786279322,621.47,-0.18999999999994088,0.12884098726724216,3,5,False
39109,1786279422,620.6,-0.10000000000002274,0.14049120178069174,3,8,False
39122,1786279448,621.08,-0.12000000000000455,0.12254704312133856,3,9,False
39124,1786279452,620.92,-0.17000000000007276,0.13591255358586596,3,2,False
39128,1786279460,620.86,-0.15999999999996817,0.12859929151353397,3,0,False
39171,1786279546,621.24,-0.12999999999999545,0.12181953866271479,3,1,False
39174,1786279552,621.14,-0.11000000000001364,0.1268244631151295,3,9,False
39176,1786279556,621.0,-0.19000000000005457,0.13368703086770284,3,8,False
39226,1786279656,622.19,-0.12999999999999545,0.13459816739713845,3,9,False
39227,1786279658,622.09,-0.10000000000002274,0.1377437233899762,3,8,False
39229,1786279662,621.78,-0.10000000000002274,0.13508844839175635,3,0,False
39230,1786279664,621.6,-0.17999999999994998,0.12971764207951508,3,6,False
39231,1786279666,621.46,-0.13999999999998636,0.1319132711713015,3,4,False
39251,1786279706,621.69,-0.2099999999999227,0.1356015404697925,3,1,False
39254,1786279712,621.58,-0.17999999999994998,0.12429802894655256,3,9,False
39256,1786279716,621.43,-0.16000000000008185,0.11692352676475767,3,5,False
39262,1786279728,621.44,-0.2599999999999909,0.14118939211017595,3,7,False
39274,1786279752,621.08,-0.2099999999999227,0.09206881484336815,3,7,False
39276,1786279756,621.17,-0.10000000000002274,0.11005554153342109,3,3,True
39279,1786279762,620.99,-0.12000000000000455,0.10435516278552728,3,5,False
39282,1786279768,620.87,-0.20000000000004547,0.13342080464119857,3,6,False
39286,1786279776,620.76,-0.10000000000002274,0.144871590651084,3,4,False
39292,1786279788,620.4,-0.12999999999999545,0.1349114936212293,3,6,False
39295,1786279794,620.24,-0.11000000000001364,0.07743097284393308,3,3,True
39296,1786279796,620.03,-0.21000000000003638,0.09019115502336002,3,6,False
39298,1786279800,619.8,-0.16000000000008185,0.07486283753938851,3,7,False
39299,1786279802,619.67,-0.12999999999999545,0.0714065045279022,3,5,False
39300,1786279804,619.45,-0.2199999999999136,0.0710320741324312,3,8,False
39364,1786279932,619.34,-0.14999999999997726,0.10954451150103531,3,2,False
39368,1786279940,619.46,-0.12999999999999545,0.1087351522430977,3,5,False
39379,1786279962,618.46,-0.18999999999994088,0.1346146764328057,3,1,False
39381,1786279966,618.29,-0.12000000000000455,0.1061916506447812,3,6,False
39383,1786279970,618.32,-0.13999999999998636,0.11694728157022799,3,8,False
39400,1786280004,618.72,-0.13999999999998636,0.10220350070104087,3,3,True
39403,1786280010,618.62,-0.15999999999996817,0.10850499220462283,3,5,False
39406,1786280016,618.19,-0.2799999999999727,0.1198563955554724,3,8,False
39426,1786280056,618.19,-0.10999999999989996,0.14066903631495617,3,8,False
39431,1786280066,618.03,-0.2799999999999727,0.10754327294421645,3,6,False
39443,1786280090,618.78,-0.13999999999998636,0.12818822965553622,3,5,False
39449,1786280102,618.98,-0.11000000000001364,0.11491059326467919,3,2,False
39460,1786280124,619.17,-0.12000000000000455,0.0957136934357564,3,7,False
39461,1786280126,618.97,-0.1999999999999318,0.11362707032706472,3,5,False
39462,1786280128,618.85,-0.12000000000000455,0.11548929724341306,3,0,False
39463,1786280130,618.7,-0.14999999999997726,0.1210188231456362,3,0,False
39476,1786280156,618.83,-0.15999999999996817,0.08982080926920756,3,0,False
39482,1786280168,618.94,-0.15999999999996817,0.09055385138135215,3,8,False
39487,1786280178,619.03,-0.14999999999997726,0.10263744172786025,3,5,False
39515,1786280234,619.83,-0.12999999999999545,0.14224001624798305,3,2,False
39520,1786280244,619.49,-0.17999999999994998,0.1340149245420235,3,8,False
39524,1786280252,619.4,-0.10000000000002274,0.10956479564369873,3,7,False
39525,1786280254,619.27,-0.12999999999999545,0.10956479564369873,3,3,True
39531,1786280266,619.38,-0.19000000000005457,0.12418624006799858,3,7,False
39532,1786280268,619.27,-0.11000000000001364,0.11998148005237985,3,5,False
39564,1786280332,618.91,-0.12999999999999545,0.1452048361606748,3,3,True
39565,1786280334,618.63,-0.2799999999999727,0.13688600285557267,3,1,False
39566,1786280336,618.51,-0.12000000000000455,0.13386975428045048,3,7,False
39573,1786280350,618.53,-0.18000000000006366,0.1340356503157211,3,9,False
39618,1786280440,619.51,-0.2400000000000091,0.13908031252962388,3,4,False
39629,1786280462,619.51,-0.11000000000001364,0.12815355372885778,3,0,False
39630,1786280464,619.4,-0.11000000000001364,0.12644278460149502,3,6,False
39633,1786280470,619.57,-0.12000000000000455,0.12101882314565184,3,4,False
39640,1786280484,619.92,-0.20000000000004547,0.14045956318062855,3,7,False
39646,1786280496,620.49,-0.12999999999999545,0.14371654200003528,3,1,False
39669,1786280542,619.48,-0.31999999999993634,0.14203286004770604,3,7,False
39670,1786280544,619.37,-0.11000000000001364,0.143701078631991,3,0,False
39677,1786280558,618.59,-0.36000000000001364,0.13646733430872648,3,0,False
39681,1786280566,618.26,-0.16999999999995907,0.12527303514057783,3,9,False
39688,1786280580,617.9,-0.13999999999998636,0.12220201853213092,3,6,False
39699,1786280602,618.31,-0.19000000000005457,0.11325978005355258,3,1,False
39701,1786280606,618.08,-0.2299999999999045,0.13971796989331203,3,4,False
39704,1786280612,618.05,-0.12000000000000455,0.12755826555384564,3,2,False
39705,1786280614,617.92,-0.12999999999999545,0.11187790964557173,3,6,False
39706,1786280616,617.76,-0.15999999999996817,0.11286668635556256,3,1,False
39709,1786280622,617.74,-0.11000000000001364,0.11353413583584851,3,3,True
39712,1786280628,617.54,-0.2900000000000773,0.12918548250051845,3,5,False
39723,1786280650,618.52,-0.11000000000001364,0.10924488292110382,3,9,False
39724,1786280652,618.29,-0.2300000000000182,0.14216187955989737,3,5,False
39730,1786280664,617.44,-0.2899999999999636,0.10254538290705396,3,1,False
39731,1786280666,617.31,-0.13000000000010914,0.0907989231458353,3,6,False
39732,1786280668,616.96,-0.34999999999990905,0.10924488292107727,3,7,False
39733,1786280670,616.77,-0.19000000000005457,0.10752260744190965,3,1,False
39736,1786280676,616.62,-0.2300000000000182,0.14337596265295946,3,3,True
39737,1786280678,616.43,-0.19000000000005457,0.14024185458618946,3,7,False
39740,1786280684,616.13,-0.21000000000003638,0.13527338573750614,3,9,False
39772,1786280748,616.51,-0.12999999999999545,0.13449907062876318,3,8,False
39776,1786280756,616.36,-0.13999999999998636,0.11575836902791527,3,2,False
39779,1786280762,615.95,-0.37000000000000455,0.1295676571439729,3,8,False
39783,1786280770,615.88,-0.11000000000001364,0.12613925285615335,3,5,False
39808,1786280820,616.94,-0.12999999999999545,0.13769531582445318,3,5,False
39812,1786280828,616.92,-0.12000000000000455,0.12443650768340273,3,9,False
39815,1786280834,616.79,-0.20000000000004547,0.131470317731584,3,2,False
39816,1786280836,616.62,-0.16999999999995907,0.12677188612270543,3,0,False
39817,1786280838,616.4,-0.22000000000002728,0.11489608831945035,3,8,False
39818,1786280840,616.28,-0.12000000000000455,0.11432896007185174,3,3,True
39842,1786280888,616.78,-0.14999999999997726,0.1248154192753747,3,6,False
39843,1786280890,616.66,-0.12000000000000455,0.12380989010934387,3,1,False
39866,1786280936,617.11,-0.10000000000002274,0.14096886969194136,3,2,False
39870,1786280944,616.96,-0.12999999999999545,0.12037441588643431,3,4,False
39872,1786280948,616.7,-0.2400000000000091,0.1363043979073705,3,2,False
39888,1786280980,616.79,-0.10000000000002274,0.11474125481081154,3,5,False
39890,1786280984,616.58,-0.16999999999995907,0.07460265112953426,3,9,False
39895,1786280994,616.53,-0.17000000000007276,0.10778579580714749,3,8,False
39898,1786281000,616.28,-0.3000000000000682,0.1309325526114106,3,9,False
39899,1786281002,616.09,-0.18999999999994088,0.1379371837709881,3,9,False
39903,1786281010,615.9,-0.12999999999999545,0.115282262295666,3,6,False
39908,1786281020,615.71,-0.12999999999999545,0.13856807392436649,3,8,False
39909,1786281022,615.58,-0.12999999999999545,0.13337082806137562,3,5,False
39910,1786281024,615.35,-0.2300000000000182,0.14307729068972144,3,2,False
39917,1786281038,614.87,-0.13999999999998636,0.13880842113422126,3,3,True
39936,1786281076,614.49,-0.12999999999999545,0.13434615323443883,3,1,False
39940,1786281084,614.46,-0.11000000000001364,0.14464131882389542,3,6,False
39948,1786281100,614.53,-0.14999999999997726,0.13283657461539625,3,1,False
39951,1786281106,614.46,-0.12000000000000455,0.12534397117974047,3,9,False
39961,1786281126,615.1,-0.13999999999998636,0.10679159351018788,3,7,False
39963,1786281130,614.85,-0.22000000000002728,0.12366621742955625,3,4,False
39976,1786281156,614.66,-0.17000000000007276,0.11392492654765117,3,1,False
40000,1786281204,616.16,-0.12999999999999545,0.11778039829371059,3,3,True
40028,1786281260,616.65,-0.11000000000001364,0.12400716825158606,3,0,False
40032,1786281268,616.35,-0.12000000000000455,0.11735984548956364,3,4,False
40033,1786281270,615.94,-0.40999999999996817,0.13431306712303837,3,6,False
40049,1786281302,615.97,-0.10000000000002274,0.1439753065247494,3,8,False
40053,1786281310,616.27,-0.10000000000002274,0.12849556844932816,3,7,False
40136,1786281476,617.94,-0.10999999999989996,0.14351151715298707,3,1,False
40137,1786281478,617.81,-0.13000000000010914,0.14461058820923942,3,2,False
40143,1786281490,617.13,-0.16999999999995907,0.08733078876699066,3,1,False
40144,1786281492,617.01,-0.12000000000000455,0.08315981935738563,3,7,False
40145,1786281494,616.87,-0.13999999999998636,0.07913420387050588,3,1,False
40174,1786281552,617.01,-0.15999999999996817,0.12844800071968063,3,1,False
40192,1786281588,616.73,-0.11000000000001364,0.10795575225266604,3,1,False
40193,1786281590,616.61,-0.12000000000000455,0.1154508072249115,3,6,False
40199,1786281602,616.62,-0.21000000000003638,0.12554326390179552,3,2,False
40201,1786281606,616.57,-0.14999999999997726,0.11870130580581646,3,3,True
40203,1786281610,616.39,-0.2400000000000091,0.13497324837827232,3,7,False
40205,1786281614,616.16,-0.21000000000003638,0.13418064109418482,3,7,False
40220,1786281644,615.93,-0.35000000000002274,0.11946640624972865,3,8,False
40230,1786281664,616.25,-0.17999999999994998,0.11621818561078973,3,1,False
40236,1786281676,616.05,-0.2300000000000182,0.09486832980503496,3,7,False
40237,1786281678,615.87,-0.17999999999994998,0.10319345371138763,3,7,False
40281,1786281766,616.62,-0.17999999999994998,0.11025727489224553,3,6,False
40293,1786281790,616.54,-0.12000000000000455,0.1263548794291169,3,2,False
40301,1786281806,616.94,-0.2099999999999227,0.1315885844423727,3,2,False
40306,1786281816,617.03,-0.22000000000002728,0.13725887949417226,3,9,False
40350,1786281904,617.54,-0.2300000000000182,0.1435115171529912,3,4,False
40352,1786281908,617.52,-0.12000000000000455,0.13175735273600309,3,4,False
40360,1786281924,617.81,-0.2800000000000864,0.13703608608281662,3,2,False
40398,1786282000,617.76,-0.2300000000000182,0.10895972752454457,3,7,False
40415,1786282034,617.74,-0.14999999999997726,0.1110755498648389,3,8,False
40416,1786282036,617.58,-0.15999999999996817,0.0961249187255855,3,2,False
40434,1786282072,617.77,-0.12000000000000455,0.0888506862350825,3,5,False
40437,1786282078,618.04,-0.10000000000002274,0.13108097582113876,3,7,False
40466,1786282136,619.08,-0.12000000000000455,0.14494826663330654,3,8,False
40504,1786282212,618.68,-0.2900000000000773,0.11432896007186469,3,6,False
40522,1786282248,618.27,-0.12000000000000455,0.13101738646283137,3,4,False
40596,1786282396,620.44,-0.25,0.14522396496444584,3,2,False
40644,1786282492,621.44,-0.17999999999994998,0.14447221955176875,3,7,False
40648,1786282500,621.29,-0.10000000000002274,0.13542115377178593,3,2,False
40659,1786282522,621.86,-0.22000000000002728,0.1408860847950847,3,9,False
40667,1786282538,622.12,-0.12000000000000455,0.11438725647749087,3,4,False
40694,1786282592,622.29,-0.17000000000007276,0.1362024636749187,3,2,False
40696,1786282596,622.18,-0.14000000000010004,0.13004700005086722,3,4,False
40697,1786282598,622.04,-0.13999999999998636,0.14022204613479977,3,8,False
40702,1786282608,622.0,-0.14999999999997726,0.1223337874651332,3,7,False
40703,1786282610,621.87,-0.12999999999999545,0.10343543343020428,3,8,False
40705,1786282614,621.83,-0.14999999999997726,0.11149987543591298,3,2,False
40706,1786282616,621.72,-0.11000000000001364,0.10915839663331241,3,0,False
40710,1786282624,621.55,-0.2599999999999909,0.1283614687772893,3,9,False
40730,1786282664,621.98,-0.11000000000001364,0.11027239001672227,3,5,False
40733,1786282670,621.9,-0.12000000000000455,0.08812238963824488,3,1,False
40736,1786282676,621.82,-0.16999999999995907,0.10276186062931157,3,3,True
40745,1786282694,621.9,-0.17000000000007276,0.12169634341258324,3,4,False
40746,1786282696,621.64,-0.2599999999999909,0.13725887949416693,3,6,False
40751,1786282706,621.8,-0.10000000000002274,0.13558105406811427,3,0,False
40768,1786282740,621.07,-0.18999999999994088,0.08478076301717644,3,4,False
40769,1786282742,620.84,-0.2300000000000182,0.09593979593704503,3,8,False
40800,1786282804,619.83,-0.25,0.1242577965360788,3,1,False
40810,1786282824,620.01,-0.10000000000002274,0.14045956318059719,3,1,False
40817,1786282838,620.47,-0.12999999999999545,0.13711309200803354,3,8,False
40825,1786282854,620.41,-0.12999999999999545,0.12538385506562047,3,9,False
40828,1786282860,620.68,-0.14000000000010004,0.14181364924125353,3,6,False
40843,1786282890,620.26,-0.2899999999999636,0.13013241119890867,3,5,False
40846,1786282896,620.25,-0.13999999999998636,0.13920408678547147,3,8,False
40850,1786282904,620.04,-0.12999999999999545,0.11888836967694702,3,1,False
40854,1786282912,619.98,-0.12000000000000455,0.09165757530674291,3,3,True
40859,1786282922,620.06,-0.21000000000003638,0.13312066372700693,3,6,False
40861,1786282926,619.88,-0.17999999999994998,0.1388884444437553,3,6,False
40866,1786282936,619.99,-0.2300000000000182,0.1397179698933167,3,6,False
40867,1786282938,619.86,-0.12999999999999545,0.14236494574780909,3,9,False
40898,1786283000,620.45,-0.10999999999989996,0.14063743772154136,3,4,False
40899,1786283002,620.34,-0.11000000000001364,0.10923979738780967,3,5,False
40927,1786283058,620.6,-0.12000000000000455,0.12434718421512096,3,4,False
40929,1786283062,620.62,-0.12000000000000455,0.10679679562403156,3,0,False
40933,1786283070,620.28,-0.2900000000000773,0.12372011423642658,3,3,True
40968,1786283140,621.0,-0.15999999999996817,0.08829244336609664,3,6,False
40971,1786283146,620.47,-0.13999999999998636,0.1364469778990289,3,3,True
40974,1786283152,620.47,-0.14999999999997726,0.13816656614391254,3,8,False
40978,1786283160,620.03,-0.2799999999999727,0.14189589297947533,3,0,False
40979,1786283162,619.9,-0.12999999999999545,0.11491059326468075,3,9,False
40980,1786283164,619.79,-0.11000000000001364,0.11496859474558262,3,2,False
40982,1786283168,619.74,-0.17999999999994998,0.11110055505410482,3,2,False
40985,1786283174,619.52,-0.11000000000001364,0.10864826019979235,3,4,False
40990,1786283184,619.72,-0.11000000000001364,0.13216572088772138,3,2,False
40993,1786283190,619.83,-0.11000000000001364,0.1330371710796722,3,0,False
41001,1786283206,619.1,-0.1999999999999318,0.13878840809744766,3,5,False
41020,1786283244,619.09,-0.13999999999998636,0.13253511065204962,3,2,False
41052,1786283308,618.74,-0.10000000000002274,0.10033277962194766,3,3,True
41053,1786283310,618.53,-0.21000000000003638,0.11558546621440703,3,1,False
41067,1786283338,619.46,-0.12000000000000455,0.11557104597031366,3,2,False
41068,1786283340,619.32,-0.13999999999998636,0.11673331429661425,3,3,True
41071,1786283346,619.36,-0.21000000000003638,0.1438517755654693,3,4,False
41080,1786283364,617.97,-0.11000000000001364,0.10984838035523294,3,1,False
41082,1786283368,617.48,-0.42999999999995,0.13467656729280147,3,4,False
41114,1786283432,617.69,-0.13999999999998636,0.1329828727485124,3,5,False
41121,1786283446,617.85,-0.10000000000002274,0.11393955512557792,3,7,False
41123,1786283450,617.62,-0.25,0.1221520000290906,3,9,False
41124,1786283452,617.49,-0.12999999999999545,0.12110601416388356,3,1,False
41125,1786283454,617.31,-0.18000000000006366,0.127121988656562,3,6,False
41137,1786283478,617.21,-0.15999999999996817,0.13021776632498633,3,3,True
41151,1786283506,617.01,-0.10000000000002274,0.1078115640056182,3,1,False
41153,1786283510,616.8,-0.21000000000003638,0.11580155439373813,3,3,True
41156,1786283516,616.45,-0.2299999999999045,0.11985639555548369,3,6,False
41157,1786283518,616.16,-0.2900000000000773,0.14220486005134605,3,9,False
41160,1786283524,615.99,-0.2300000000000182,0.1281318765092402,3,2,False
41180,1786283564,615.88,-0.14999999999997726,0.10297788327814877,3,4,False
41184,1786283572,615.68,-0.21000000000003638,0.11883228143527946,3,6,False
41185,1786283574,615.46,-0.2199999999999136,0.13736002976767087,3,1,False
41187,1786283578,615.48,-0.12999999999999545,0.13672762867993396,3,8,False
41195,1786283594,615.57,-0.12999999999999545,0.1244945335703005,3,3,True
41196,1786283596,615.43,-0.14000000000010004,0.12227473619318338,3,3,True
41213,1786283630,616.18,-0.12999999999999545,0.1329201932656473,3,0,False
41216,1786283636,615.97,-0.2099999999999227,0.13226236552144258,3,3,True
41217,1786283638,615.83,-0.13999999999998636,0.13888844444370826,3,6,False
41219,1786283642,615.72,-0.13999999999998636,0.13125462954794384,3,1,False
41220,1786283644,615.61,-0.11000000000001364,0.13157169570656976,3,2,False
41223,1786283650,615.55,-0.12999999999999545,0.10000555540120264,3,5,False
41226,1786283656,615.72,-0.12000000000000455,0.11974509964457687,3,3,True
41227,1786283658,615.53,-0.19000000000005457,0.12596295751795328,3,9,False
41260,1786283724,616.39,-0.11000000000001364,0.13856406460550968,3,1,False
41290,1786283784,617.17,-0.13999999999998636,0.11421714212653947,3,1,False
41301,1786283806,617.35,-0.18999999999994088,0.1270345534796725,3,4,False
41302,1786283808,617.24,-0.11000000000001364,0.12598059815349671,3,5,False
41322,1786283848,618.31,-0.13000000000010914,0.11920570456150038,3,9,False
41375,1786283954,619.27,-0.14999999999997726,0.12764534199625308,3,4,False
41381,1786283966,618.52,-0.12000000000000455,0.14085453489327188,3,0,False
41383,1786283970,618.49,-0.11000000000001364,0.1358144158606057,3,1,False
41385,1786283974,618.5,-0.11000000000001364,0.13182901383568568,3,8,False
41387,1786283978,618.46,-0.12000000000000455,0.1142171421265371,3,8,False
41395,1786283994,618.38,-0.2799999999999727,0.1293402060029476,3,5,False
41396,1786283996,618.25,-0.12999999999999545,0.12979042936807966,3,0,False
41416,1786284036,618.22,-0.15999999999996817,0.1429996114990795,3,1,False
41417,1786284038,618.11,-0.11000000000001364,0.13838753958036426,3,0,False
41418,1786284040,618.0,-0.11000000000001364,0.12737084962159803,3,6,False
41429,1786284062,618.84,-0.17999999999994998,0.1387884080974161,3,0,False
41458,1786284120,618.07,-0.15999999999996817,0.11908913561790488,3,8,False
41460,1786284124,617.78,-0.20000000000004547,0.1302518927139061,3,0,False
41462,1786284128,617.61,-0.18999999999994088,0.0944927980794604,3,2,False
41476,1786284156,617.95,-0.12000000000000455,0.13218253372597613,3,2,False
41478,1786284160,617.79,-0.12999999999999545,0.11462014560180074,3,6,False
41491,1786284186,618.6,-0.12000000000000455,0.11128042655082383,3,8,False
41497,1786284198,618.59,-0.11000000000001364,0.09106774035484662,3,2,False
41498,1786284200,618.42,-0.17000000000007276,0.10681760154584659,3,3,True
41501,1786284206,618.36,-0.21000000000003638,0.11692352676480428,3,0,False
41506,1786284216,618.23,-0.18999999999994088,0.12552556180582267,3,3,True
41507,1786284218,618.03,-0.20000000000004547,0.13351654079801745,3,1,False
41509,1786284222,617.78,-0.2300000000000182,0.12817089286487127,3,8,False
41510,1786284224,617.48,-0.2999999999999545,0.13892044086053348,3,3,True
41511,1786284226,617.33,-0.14999999999997726,0.1353226596775915,3,4,False
41513,1786284230,617.22,-0.22000000000002728,0.12440525176480682,3,2,False
41516,1786284236,617.07,-0.16999999999995907,0.133765964779285,3,5,False
41520,1786284244,617.17,-0.19000000000005457,0.13876038499673984,3,3,True
41525,1786284254,617.08,-0.15999999999996817,0.1233963802818638,3,4,False
41565,1786284334,619.35,-0.13999999999998636,0.11612254063892723,3,1,False
41567,1786284338,619.18,-0.12999999999999545,0.1255034306746625,3,0,False
41568,1786284340,619.0,-0.17999999999994998,0.14212670403550684,3,4,False
41579,1786284362,618.6,-0.34000000000003183,0.12185601704015547,3,9,False
41591,1786284386,619.18,-0.17000000000007276,0.1444722195517949,3,1,False
41611,1786284426,618.14,-0.11000000000001364,0.08192815280610904,3,3,True
41612,1786284428,617.93,-0.21000000000003638,0.0988601706114918,3,5,False
41613,1786284430,617.55,-0.37999999999999545,0.14267679091802513,3,8,False
41624,1786284452,617.65,-0.10000000000002274,0.1323337531479191,3,2,False
41625,1786284454,617.52,-0.12999999999999545,0.13199326582145965,3,1,False
41627,1786284458,617.37,-0.13999999999998636,0.10530906893519118,3,1,False
41634,1786284472,616.45,-0.10999999999989996,0.14165686240584574,3,7,False
41638,1786284480,616.41,-0.25,0.12927146286442548,3,6,False
41639,1786284482,616.26,-0.14999999999997726,0.1330830985178358,3,3,True
41641,1786284486,616.11,-0.12000000000000455,0.12296792716439234,3,9,False
41644,1786284492,616.02,-0.2300000000000182,0.14189589297947958,3,1,False
41645,1786284494,615.81,-0.21000000000003638,0.13809819372863302,3,6,False
41648,1786284500,615.84,-0.11000000000001364,0.12247902314729245,3,7,False
41670,1786284544,616.09,-0.14999999999997726,0.1304692386051958,3,2,False
41689,1786284582,615.89,-0.2599999999999909,0.11766713880923405,3,0,False
41708,1786284620,614.84,-0.11000000000001364,0.12130768959780391,3,0,False
41710,1786284624,614.56,-0.2400000000000091,0.12858201014657689,3,9,False
41711,1786284626,614.29,-0.2699999999999818,0.1318079410860119,3,7,False
41723,1786284650,614.62,-0.18999999999994088,0.1097269337947543,3,9,False
41724,1786284652,614.49,-0.12999999999999545,0.1044615825182608,3,5,False
41745,1786284694,615.69,-0.16999999999995907,0.1053512642965757,3,1,False
41749,1786284702,615.83,-0.11000000000001364,0.10580905233274536,3,1,False
41798,1786284800,613.32,-0.2099999999999227,0.12402508706799704,3,7,False
41811,1786284826,613.27,-0.25,0.10928555866779845,3,1,False
41812,1786284828,613.11,-0.15999999999996817,0.10624918300339227,3,4,False
41815,1786284834,612.82,-0.2399999999998954,0.11568155523771673,3,0,False
41817,1786284838,612.66,-0.13999999999998636,0.115969344608318,3,2,False
41819,1786284842,612.47,-0.25,0.12454361128177152,3,8,False
41821,1786284846,612.36,-0.12000000000000455,0.10867382389515487,3,8,False
41823,1786284850,612.18,-0.10000000000002274,0.10595596569642729,3,6,False
41826,1786284856,612.05,-0.10000000000002274,0.08872554436138397,3,4,False
41827,1786284858,611.94,-0.10999999999989996,0.08676917015213376,3,7,False
41834,1786284872,612.31,-0.12000000000000455,0.13108521401488396,3,8,False
41838,1786284880,612.61,-0.14999999999997726,0.14315492772981453,3,0,False
41899,1786285002,614.27,-0.14999999999997726,0.11804424782447183,3,4,False
41942,1786285088,616.2,-0.12000000000000455,0.1417705501466371,3,8,False
41944,1786285092,616.05,-0.12999999999999545,0.13259797216480249,3,2,False
41949,1786285102,616.31,-0.19000000000005457,0.1407282645542492,3,1,False
41960,1786285124,616.29,-0.35000000000002274,0.1420328600477202,3,8,False
41970,1786285144,616.01,-0.12999999999999545,0.14358891941153834,3,4,False
41981,1786285166,617.17,-0.11000000000001364,0.13840761058074547,3,7,False
41994,1786285192,617.02,-0.15999999999996817,0.12816655830078114,3,6,False
42012,1786285228,617.94,-0.25,0.12290918056298683,3,5,False
42034,1786285272,618.32,-0.2199999999999136,0.11506519890912155,3,5,False
42035,1786285274,618.15,-0.17000000000007276,0.11123548594460123,3,1,False
42036,1786285276,617.91,-0.2400000000000091,0.12677188612271068,3,2,False
42046,1786285296,617.63,-0.2899999999999636,0.10325803708293932,3,1,False
42059,1786285322,616.33,-0.15999999999996817,0.1449291014407898,3,4,False
42062,1786285328,615.93,-0.14000000000010004,0.11247221879198502,3,2,False
42068,1786285340,615.83,-0.15999999999996817,0.13688600285557745,3,8,False
42104,1786285412,615.67,-0.12999999999999545,0.12392201849011857,3,8,False
42129,1786285462,616.22,-0.22000000000002728,0.12782366325878702,3,3,True
42145,1786285494,616.16,-0.16000000000008185,0.12903057346572072,3,0,False
42181,1786285566,616.95,-0.13999999999998636,0.13408537910188034,3,5,False
42246,1786285696,616.83,-0.14999999999997726,0.14298407059682278,3,7,False
42288,1786285780,618.35,-0.18999999999994088,0.12310790208412423,3,4,False
42289,1786285782,618.14,-0.21000000000003638,0.11384687571958974,3,5,False
42297,1786285798,618.18,-0.18000000000006366,0.13368287516026248,3,6,False
42299,1786285802,618.0,-0.15999999999996817,0.11432896007186466,3,2,False
42301,1786285806,617.77,-0.25,0.1371333495381718,3,7,False
42305,1786285814,617.59,-0.12999999999999545,0.14009520572333536,3,8,False
42334,1786285872,618.26,-0.2300000000000182,0.13401492454204122,3,8,False
42346,1786285896,617.21,-0.15999999999996817,0.12238827104298529,3,9,False
42347,1786285898,617.09,-0.12000000000000455,0.12218383235474026,3,0,False
42386,1786285976,619.22,-0.25,0.1406492880259934,3,6,False
42391,1786285988,618.8,-0.12999999999999545,0.13433374689764904,3,8,False
42399,1786286004,618.66,-0.18000000000006366,0.11431438132529105,3,5,False
42411,1786286028,619.26,-0.15999999999996817,0.13209844813623467,3,6,False
42431,1786286068,619.12,-0.12000000000000455,0.10002221975365244,3,9,False
42453,1786286098,619.54,-0.15000000000009095,0.05296749527357569,3,4,False
42457,1786286102,619.52,-0.12999999999999545,0.07612854625931552,3,2,False
42463,1786286108,619.48,-0.16999999999995907,0.09453982112197552,3,8,False
42491,1786286136,620.53,-0.10000000000002274,0.06573515886580251,3,0,False
42492,1786286138,620.4,-0.12999999999999545,0.0809938269252719,3,8,False
42494,1786286142,620.24,-0.2400000000000091,0.11242775458045746,3,8,False
42496,1786286146,620.15,-0.12999999999999545,0.10293471501662987,3,5,False
42500,1786286150,620.05,-0.19000000000005457,0.11545080722494748,3,5,False
42502,1786286152,619.91,-0.13999999999998636,0.11656662377276135,3,1,False
42506,1786286156,619.74,-0.17999999999994998,0.09397990328906776,3,4,False
42508,1786286158,619.63,-0.11000000000001364,0.08372574275573531,3,3,True
42510,1786286160,619.36,-0.2699999999999818,0.09971626413645172,3,6,False
42516,1786286166,619.26,-0.2300000000000182,0.11988883740087292,3,6,False
42518,1786286168,619.16,-0.10000000000002274,0.11935474668212927,3,6,False
42534,1786286184,619.49,-0.20000000000004547,0.13291601358252822,3,9,False
42556,1786286206,619.51,-0.18000000000006366,0.10306955580254902,3,1,False
42564,1786286214,619.63,-0.2699999999999818,0.13409780841692162,3,3,True
42582,1786286232,618.34,-0.1999999999999318,0.12247902314727246,3,4,False
42594,1786286244,618.47,-0.2799999999999727,0.09823441352193676,3,7,False
42600,1786286250,618.52,-0.21000000000003638,0.13625547899279383,3,2,False
42602,1786286252,618.41,-0.11000000000001364,0.13729125568982786,3,1,False
42604,1786286254,618.24,-0.16999999999995907,0.11851394667108439,3,4,False
42610,1786286260,618.42,-0.17000000000007276,0.12211106056010353,3,2,False
42616,1786286266,618.19,-0.11999999999989086,0.14491760110871157,3,9,False
42624,1786286274,618.21,-0.16999999999995907,0.07902179727416114,3,1,False
42626,1786286276,618.05,-0.16000000000008185,0.08591985930052326,3,5,False
42650,1786286300,618.17,-0.2700000000000955,0.11005554153349713,3,7,False
42664,1786286314,618.92,-0.12000000000000455,0.11692827811193061,3,2,False
42678,1786286328,617.91,-0.18000000000006366,0.08113089560842378,3,1,False
42692,1786286342,618.18,-0.14000000000010004,0.09882082551547378,3,8,False
42694,1786286344,618.0,-0.17999999999994998,0.11360751148875635,3,0,False
42698,1786286348,617.93,-0.19000000000005457,0.10102254973796253,3,3,True
42704,1786286354,617.81,-0.19000000000005457,0.0997162641364889,3,1,False
42708,1786286358,617.92,-0.13999999999998636,0.11770490407984911,3,2,False
42730,1786286380,617.65,-0.36000000000001364,0.11877148928370336,3,5,False
42732,1786286382,617.37,-0.2799999999999727,0.14080719678577258,3,7,False
42742,1786286392,617.83,-0.12999999999999545,0.11730302638892139,3,3,True
42750,1786286400,618.01,-0.10000000000002274,0.08449194570423382,3,1,False
42752,1786286402,617.88,-0.12999999999999545,0.08449194570423382,3,8,False
42780,1786286430,617.45,-0.17999999999994998,0.07086763875156223,3,5,False
42782,1786286432,617.3,-0.15000000000009095,0.07930952023560399,3,0,False
42786,1786286436,617.26,-0.12000000000000455,0.08205689083394971,3,6,False
42788,1786286438,617.14,-0.12000000000000455,0.08569325138734532,3,4,False
42803,1786286454,617.39,-0.12000000000000455,0.08143845665422843,3,4,False
42806,1786286460,617.24,-0.14999999999997726,0.08249579113842498,3,4,False
42807,1786286462,617.14,-0.10000000000002274,0.08644201653259688,3,2,False
42808,1786286464,617.02,-0.12000000000000455,0.09109823757290188,3,5,False
42865,1786286578,619.14,-0.16999999999995907,0.10038260141413174,3,3,True
42868,1786286584,618.96,-0.2599999999999909,0.13047349667015132,3,8,False
42871,1786286590,618.38,-0.12000000000000455,0.14015864027752348,3,5,False
42908,1786286664,618.27,-0.10000000000002274,0.1259673679084613,3,1,False
42914,1786286676,618.31,-0.20000000000004547,0.11458136361946672,3,5,False
42918,1786286684,618.31,-0.2600000000001046,0.1379371837710047,3,0,False
42919,1786286686,618.2,-0.10999999999989996,0.14169215456994802,3,8,False
42951,1786286750,619.05,-0.14000000000010004,0.0798957654280511,3,9,False
42955,1786286758,619.36,-0.15999999999996817,0.13295362600044572,3,5,False
42990,1786286828,620.1,-0.13999999999998636,0.09919677414110424,3,0,False
42992,1786286832,620.19,-0.10999999999989996,0.11823235127867766,3,7,False
42994,1786286836,620.04,-0.12999999999999545,0.09603240193921957,3,7,False
43003,1786286854,620.39,-0.13999999999998636,0.14351151715298843,3,0,False
43031,1786286910,621.95,-0.15999999999996817,0.11419281938895885,3,2,False
43032,1786286912,621.82,-0.12999999999999545,0.1299615327702749,3,8,False
43063,1786286974,622.93,-0.15000000000009095,0.1386001443000577,3,0,False
43081,1786287010,622.84,-0.16999999999995907,0.13892044086054278,3,7,False
43110,1786287068,623.79,-0.10000000000002274,0.1325015723177294,3,5,False
43133,1786287114,623.47,-0.15999999999996817,0.1429413244034799,3,6,False
43148,1786287144,623.86,-0.1999999999999318,0.14351151715299018,3,5,False
43160,1786287168,624.13,-0.10000000000002274,0.11963370019449741,3,4,False
43162,1786287172,623.91,-0.2300000000000182,0.10731055658955063,3,1,False
43163,1786287174,623.81,-0.10000000000002274,0.09821178929007345,3,9,False
43164,1786287176,623.59,-0.2199999999999136,0.10254538290704888,3,7,False
43168,1786287184,623.5,-0.22000000000002728,0.12178761111960312,3,4,False
43170,1786287188,623.29,-0.25,0.1399364935326685,3,3,True
43199,1786287246,622.34,-0.17999999999994998,0.1278062770150332,3,8,False
43202,1786287252,622.02,-0.11000000000001364,0.1367235653913776,3,9,False
43226,1786287300,621.86,-0.10000000000002274,0.12910374811670297,3,8,False
43228,1786287304,621.85,-0.12999999999999545,0.130911335558777,3,8,False
43232,1786287312,621.74,-0.18999999999994088,0.12703455347966233,3,0,False
43240,1786287328,621.32,-0.17999999999994998,0.13888844444369747,3,2,False
43289,1786287426,621.28,-0.12000000000000455,0.07480344614758934,3,7,False
43290,1786287428,621.17,-0.11000000000001364,0.07978443178687997,3,5,False
43294,1786287436,621.17,-0.13999999999998636,0.10648421896642278,3,2,False
43297,1786287442,621.03,-0.21000000000003638,0.13123769783618514,3,7,False
43299,1786287446,621.01,-0.15999999999996817,0.13976567691837205,3,1,False
43304,1786287456,621.11,-0.12000000000000455,0.13977760113044807,3,5,False
43308,1786287464,621.53,-0.10000000000002274,0.14041209191360715,3,5,False
43315,1786287478,621.77,-0.17000000000007276,0.12372011423640991,3,1,False
43323,1786287494,621.72,-0.1999999999999318,0.11421227799342096,3,6,False
43325,1786287498,621.46,-0.1999999999999318,0.11009591777676632,3,5,False
43356,1786287560,622.34,-0.10000000000002274,0.12668420931153618,3,7,False
43358,1786287564,622.0,-0.2699999999999818,0.12834415538784147,3,6,False
43360,1786287568,621.86,-0.10000000000002274,0.11558546621439159,3,5,False
43363,1786287574,621.81,-0.2700000000000955,0.13641847382230263,3,4,False
43382,1786287612,623.36,-0.10000000000002274,0.13736002976767883,3,4,False
43396,1786287640,624.35,-0.15999999999996817,0.12991022541224317,3,3,True
43397,1786287642,624.23,-0.12000000000000455,0.13727506854646945,3,8,False
